row_id,점검일자,연월,지사,사업장,점검자,직급,점검유형,Area/공정,위험분류,위험요소원본,심각도원본,심각도점수,지적내용_평문,조치유형,조치활동분류,조치내용_평문,완료여부,지적내용,조치내용,적용맥락가중치,맥락가중치합,LLM심각도,판정방식,근거,위험분류_재검토
0,2026-07-13,2026-07,삼천포지사,삼천포발전,INSPECTOR_06,사원,지사 주관,삼천포지사_ 삼천포발전,관리적미흡,관리적 미흡,개선필요 [하],1.0,사무실 옆 휴게실 내 온열질환 대응용 식염포도당 미비치,즉시처리,기타,휴게실 내 식염포도당 비치,완료,사무실 옆 휴게실 내 온열질환 대응용 식염포도당 미비치,휴게실 내 식염포도당 비치,,0,1.0,직접판정,"비품(식염포도당) 미비치는 간접위험, 즉시 위해 아님",
1,2026-07-13,2026-07,삼천포지사,삼천포발전,INSPECTOR_06,사원,지사 주관,삼천포지사_ 삼천포발전,관리적미흡,관리적 미흡,개선필요 [상],3.0,간이운전실 견인용 슬링벨트 노후화로 파단 위험 존재,즉시처리,설치·구조물,노후된 견인용 슬링벨트를 신품으로 교체 완료,완료,간이운전실 견인용 슬링벨트 노후화로 파단 위험 존재,노후된 견인용 슬링벨트를 신품으로 교체 완료,,1,3.0,직접판정,"슬링벨트 파단은 인양물 낙하로 직결되는 실질위험, 원분류(관리적미흡)보다 낙하위험이 핵심",낙하·비래·붕괴
2,2026-07-10,2026-07,강원지사,안인,INSPECTOR_15,EHS팀 선임,지사 주관,강원지사_ 안인,관리적미흡,관리적 미흡,개선필요 [상],3.0,"인양작업 구간 내 차량 이동 인양물 낙하에 따른 차량 충돌 및 인명사고 위험 인양작업 중 차량의 작업구역 진입을 즉시 통제하고, 안전반경 외부로 이동하여 대기하도록 조치 요청.",즉시처리,제거·차단,반경 내부 출입금지 조치 실시(반경 외 이동),완료,"<지적사항>
인양작업 구간 내 차량 이동
<위험요인>
인양물 낙하에 따른 차량 충돌 및 인명사고 위험
<조치요청>
인양작업 중 차량의 작업구역 진입을 즉시 통제하고, 
안전반경 외부로 이동하여 대기하도록 조치 요청.",반경 내부 출입금지 조치 실시(반경 외 이동),,0,3.0,키워드보정,,
3,2026-07-10,2026-07,강원지사,안인,INSPECTOR_15,EHS팀 선임,지사 주관,강원지사_ 안인,충돌,충돌,개선필요 [상],3.0,"인양물이 완전히 착지·안착되기 전에 사다리를 제거하려는 작업이 확인됨. 인양물의 잔여 텐션 및 흔들림으로 인해 작업자와의 충돌 위험이 있으며, 해치커버 상부 작업 중 균형을 잃어 추락으로 이어질 수 있는 2차 재해가 발생할 우려가 있음. 인양물이 완전히 착지 및 안정적으로 안착된 것을 확인한 후 사다리 이동 등 후속 작업을 실시하도록 작업절차를 준수 요청.",즉시처리,설치·구조물,인양물이 완전히 안착 확인 후 인양물 고정용 부속품 및 사다리를 작업구간 외부(상부)로 이동 확인,완료,"<지적사항>
인양물이 완전히 착지·안착되기 전에 사다리를 제거하려는 작업이 확인됨.
<위험요인>
인양물의 잔여 텐션 및 흔들림으로 인해 작업자와의 충돌 위험이 있으며, 해치커버 상부 작업 중 균형을 잃어 추락으로 이어질 수 있는 
2차 재해가 발생할 우려가 있음.
<조치요청>
인양물이 완전히 착지 및 안정적으로 안착된 것을 확인한 후 사다리 이동 등 후속 작업을 실시하도록 작업절차를 준수 요청.",인양물이 완전히 안착 확인 후 인양물 고정용 부속품 및 사다리를 작업구간 외부(상부)로 이동 확인,고소·상부작업,2,4.0,키워드보정,,
4,2026-07-10,2026-07,강원지사,안인,INSPECTOR_15,EHS팀 선임,지사 주관,강원지사_ 안인,충돌,충돌,개선필요 [상],3.0,"정리 및 살수 작업은 작업자의 안전 확보 필요 살수 작업 중 노즐의 수압 반력으로 인한 순간적인 튕김(반동) 현상이 발생하여 작업자의 균형 상실 및 주변 설비와의 충돌 위험이 있음. 노즐 조작 보조, 호스 관리 및 비상상황 발생 시 즉시 대응할 수 있도록 작업체계를 운영 요청.",즉시처리,점검·확인,1) 2인1조 작업 확인 2) 수시확인,완료,"<지적사항>
정리 및 살수 작업은 작업자의 안전 확보 필요
<위험요인>
살수 작업 중 노즐의 수압 반력으로 인한 순간적인 튕김(반동) 현상이 발생하여 작업자의 균형 상실 및 주변 설비와의 충돌 위험이 있음.
<조치요청>
노즐 조작 보조, 호스 관리 및 비상상황 발생 시 즉시 대응할 수 있도록 작업체계를 운영 요청.","1) 2인1조 작업 확인
2) 수시확인
",,0,3.0,키워드보정,,
5,2026-07-10,2026-07,전북지사,군산항 부두,INSPECTOR_04,EHS팀 책임,지사 주관,전북지사_ 군산항 부두,추락,추락,개선필요 [중],2.0,BAG출고 작업 중 안전작업대 상부 근로자의 안전대 착용 미흡으로 인한 추락위험,즉시처리,보호구지급,현장 관리감독자로 하여금 안전대 지급 및 착용확인,완료,"[군산항 5부두]
BAG출고 작업 중 안전작업대 상부 근로자의 안전대 착용 미흡으로 인한 추락위험",현장 관리감독자로 하여금 안전대  지급 및 착용확인,고소·상부작업,2,4.0,직접판정,안전작업대 상부(명시적 고소)+안전대 미착용 결합 → 기본2+가중2=4,
6,2026-07-10,2026-07,경남지사,마산항,INSPECTOR_12,EHS팀 책임,지사 주관,경남지사_ 마산항,관리적미흡,관리적 미흡,개선필요 [하],1.0,온열질환 주지 윈드배너 현수막의 찢어짐으로 인한 교체필요.,즉시처리,기타,윈드배너 쿄체 완료.,완료,온열질환 주지 윈드배너 현수막의 찢어짐으로 인한 교체필요.,윈드배너 쿄체 완료.,,0,1.0,키워드보정,,
7,2026-07-09,2026-07,경인지사,의왕,INSPECTOR_03,EHS팀 주임,지사 주관,경인지사_ 의왕,추락,추락,핵심안전수칙 위반,4.0,"타사 소속 운전원(임창환, 경기98아1149) 1인 의왕ICD 1군 당사 관리구역 내 안전모 미착용 하차 후 컨테이너 후미 사진 촬영",,미분류,,진행(조치 전),"타사 소속 운전원(임창환, 경기98아1149) 1인 의왕ICD 1군 당사 관리구역 내 안전모 미착용 하차 후 컨테이너 후미 사진 촬영",,,0,4.0,직접판정,안전모 미착용은 핵심안전수칙 위반(4 유지)이나 서술 내용상 추락과 직접연관 불명확 - 위험분류 재검토 필요. ※실명·차량번호 원문노출 발견(마스킹 누락),관리적미흡·보호구미착용
8,2026-07-08,2026-07,광양지사,LME/공컨장치장,INSPECTOR_10,EHS팀 책임,지사 주관,광양지사_ LME/공컨장치장,끼임·협착,끼임ㆍ협착,개선필요 [상],3.0,"지게차 운전 중 안전벨트 미 착용 확 지게차 전도 사고 발생 시, 운전자가 차체 밖으로 튕겨나가 지게차에 깔릴 위험 현장 개선조치",즉시처리,교육·지도,운전원 안전벨트 착용 지도,완료,"<내용>
지게차 운전 중 안전벨트 미 착용 확
<위험요소>
지게차 전도 사고 발생 시, 운전자가 차체 밖으로 튕겨나가 지게차에 깔릴 위험
<요청사항>
현장 개선조치",운전원 안전벨트 착용 지도,회전체·협착점인근,1,4.0,키워드보정,,
9,2026-07-08,2026-07,광양지사,LME/공컨장치장,INSPECTOR_10,EHS팀 책임,지사 주관,광양지사_ LME/공컨장치장,추락,추락,핵심안전수칙 위반,4.0,차량 상부 작업 중(톤백 줄걸이 작업) 추락방지조치 미실시 균형을 잃거나 발을 헛디딜 경우 추락위험 추후 작업시에는 작업자에게 안전대를 지급 및 착용하도록 관리,즉시처리,보호구지급,"차량 상부 작업 시 안전대를 지급 및 착용하도록 조치하고, 작업 전 착용 여부를 확인한 후 작업을 실시하도록 관리하였습니다.",진행(조치 후),"<내용>
차량 상부 작업 중(톤백 줄걸이 작업) 추락방지조치 미실시
<위험요소>
균형을 잃거나 발을 헛디딜 경우 추락위험
<요청사항>
추후 작업시에는 작업자에게 안전대를 지급 및 착용하도록 관리","차량 상부 작업 시 안전대를 지급 및 착용하도록 조치하고, 작업 전 착용 여부를 확인한 후 작업을 실시하도록 관리하였습니다.",고소·상부작업,2,4.0,키워드보정,,
10,2026-07-08,2026-07,광양지사,하포일반부두,INSPECTOR_10,EHS팀 책임,지사 주관,광양지사_ 하포일반부두,전도,전도,관계법규 위반,4.0,"현장 내 산소 용기가 바닥에 눕혀진 상태로 방치 외부 충격으로 밸브 파손시 고압가스가 급격히 분출되어 용기 튕겨 나갈수 있음. 주변 인화물질과 접촉시 화재, 폭발 위험 현장 개선조치",즉시처리,설치·구조물,전도 방지를 위해 고정조치 실시,완료,"<내용>
현장 내 산소 용기가 바닥에 눕혀진 상태로 방치
<위험요소>
외부 충격으로 밸브 파손시 고압가스가 급격히 분출되어 용기 튕겨 나갈수 있음. 주변 인화물질과 접촉시 화재, 폭발 위험
<요청사항>
현장 개선조치",전도 방지를 위해 고정조치 실시 ,"충전부·고압인근, 화기·인화물인근",2,4.0,키워드보정,,
11,2026-07-08,2026-07,광양지사,하포일반부두,INSPECTOR_10,EHS팀 책임,지사 주관,광양지사_ 하포일반부두,관리적미흡,관리적 미흡,개선필요 [중],2.0,지게차 엔진룸 청소 작업 중 엔진오일 및 유압유 등이 그대로 누출되는 상태 환경오염 및 폐기물 관리 미흡 현장 시정조치,즉시처리,제거·차단,배수로에 흡착포 사용하여 누출오일 제거,완료,"<내용>
지게차 엔진룸 청소 작업 중 엔진오일 및 유압유 등이 그대로 누출되는 상태
<위험요소>
환경오염 및 폐기물 관리 미흡
<요청사항>
현장 시정조치 
",배수로에 흡착포 사용하여 누출오일 제거 ,회전체·협착점인근,1,3.0,키워드보정,,
12,2026-07-08,2026-07,광양지사,하포일반부두,INSPECTOR_10,EHS팀 책임,지사 주관,광양지사_ 하포일반부두,기타,기타,핵심안전수칙 위반,4.0,차량운전원 안전모 미착용 상태로 하차 및 보행. 현장 안전 수칙 위반 (차량 운전원 하차시 안전모 착용),즉시처리,교육·지도,차량운전원에게 작업장 내 하차 시 안전모 착용 필요성 교육 및 착용 지도. 관리감독자에게 작업구역 내 근로자 보호구 착용 여부 확인 지도.,완료,"<내용>
차량운전원 안전모 미착용 상태로 하차 및 보행. 
현장 안전 수칙 위반 (차량 운전원 하차시 안전모 착용)","차량운전원에게 작업장 내 하차 시 안전모 착용 필요성 교육 및 착용 지도.
관리감독자에게 작업구역 내 근로자 보호구 착용 여부 확인 지도.",,0,4.0,키워드보정,,
13,2026-07-07,2026-07,전북지사,군산항 부두,INSPECTOR_04,EHS팀 책임,지사 주관,전북지사_ 군산항 부두,끼임·협착,끼임ㆍ협착,개선필요 [중],2.0,코일 하역 후 야적된 코일에 구름방지 고임목 미설치 개소 발생에 따른 조치 요청,즉시처리,설치·구조물,구름장지 고임목 설치가 누락된 개소에 고임목 설치 완료,완료,"[군산항 5부두]
코일 하역 후 야적된 코일에 구름방지 고임목 미설치 개소 발생에 따른 조치 요청",구름장지 고임목 설치가 누락된 개소에 고임목 설치 완료,,0,2.0,키워드보정,,
14,2026-07-07,2026-07,전북지사,군산항 부두,INSPECTOR_04,EHS팀 책임,지사 주관,전북지사_ 군산항 부두,기타,기타,개선필요 [하],1.0,1. 텐트창고 폭우 및 장마로 인한 우수유입 발생 주의 필요 2. 5부두 육상담당자를 통해 모래주머니 or 물막이 등 사전 준비 요청,즉시처리,설치·구조물,현장 반장님들과 모래주머니 제작하여 우수유입이 발생된 위치에 모래주며니 설치 완료,완료,"[군산항 5부두]
1. 텐트창고 폭우 및 장마로 인한 우수유입 발생 주의 필요
2. 5부두 육상담당자를 통해 모래주머니 or 물막이 등 사전 준비 요청",현장 반장님들과 모래주머니 제작하여 우수유입이 발생된 위치에 모래주며니 설치 완료,,0,1.0,키워드보정,,
15,2026-07-03,2026-07,강원지사,동해,INSPECTOR_02,EHS팀 사원,지사 주관,강원지사_ 동해,온열·온도,온도ㆍ습도,개선필요 [하],1.0,휴게실 내 식염정 복용방법 등 주의사항의 게시 필요 → 식염정 복용방법 등 주의사항 게시,즉시처리,교육·지도,식염정 복용방법 등 주의사항 게시완료,완료,휴게실 내 식염정 복용방법 등 주의사항의 게시 필요 → 식염정 복용방법 등 주의사항 게시,식염정 복용방법 등 주의사항 게시완료,,0,1.0,키워드보정,,
16,2026-07-03,2026-07,당진지사,당진지사,INSPECTOR_07,EHS팀 선임,지사 주관,당진지사,관리적미흡,관리적 미흡,개선필요 [중],2.0,- 2부두 구조용 케이지 상부 낙탄 청소 필요,,미분류,,진행(조치 전),- 2부두 구조용 케이지 상부 낙탄 청소 필요,,고소·상부작업,2,4.0,키워드보정,,
17,2026-07-03,2026-07,당진지사,당진지사,INSPECTOR_01,EHS팀 주임,지사 주관,당진지사,관리적미흡,관리적 미흡,개선필요 [하],1.0,"- 유연탄 3부두 승,하선기 출입문 임의 고정",즉시처리,기타,"- 즉시조치 완료 및 내용전달 완료,",완료,"- 유연탄 3부두 승,하선기 출입문 임의 고정","- 즉시조치 완료 및 내용전달 완료,",,0,1.0,키워드보정,,
18,2026-07-03,2026-07,당진지사,당진지사,INSPECTOR_01,EHS팀 주임,지사 주관,당진지사,관리적미흡,관리적 미흡,개선필요 [하],1.0,- 유연탄 2부두 야간작업시 사무실 주변 조도 확보 불량으로 안전사고 위험 - 현장점검간 근로자 의견청취건으로 현장확인 진행 완료,즉시처리,설치·구조물,- 정비팀 문의하여 사무실 상부 라이트 설치 진행 완료,완료,"- 유연탄 2부두 야간작업시 사무실 주변 조도 확보 불량으로 안전사고 위험
- 현장점검간 근로자 의견청취건으로 현장확인 진행 완료",- 정비팀 문의하여 사무실 상부 라이트 설치 진행 완료,,0,1.0,키워드보정,,
19,2026-07-03,2026-07,부산지사,우암,INSPECTOR_08,EHS팀 책임,지사 주관,부산지사_ 우암,전도,전도,개선필요 [중],2.0,-. 작업 후 휴식중 주변 구름성 위험이 있는 화물에 앉아서 쉬는 행위,,미분류,,진행(조치 전),-. 작업 후 휴식중 주변 구름성 위험이 있는 화물에 앉아서 쉬는 행위 ,,,0,2.0,직접판정,구름성 화물 위 착석은 전도·낙하 복합위험이나 즉시중대는 아님,
20,2026-07-03,2026-07,전북지사,완주복합물류센터,INSPECTOR_09,EHS팀 선임,지사 주관,전북지사_ 완주복합물류센터,온열·온도,온도ㆍ습도,개선필요 [하],1.0,혹서기 대비 온열질환 현수막 게시 필요,즉시처리,기타,현수막 게시 완료,완료,혹서기 대비 온열질환 현수막 게시 필요,현수막 게시 완료,,0,1.0,키워드보정,,
21,2026-07-03,2026-07,전북지사,전주 동산역,INSPECTOR_09,EHS팀 선임,지사 주관,전북지사_ 전주 동산역,온열·온도,온도ㆍ습도,개선필요 [하],1.0,혹서기 대비 온열질환 현수막 게시 필요,즉시처리,기타,현수막 게시 완료,완료,혹서기 대비 온열질환 현수막 게시 필요,현수막 게시 완료,,0,1.0,직접판정,"단순 게시물 필요, 낮음",
22,2026-07-02,2026-07,당진지사,당진지사,INSPECTOR_01,EHS팀 주임,지사 주관,당진지사,관리적미흡,관리적 미흡,개선필요 [하],1.0,- 작업용 차량 정차간 기어 변경 불량,즉시처리,기타,- 즉시조치 및 해당부두 내용 전달 완료,완료,- 작업용 차량 정차간 기어 변경 불량,- 즉시조치 및 해당부두 내용 전달 완료,회전체·협착점인근,1,2.0,키워드보정,,
23,2026-07-02,2026-07,당진지사,당진지사,INSPECTOR_01,EHS팀 주임,지사 주관,당진지사,관리적미흡,관리적 미흡,개선필요 [하],1.0,- 안전표지판 분진에 의한 식별 불량,즉시처리,점검·확인,- 안전표지판 청소 요청 후 진행상황 확인 완료,완료,- 안전표지판 분진에 의한 식별 불량,- 안전표지판 청소 요청 후 진행상황 확인 완료,,0,1.0,직접판정,"표지판 식별불량, 경미",
24,2026-07-02,2026-07,전북지사,군산항역,INSPECTOR_09,EHS팀 선임,지사 주관,전북지사_ 군산항역,온열·온도,온도ㆍ습도,개선필요 [하],1.0,혹서기 대비 온열질환 현수막 게시 필요,즉시처리,기타,온열질환 현수막 게시 완료,완료,혹서기 대비 온열질환 현수막 게시 필요,온열질환 현수막 게시 완료,,0,1.0,키워드보정,,
25,2026-07-02,2026-07,경남지사,마산항,INSPECTOR_12,EHS팀 책임,지사 주관,경남지사_ 마산항,온열·온도,온도ㆍ습도,개선필요 [하],1.0,1층 정비고 내 온습도계는 비치되어 있음. 간헐적으로 정비고 내 업무수행을 함에 있어서 혹서기에 체감온도를 확인 할수 있도록 체감온도 계산을위한 측정표를 비치할것.,즉시처리,점검·확인,체감온도 확인을 위한 측정표 및 체감온도계 비치 완료.,완료,"1층 정비고 내 온습도계는 비치되어 있음.
간헐적으로 정비고 내 업무수행을 함에 있어서 혹서기에 체감온도를 확인 할수 있도록 체감온도 계산을위한 측정표를 비치할것.",체감온도 확인을 위한 측정표 및 체감온도계 비치 완료.,,0,1.0,키워드보정,,
26,2026-07-01,2026-07,전북지사,군산항 부두,INSPECTOR_04,EHS팀 책임,지사 주관,전북지사_ 군산항 부두,화재·폭발,화재,개선필요 [하],1.0,5부두 운영되는 지게차 내 소화기 노후화 및 압력 부족으로 교체 필요,즉시처리,설치·구조물,지게차 내 노후된 소화기 새것으로 교체 완료,완료,"[군산항 5부두]
5부두 운영되는 지게차 내 소화기 노후화 및 압력 부족으로 교체 필요",지게차 내 노후된 소화기 새것으로 교체 완료,"회전체·협착점인근, 화기·인화물인근",2,3.0,키워드보정,,
27,2026-06-30,2026-06,당진지사,당진지사,INSPECTOR_01,EHS팀 주임,지사 주관,당진지사,감전,감전,개선필요 [하],1.0,- 1부두 항운노조 대기실 노출형 분전반으로 감전사고 위험,즉시처리,설치·구조물,- 분전반 교체 진행,완료,- 1부두 항운노조 대기실 노출형 분전반으로 감전사고 위험,- 분전반 교체 진행,충전부·고압인근,2,3.0,키워드보정,,
28,2026-06-30,2026-06,부산지사,감천,INSPECTOR_08,EHS팀 책임,지사 주관,부산지사_ 감천,전도,전도,개선필요 [중],2.0,휴게실 입구 미끄럼방지 미조치로인한 넘어짐 위험,즉시처리,기타,미끄럼방지 테이프 부착으로 미끄럼 방지 예방 조치,진행(조치 후),휴게실 입구 미끄럼방지 미조치로인한 넘어짐 위험,미끄럼방지 테이프 부착으로 미끄럼 방지 예방 조치,,0,2.0,키워드보정,,
29,2026-06-26,2026-06,당진지사,당진지사,INSPECTOR_01,EHS팀 주임,지사 주관,당진지사,낙하·비래·붕괴,낙하ㆍ붕괴,개선필요 [중],2.0,- 유연탄 3부두 이동식 운전원실 HOOK 해지장치 2EA 파손,즉시처리,설치·구조물,-후크해지장치 교체진행 완료,완료,- 유연탄 3부두 이동식 운전원실 HOOK 해지장치 2EA 파손,-후크해지장치 교체진행 완료,,0,2.0,키워드보정,,
30,2026-06-26,2026-06,부산지사,감천,INSPECTOR_14,EHS팀 선임,지사 주관,부산지사_ 감천,전도,전도,개선필요 [중],2.0,야드 노면 파손으로 인한 지게차 작업 시 전도 위험 → 노면 아스콘 보수 필요,즉시처리,설치·구조물,아스콘으로 노면 보수 후 철판으로 파손되지 않도록 조치 완료,완료,야드 노면 파손으로 인한 지게차 작업 시 전도 위험 → 노면 아스콘 보수 필요,아스콘으로 노면 보수 후 철판으로 파손되지 않도록 조치 완료,회전체·협착점인근,1,3.0,키워드보정,,
31,2026-06-26,2026-06,전북지사,완주복합물류센터,INSPECTOR_09,EHS팀 선임,지사 주관,전북지사_ 완주복합물류센터,온열·온도,온도ㆍ습도,개선필요 [하],1.0,- 근로자 휴게실 온열질환 대비 포도당 비치 필요,즉시처리,기타,-포도당 비치 완료,완료,"[물류운영팀_완주복합물류센터]
- 근로자 휴게실 온열질환 대비 포도당 비치 필요",-포도당 비치 완료,,0,1.0,키워드보정,,
32,2026-06-25,2026-06,부산지사,우암,INSPECTOR_14,EHS팀 선임,지사 주관,부산지사_ 우암,추락,추락,개선필요 [상],3.0,작업 전 대기중인 화물차량 운전원 안전모 미착용으로 사고 위험 → 안전모 착용 조치 필요,즉시처리,보호구지급,화물차량 운전자 즉시 안전모 착용 조치 완료,완료,작업 전 대기중인 화물차량 운전원 안전모 미착용으로 사고 위험 → 안전모 착용 조치 필요,화물차량 운전자 즉시 안전모 착용 조치 완료,,0,3.0,키워드보정,,
33,2026-06-25,2026-06,부산지사,우암,INSPECTOR_14,EHS팀 선임,지사 주관,부산지사_ 우암,추락,추락,개선필요 [상],3.0,우암센터 입구 및 작업장 내 안전모 착용 표지 추가 부착 필요 → PE방호벽에 안전표지 부착 예정,,미분류,,진행(조치 전),우암센터 입구 및 작업장 내 안전모 착용 표지 추가 부착 필요 → PE방호벽에 안전표지 부착 예정,,,0,2.0,직접판정,"표지 부착 필요일 뿐 구체적 추락위험 서술 없음 - 원본3은 과대책정, 2로 하향",관리적미흡
34,2026-06-25,2026-06,강원지사,안인,INSPECTOR_15,EHS팀 선임,지사 주관,강원지사_ 안인,관리적미흡,관리적 미흡,개선필요 [상],3.0,"간이운전실 인양방법 개선 필요 인양 시 하중받는 부위의 변형(휨) 발생으로 인한 인양물 탈락 위험 인양하중을 충분히 견딜 수 있는 구조로 인양방법을 변경하고, 전용 인양지점(Lug) 설치 등 구조적 개선 실시",즉시처리,설치·구조물,전용 인양지점(Lug) 설치 완료,완료,"<지적사항>
간이운전실 인양방법 개선 필요
<위험요인>
인양 시 하중받는 부위의 변형(휨) 발생으로 인한 인양물 탈락 위험
<조치요청>
인양하중을 충분히 견딜 수 있는 구조로 인양방법을 변경하고, 전용 인양지점(Lug) 설치 등 구조적 개선 실시",전용 인양지점(Lug) 설치 완료,,0,3.0,키워드보정,,
35,2026-06-24,2026-06,부산지사,우암,INSPECTOR_14,EHS팀 선임,지사 주관,부산지사_ 우암,전도,전도,개선필요 [상],3.0,야드 노면 파손으로 지게차 및 화물차량 운행 시 전도 위험 → 아스코 활용하여 야드 노면 보수 필요,,미분류,,진행(조치 전),야드 노면 파손으로 지게차 및 화물차량 운행 시 전도 위험 → 아스코 활용하여 야드 노면 보수 필요,,회전체·협착점인근,1,4.0,키워드보정,,
36,2026-06-24,2026-06,강원지사,동해,INSPECTOR_02,EHS팀 사원,지사 주관,강원지사_ 동해,온열·온도,온도ㆍ습도,개선필요 [하],1.0,"기존 온습도계를 이용하여 체감온도 측정을 실시하고 있으나, 본선 작업 특성상 휴대용 온습도계의 지급 및 측정 필요 → 휴대형 온습도계 추가 지급 후 측정 및 기록 진행",,미분류,,진행(조치 전),"기존 온습도계를 이용하여 체감온도 측정을 실시하고 있으나, 본선 작업 특성상 휴대용 온습도계의 지급 및 측정 필요
→ 휴대형 온습도계 추가 지급 후 측정 및 기록 진행",,,0,1.0,키워드보정,,
37,2026-06-23,2026-06,전북지사,군산항 부두,INSPECTOR_04,EHS팀 책임,지사 주관,전북지사_ 군산항 부두,온열·온도,온도ㆍ습도,개선필요 [하],1.0,1. 폭염의 기준이 되는 체감온도를 측정할 수 있는 온습도계 설치 필요 2. 각 부두별 온습도계 설치 및 체감온도를 확인할 수 있는 표 등 설치 요함,즉시처리,기타,각 부두별 온습도계 및 체감온도 측정 그래프 and 체감온도 계산 QR 부착 완료,완료,"[군산항 세방 부두]
1. 폭염의 기준이 되는 체감온도를 측정할 수 있는 온습도계 설치 필요
2. 각 부두별 온습도계 설치 및 체감온도를 확인할 수 있는 표 등 설치 요함",각 부두별 온습도계 및 체감온도 측정 그래프 and 체감온도 계산 QR 부착 완료,,0,1.0,키워드보정,,
38,2026-06-23,2026-06,전북지사,군산항 부두,INSPECTOR_04,EHS팀 책임,지사 주관,전북지사_ 군산항 부두,관리적미흡,관리적 미흡,개선필요 [하],1.0,1. 호퍼 내 운전실 부스 내부 의자가 없어 임으로 깡통(유류통 등)을 사용하여 근로자 작업 시 불안전항 상태에서의 작업 진행 2. 깡통(유튜통 등) 즉시 수거 및 폐기 후 의자를 비치하여 안정된 자세에서 작업토록 개선 필요,즉시처리,기타,1. 비치되어 있던 깡통(유류통 등) 즉시 수거 2. 의자 비치 완료,완료,"[군산항 3부두 / 7부두]
1. 호퍼 내 운전실 부스 내부 의자가 없어 임으로 깡통(유류통 등)을 사용하여 근로자 작업 시 불안전항 상태에서의 작업 진행
2. 깡통(유튜통 등) 즉시 수거 및 폐기 후 의자를 비치하여 안정된 자세에서 작업토록 개선 필요","1. 비치되어 있던 깡통(유류통 등) 즉시 수거
2. 의자 비치 완료",,0,1.0,키워드보정,,
39,2026-06-23,2026-06,강원지사,삼척,INSPECTOR_02,EHS팀 사원,지사 주관,강원지사_ 삼척,온열·온도,온도ㆍ습도,개선필요 [중],2.0,온열질환 발생자 대비 CABIN 내 폭염 응급키트 및 머리 냉찜질 세트 설치 필요 → CABIN 내부 폭염 응급키트 및 머리 냉찜질 세트 설치,즉시처리,설치·구조물,CABIN 내부 폭염 응급키트 및 머리 냉찜질 세트 설치완료,완료,온열질환 발생자 대비 CABIN 내 폭염 응급키트 및 머리 냉찜질 세트 설치 필요 → CABIN 내부 폭염 응급키트 및 머리 냉찜질 세트 설치,CABIN 내부 폭염 응급키트 및 머리 냉찜질 세트 설치완료,,0,2.0,키워드보정,,
40,2026-06-23,2026-06,전북지사,진흥원,INSPECTOR_09,EHS팀 선임,지사 주관,전북지사_ 진흥원,기타,기타,개선필요 [하],1.0,"- 현재 작업량이 저조하여 근무자가 2인으로 운영되고 있으나, 작업량이 많은 시점에는 일용직 근로자가 추가로 투입되서 작업을 시작함 - 해당 인력에 대해서는 도급을 주어 작업을 실시하고 있으나, 해당 인원에 대해 배치전교육 등이 이루어지지 않고 있음",즉시처리,교육·지도,"- 신규 인원 출입 시 안전교육을 실시 할 수 있도록 안동 담당자(홍성봉 관리감독자)에게 교육했으며, 지속적으로 완주 방문 시 관리 예정",완료,"[물류운영팀_진흥원(안동)]
- 현재 작업량이 저조하여 근무자가 2인으로 운영되고 있으나, 작업량이 많은 시점에는 일용직 근로자가 추가로 투입되서 작업을 시작함
- 해당 인력에 대해서는 도급을 주어 작업을 실시하고 있으나, 해당 인원에 대해 배치전교육 등이 이루어지지 않고 있음","- 신규 인원 출입 시 안전교육을 실시 할 수 있도록 안동 담당자(홍성봉 관리감독자)에게 교육했으며, 지속적으로 완주 방문 시 관리 예정",,0,2.0,직접판정,일용직 신규인력 배치전교육 누락은 잠재적 구조적 위험 - 1에서 상향,
41,2026-06-23,2026-06,전북지사,진흥원,INSPECTOR_09,EHS팀 선임,지사 주관,전북지사_ 진흥원,기타,기타,개선필요 [하],1.0,"[운송팀_제천오미야/사각지대 발굴 및 개선 건] - 오미야 공장에서 근무 시 배차만 진행하는 것으로 확인하였으나, 현장 방문 후 점검 결과 관리감독자 업무를 수행하고 있음 * 화물차-지게차 상하차 작업 유도 및 화물차 운전원 안전교육 등 - 해당 담당자 관리감독자 교육 이수 예정 (하반기 내)",즉시처리,교육·지도,- 관리감독자 선임 완료 (본사 담당자에게도 보고 완료) - 하반기 관리감독자 교육 이수 예정,완료,"[운송팀_제천오미야/사각지대 발굴 및 개선 건]
- 오미야 공장에서 근무 시 배차만 진행하는 것으로 확인하였으나, 현장 방문 후 점검 결과 관리감독자 업무를 수행하고 있음
* 화물차-지게차 상하차 작업 유도 및 화물차 운전원 안전교육 등
- 해당 담당자 관리감독자 교육 이수 예정 (하반기 내)","- 관리감독자 선임 완료 (본사 담당자에게도 보고 완료)
- 하반기 관리감독자 교육 이수 예정",,1,2.0,직접판정,관리감독자 미교육 상태로 업무수행은 구조적 위험 - 상향,
42,2026-06-23,2026-06,강원지사,안인,INSPECTOR_15,EHS팀 선임,지사 주관,강원지사_ 안인,기타,기타,개선필요 [하],1.0,온열질환 예방 및 대응관리 필요 고온 환경 작업에 따른 온열질환 발생 위험 체감온도 스티커를 활용하여 작업 전·중 실시간 온도 확인 및 온열질환 예방조치 이행 요청,즉시처리,기타,체감온도 스티커 부착,완료,"<지적사항>
온열질환 예방 및 대응관리 필요
<위험요인>
고온 환경 작업에 따른 온열질환 발생 위험
<조치요청>
체감온도 스티커를 활용하여 작업 전·중 실시간 온도 확인 및 온열질환 예방조치 이행 요청",체감온도 스티커 부착,,0,1.0,키워드보정,,
43,2026-06-23,2026-06,강원지사,안인,INSPECTOR_15,EHS팀 선임,지사 주관,강원지사_ 안인,전도,전도,개선필요 [상],3.0,"전기 판넬 전도 상태 확인 감전, 화재 및 폭발 위험 전기 판넬 원위치 복구 후 전도 방지를 위한 2중 고정 조치 요청",즉시처리,설치·구조물,전기 판넬 원위치 복구 및 2중 고정 확인,완료,"<지적사항>
전기 판넬 전도 상태 확인
<위험요인>
감전, 화재 및 폭발 위험
<조치요청>
전기 판넬 원위치 복구 후 전도 방지를 위한 2중 고정 조치 요청",전기 판넬 원위치 복구 및 2중 고정 확인,,0,3.0,키워드보정,,
44,2026-06-22,2026-06,경인지사,안성 3센터,INSPECTOR_17,EHS팀 선임,지사 주관,경인지사_ 안성 3센터,전도,전도,개선필요 [중],2.0,수도권 3물류 저온창고 화물 불안전한 적재로 붕괴위험,즉시처리,제거·차단,해당구간 화물 정리상태 확인,진행(조치 후),수도권 3물류 저온창고 화물 불안전한 적재로 붕괴위험,해당구간 화물 정리상태 확인,,0,2.0,키워드보정,,
45,2026-06-22,2026-06,경북지사,문덕창고,INSPECTOR_13,EHS팀 선임,지사 주관,문덕창고,끼임·협착,끼임ㆍ협착,개선필요 [중],2.0,로프절단기 로프 걸림에 따른 작동불가. 작업자 임의 수리 조치금지 중.,즉시처리,설치·구조물,안전관리자 입회 하 전원 전면차단 후 안전방호장치 제거. 내부 걸림 로프 제거 실시조치 완료.,진행(조치 후),로프절단기 로프 걸림에 따른 작동불가. 작업자 임의 수리 조치금지 중.,안전관리자 입회 하 전원 전면차단 후 안전방호장치 제거. 내부 걸림 로프 제거 실시조치 완료.,회전체·협착점인근,0,3.0,직접판정,"절단기는 협착위험기계, 기본2+가중1=3",
46,2026-06-22,2026-06,강원지사,동해,INSPECTOR_02,EHS팀 사원,지사 주관,강원지사_ 동해,온열·온도,온도ㆍ습도,개선필요 [하],1.0,계근실 내부 공간 냉난방장치 노후화로 인한 교체 필요 → 냉난방장치 교체예정,즉시처리,설치·구조물,계근실 내 냉난방장치 교체완료,완료,계근실 내부 공간 냉난방장치 노후화로 인한 교체 필요 → 냉난방장치 교체예정,계근실 내 냉난방장치 교체완료,,0,1.0,직접판정,"설비 노후화, 경미",
47,2026-06-22,2026-06,삼천포지사,삼천포발전,INSPECTOR_06,사원,지사 주관,삼천포지사_ 삼천포발전,기타,기타,개선필요 [하],1.0,흡연구역 내 의자 파손으로 착석 시 부상 위험 존재,즉시처리,설치·구조물,파손된 의자 폐기 후 새 의자로 교체,완료,흡연구역 내 의자 파손으로 착석 시 부상 위험 존재,파손된 의자 폐기 후 새 의자로 교체,,0,1.0,직접판정,낮음,
48,2026-06-22,2026-06,삼천포지사,삼천포발전,INSPECTOR_06,사원,지사 주관,삼천포지사_ 삼천포발전,정리정돈,정리정돈,개선필요 [하],1.0,로더 버킷 내부에 폐기물 보관,즉시처리,제거·차단,로더 버킷 내부 폐기물 처리,완료,로더 버킷 내부에 폐기물 보관,로더 버킷 내부 폐기물 처리,,0,1.0,직접판정,"정리정돈 문제, 낮음",
49,2026-06-22,2026-06,강원지사,동해,INSPECTOR_02,EHS팀 사원,지사 주관,강원지사_ 동해,온열·온도,온도ㆍ습도,개선필요 [하],1.0,온열질환 예방 목적 해당 식염정의 유통기한 도래로 교체 필요 → 식염정 즉시 교체,즉시처리,설치·구조물,기존 제품 폐기 및 식염정 즉시 교체완료,완료,온열질환 예방 목적 해당 식염정의 유통기한 도래로 교체 필요 → 식염정 즉시 교체,기존 제품 폐기 및 식염정 즉시 교체완료,,0,1.0,키워드보정,,
50,2026-06-19,2026-06,경인지사,안성 3센터,INSPECTOR_17,EHS팀 선임,지사 주관,경인지사_ 안성 3센터,전도,전도,개선필요 [중],2.0,바닥 콘크리트 균열로 화물 또는 지게차 전도 위험,,미분류,,진행(조치 전),바닥 콘크리트 균열로 화물 또는 지게차 전도 위험,,회전체·협착점인근,1,3.0,키워드보정,,
51,2026-06-19,2026-06,당진지사,당진지사,INSPECTOR_07,EHS팀 선임,지사 주관,당진지사,관리적미흡,관리적 미흡,개선필요 [중],2.0,- 1부두 운전원실 공기호흡기 보관 표지 탈락 - 공기호흡기 보관 운전원실 파악을 위한 표지 제작하여 부착,,미분류,,진행(조치 전),"- 1부두 운전원실 공기호흡기 보관 표지 탈락
- 공기호흡기 보관 운전원실 파악을 위한 표지 제작하여 부착",,,0,2.0,키워드보정,,
52,2026-06-19,2026-06,당진지사,당진지사,INSPECTOR_07,EHS팀 선임,지사 주관,당진지사,전도,전도,개선필요 [중],2.0,- 로더 탑승 작업발판에 수공구 보관으로 인한 이동중 전도위험 - 필요 수공구 운전석 내부 보관 코칭,,미분류,,진행(조치 전),"- 로더 탑승 작업발판에 수공구 보관으로 인한 이동중 전도위험
- 필요 수공구 운전석 내부 보관 코칭",,,0,2.0,키워드보정,,
53,2026-06-19,2026-06,전북지사,전주 동산역,INSPECTOR_09,EHS팀 선임,지사 주관,전북지사_ 전주 동산역,전도,전도,개선필요 [하],1.0,"- 상반기 TF 후속조치 결과에 따른 방지턱 설치를 하였으나, 하중을 버티지 못하고 지속적으로 파손 발생 - 해당 방지턱 철거 후 추후 바닥 공사 시 방지턱 공사 실시 예정",즉시처리,제거·차단,- 방지턱 철거 완료,완료,"[운송팀_동산역]
- 상반기 TF 후속조치 결과에 따른 방지턱 설치를 하였으나, 하중을 버티지 못하고 지속적으로 파손 발생
- 해당 방지턱 철거 후 추후 바닥 공사 시 방지턱 공사 실시 예정",- 방지턱 철거 완료,,0,1.0,직접판정,반복파손이나 사고사례 없음,
54,2026-06-18,2026-06,경인지사,안성 3센터,INSPECTOR_17,EHS팀 선임,지사 주관,경인지사_ 안성 3센터,충돌,충돌,개선필요 [중],2.0,"랙 코너 충돌방지 볼라드 파손으로 기능 상실, 교체 필요",,미분류,,진행(조치 전),"랙 코너 충돌방지 볼라드 파손으로 기능 상실, 교체 필요",,,0,2.0,키워드보정,,
55,2026-06-18,2026-06,경인지사,안성 3센터,INSPECTOR_17,EHS팀 선임,지사 주관,경인지사_ 안성 3센터,관리적미흡,관리적 미흡,개선필요 [중],2.0,방화셔터와 선반 덮개 간섭으로 화재 시 정상작동 제한,,미분류,,진행(조치 전),방화셔터와 선반 덮개 간섭으로 화재 시 정상작동 제한,,,0,2.0,직접판정,"화재 대응설비 저해, 화재발생요인 아님",
56,2026-06-18,2026-06,전북지사,군산항역,INSPECTOR_09,EHS팀 선임,지사 주관,전북지사_ 군산항역,전도,전도,개선필요 [하],1.0,- 탄력봉 체인링 탈락에 따른 보행자 통행 중 전도 위험,즉시처리,기타,조치 완료,완료,"[운송팀_군산항역]
- 탄력봉 체인링 탈락에 따른 보행자 통행 중 전도 위험",조치 완료,다수인원노출,1,2.0,키워드보정,,
57,2026-06-18,2026-06,전북지사,군산항역,INSPECTOR_09,EHS팀 선임,지사 주관,전북지사_ 군산항역,화재·폭발,화재,개선필요 [하],1.0,-흡연실 소화기 불량에 따른 교체 필요,즉시처리,설치·구조물,-소화기 교체 완료,완료,"[운송팀_군산항역]
-흡연실 소화기 불량에 따른 교체 필요",-소화기 교체 완료,화기·인화물인근,1,2.0,키워드보정,,
58,2026-06-17,2026-06,경인지사,의왕,INSPECTOR_03,EHS팀 주임,지사 주관,경인지사_ 의왕,충돌,충돌,개선필요 [중],2.0,CY 철도 선로변 화물차량 주행로 상 샤시를 주차해두어 차량 선회 시 충돌 위험 존재,즉시처리,기타,철도 선로변 샤시 이동 주차 및 지속 관리 중,진행(조치 후),CY 철도 선로변 화물차량 주행로 상 샤시를 주차해두어 차량 선회 시 충돌 위험 존재,철도 선로변 샤시 이동 주차 및 지속 관리 중,,0,2.0,키워드보정,,
59,2026-06-16,2026-06,경인지사,안성 1센터,INSPECTOR_17,EHS팀 선임,지사 주관,경인지사_ 안성 1센터,관리적미흡,관리적 미흡,개선필요 [중],2.0,화물간섭으로 인해 분전함 개폐가 원활치 않아 유사 시 개폐제한 화물이동 필요,즉시처리,점검·확인,분전함 정면 화물 이동상태 확인,완료,화물간섭으로 인해 분전함 개폐가 원활치 않아 유사 시 개폐제한 화물이동 필요,분전함 정면 화물 이동상태 확인,,0,2.0,키워드보정,,
60,2026-06-16,2026-06,경인지사,안성 1센터,INSPECTOR_17,EHS팀 선임,지사 주관,경인지사_ 안성 1센터,감전,감전,개선필요 [중],2.0,분전함 취급 시 감전발생 위험으로 외함접지 필요,즉시처리,점검·확인,분전함 외함접지상태 확인,완료,분전함 취급 시 감전발생 위험으로 외함접지 필요,분전함 외함접지상태 확인,,0,2.0,키워드보정,,
61,2026-06-16,2026-06,당진지사,당진지사,INSPECTOR_01,EHS팀 주임,지사 주관,당진지사,추락,추락,개선필요 [중],2.0,"- 유연탄 3부두 모선(ADONIS) 6,7번 HOLD 수직사다리 계단참 파손으로 근로자 진입간 추락 위험 - 화주사 내용 전달 및 본선측 요청하여 출입금지 조치 진행 추후 접안 전 수리상태 확인 예정",,미분류,,진행(조치 전),"- 유연탄 3부두 모선(ADONIS) 6,7번 HOLD 수직사다리 계단참 파손으로 근로자 진입간 추락 위험
- 화주사 내용 전달 및 본선측 요청하여 출입금지 조치 진행 추후 접안 전 수리상태 확인 예정",,고소·상부작업,2,4.0,키워드보정,,
62,2026-06-16,2026-06,전북지사,군산항 부두,INSPECTOR_04,EHS팀 책임,지사 주관,전북지사_ 군산항 부두,온열·온도,온도ㆍ습도,개선필요 [하],1.0,1. 한국해운 반장님 휴게시설 내 에어컨 고장으로 인해 수리 필요 2. 여름철 휴게시설 에어컨 작동되도록 조치 요함,즉시처리,설치·구조물,휴게시설 기존 스텐트 에어컨 철거 및 냉난방기로 교체 완료,완료,"[군산항 5부두]
1. 한국해운 반장님 휴게시설 내 에어컨 고장으로 인해 수리 필요
2. 여름철 휴게시설 에어컨 작동되도록 조치 요함",휴게시설 기존 스텐트 에어컨 철거 및 냉난방기로 교체 완료,,0,1.0,키워드보정,,
63,2026-06-15,2026-06,당진지사,당진지사,INSPECTOR_01,EHS팀 주임,지사 주관,당진지사,낙하·비래·붕괴,낙하ㆍ붕괴,개선필요 [중],2.0,- 유연탄 1부두 모선(ANDROS VIEW) 1번 HOLD 내부 구조물 파손으로 작업간 낙하위험 - 화주사 내용 전달 및 본선측 요청하여 임시조치 진행(로프 및 체인블럭 고정) 추후 접안 전 수리 상태 확인 예정,,미분류,,진행(조치 전),"- 유연탄 1부두 모선(ANDROS VIEW) 1번 HOLD 내부 구조물 파손으로 작업간 낙하위험
- 화주사 내용 전달 및 본선측 요청하여 임시조치 진행(로프 및 체인블럭 고정) 추후 접안 전 수리 상태 확인 예정",,밀폐공간,0,4.0,직접판정,"선박 홀드 내부는 밀폐공간 성격, 구조물파손+낙하위험 결합 → 기본2+가중2=4",
64,2026-06-15,2026-06,전북지사,군산항 부두,INSPECTOR_04,EHS팀 책임,지사 주관,전북지사_ 군산항 부두,전도,전도,개선필요 [하],1.0,1. 위험물저장소 LPG 고정조치 미실시,즉시처리,설치·구조물,위험물저장소 LPG 고정조치 완료,완료,"[군산항 7부두]
1. 위험물저장소 LPG 고정조치 미실시",위험물저장소 LPG 고정조치 완료,화기·인화물인근,1,2.0,키워드보정,,
65,2026-06-12,2026-06,당진지사,당진지사,INSPECTOR_07,EHS팀 선임,지사 주관,당진지사,충돌,충돌,개선필요 [상],3.0,- 유연탄 2부두 승하선기 출입문 설치 작업자 안전모 미착용 - 승하선기 난간 및 주변시설물 부딪힘 위험 안내,즉시처리,보호구지급,- 작업자 안전모 착용 및 작업진행 확인,완료,"- 유연탄 2부두 승하선기 출입문 설치 작업자 안전모 미착용
- 승하선기 난간 및 주변시설물 부딪힘 위험 안내",- 작업자 안전모 착용 및 작업진행 확인,,0,3.0,직접판정,"충돌위험+안전모미착용, 원등급 유지",
66,2026-06-12,2026-06,당진지사,당진지사,INSPECTOR_07,EHS팀 선임,지사 주관,당진지사,정리정돈,정리정돈,개선필요 [중],2.0,- 유연탄 2부두 항운노조 휴게실 출입문 주변 작업도구(호스) 적재 - 휴게실 이동중 넘어짐 및 부딪힘 위험으로 정리정돈 코칭,,미분류,,진행(조치 전),"- 유연탄 2부두 항운노조 휴게실 출입문 주변 작업도구(호스) 적재
- 휴게실 이동중 넘어짐 및 부딪힘 위험으로 정리정돈 코칭",,,0,2.0,직접판정,"정리정돈 문제, 다수인원 이동구간이나 매칭 보수적 미적용",
67,2026-06-12,2026-06,경북지사,문덕창고,INSPECTOR_13,EHS팀 선임,지사 주관,문덕창고,관리적미흡,관리적 미흡,개선필요 [중],2.0,팔레트 정리 작업 시 근골격계질환위험,즉시처리,제거·차단,파레트 정리 시 반드시 2인 1조 작업 실시 교육(24년도 파레트 적재작업 단독 수행 중 허리염좌 사고 안내),진행(조치 후),팔레트 정리 작업 시 근골격계질환위험,파레트 정리 시 반드시 2인 1조 작업 실시 교육(24년도 파레트 적재작업 단독 수행 중 허리염좌 사고 안내),,0,2.0,키워드보정,,
68,2026-06-12,2026-06,당진지사,당진지사,INSPECTOR_01,EHS팀 주임,지사 주관,당진지사,끼임·협착,끼임ㆍ협착,개선필요 [중],2.0,- 석회석 CSU TRAVEL MOTOR 커버 정비 진행 후 커버 미설치 - 회전체로 인해 안전사고 위험,즉시처리,설치·구조물,"- 정비업체 커버 취부 요청 완료,",완료,"- 석회석 CSU TRAVEL MOTOR 커버 정비 진행 후 커버 미설치 
- 회전체로 인해 안전사고 위험","- 정비업체 커버 취부 요청 완료,",,0,2.0,키워드보정,,
69,2026-06-12,2026-06,부산지사,용당,INSPECTOR_08,EHS팀 책임,지사 주관,부산지사_ 용당,감전,감전,개선필요 [하],1.0,용당 위험물 창고 입구 전봇대 분전함 안전표지 부착 미흡,즉시처리,기타,분전함 외부 안전표지 부착 완료,진행(조치 후),용당 위험물 창고 입구 전봇대 분전함 안전표지 부착 미흡,분전함 외부 안전표지 부착 완료,,0,1.0,키워드보정,,
70,2026-06-11,2026-06,경남지사,중량(육송),INSPECTOR_12,EHS팀 책임,지사 주관,경남지사_ 중량(육송),기타,기타,관계법규 위반,4.0,바지선에 화물 선적 작업을 진행할때 라이프자켓 착용 후 무선리모컨을 착용시 라이프자켓의 두께 또는 리모컨 컨트롤 조작간 간섭발생. 위험성보다는 편의성에 대한 부분이지만 장비의 조작등 민감한 부분등을 고려하여 오퍼레이션 대상 착용할 수 있도록 허리춤에 착용용도의 라이프자켓 구매 검토.,즉시처리,보호구지급,허리 착용 용도 라이프 자켓 중량팀 지급완료.,완료,"바지선에 화물 선적 작업을 진행할때 라이프자켓 착용 후 무선리모컨을 착용시 라이프자켓의 두께 또는 리모컨 컨트롤 조작간 간섭발생.
위험성보다는 편의성에 대한 부분이지만 장비의 조작등 민감한 부분등을 고려하여 오퍼레이션 대상 착용할 수 있도록 허리춤에 착용용도의  라이프자켓 구매 검토.",허리 착용 용도 라이프 자켓 중량팀 지급완료.,,0,4.0,키워드보정,,
71,2026-06-11,2026-06,전북지사,완주복합물류센터,INSPECTOR_09,EHS팀 선임,지사 주관,전북지사_ 완주복합물류센터,화재·폭발,화재,개선필요 [하],1.0,- 소방테스트 중 바닥 누수 발생 - 해당부위 공사를 통해 정확한 원인 파악 필요,즉시처리,기타,배관공사 완료,완료,"[완주복합물류센터]
- 소방테스트 중 바닥 누수 발생
- 해당부위 공사를 통해 정확한 원인 파악 필요",배관공사 완료,,0,1.0,키워드보정,,
72,2026-06-11,2026-06,당진지사,당진지사,INSPECTOR_01,EHS팀 주임,지사 주관,당진지사,끼임·협착,끼임ㆍ협착,개선필요 [중],2.0,"- CSU A호기 PORTAL, BOOM 감속기 회전체 방호울 미설치",,미분류,,진행(조치 전),"- CSU A호기 PORTAL, BOOM 감속기 회전체 방호울 미설치",,,0,2.0,키워드보정,,
73,2026-06-11,2026-06,전북지사,군산항 부두,INSPECTOR_04,EHS팀 책임,지사 주관,전북지사_ 군산항 부두,관리적미흡,관리적 미흡,개선필요 [하],1.0,1. 위험물저장소 안전수칙 및 경고표지 부착 필요,즉시처리,교육·지도,위험물 안전수칙 및 경고표지 제작 후 부착 완료,완료,"[군산항 5부두]
1. 위험물저장소 안전수칙 및 경고표지 부착 필요",위험물 안전수칙 및 경고표지 제작 후 부착 완료,,0,1.0,직접판정,낮음,
74,2026-06-11,2026-06,강원지사,삼척,INSPECTOR_02,EHS팀 사원,지사 주관,강원지사_ 삼척,온열·온도,온도ㆍ습도,개선필요 [하],1.0,CABIN 내부 온열질환 대비 냉난방장치 세척필요 → 냉난방장치 내부 필터 교체 및 세척 실시,즉시처리,설치·구조물,냉난방장치 내부 필터 교체 및 세척완료,완료,CABIN 내부 온열질환 대비 냉난방장치 세척필요 → 냉난방장치 내부 필터 교체 및 세척 실시 ,냉난방장치 내부 필터 교체 및 세척완료,,0,1.0,키워드보정,,
75,2026-06-10,2026-06,경남지사,마산항,INSPECTOR_12,EHS팀 책임,지사 주관,경남지사_ 마산항,관리적미흡,관리적 미흡,개선필요 [하],1.0,불안전한 전선거치상태.컨테이너 모서리 부위 마찰 개선 조치필요.,즉시처리,설치·구조물,컨테이너 상부 전선 고정조치.,완료,불안전한 전선거치상태.컨테이너 모서리 부위 마찰 개선 조치필요.,컨테이너 상부 전선 고정조치.,,0,1.0,키워드보정,,
76,2026-06-10,2026-06,경남지사,마산항,INSPECTOR_12,EHS팀 책임,지사 주관,경남지사_ 마산항,관리적미흡,관리적 미흡,개선필요 [하],1.0,경남지사 미사용 통신선 정리 개선조치필요.,즉시처리,제거·차단,미사용 통신선등 제거조치완료.,완료,경남지사 미사용 통신선 정리 개선조치필요.,미사용 통신선등 제거조치완료.,,0,1.0,직접판정,매우낮음,
77,2026-06-10,2026-06,경북지사,하역팀,INSPECTOR_13,EHS팀 선임,지사 주관,하역팀,관리적미흡,관리적 미흡,개선필요 [하],1.0,호퍼 상부 통로 추락주의 표지 노후화. 교체필요,즉시처리,설치·구조물,추락위험 타포린 표지 신규 교체 실시(호퍼 3EA / 통로 6EA 전체 교체),진행(조치 후),호퍼 상부 통로 추락주의 표지 노후화. 교체필요,추락위험 타포린 표지 신규 교체 실시(호퍼 3EA / 통로 6EA 전체 교체),고소·상부작업,2,3.0,키워드보정,,
78,2026-06-10,2026-06,강원지사,안인,INSPECTOR_15,EHS팀 선임,지사 주관,강원지사_ 안인,관리적미흡,관리적 미흡,개선필요 [중],2.0,조도 확보용 플로드라이트(맨 왼쪽) 점등 불량 조도 확보 미흡으로 인한 재해 해당 플로드라이트 수리 요청,즉시처리,기타,조도 확보용 플로드라이트 수리 완료,완료,"<지적사항>
조도 확보용 플로드라이트(맨 왼쪽) 점등 불량
<위험요인>
조도 확보 미흡으로 인한 재해
<조치요청>
해당 플로드라이트 수리 요청",조도 확보용 플로드라이트 수리 완료,,0,2.0,직접판정,"조도부족은 전도·충돌 등 근본원인, 원등급 유지",
79,2026-06-10,2026-06,강원지사,안인,INSPECTOR_15,EHS팀 선임,지사 주관,강원지사_ 안인,관리적미흡,관리적 미흡,개선필요 [상],3.0,인양용 와이아로프 변형 변형에 따른 파단 위험 교체 요청 [산업안전보건기준에 관한 규칙 제 7관 양중기의 와이어로프 등],즉시처리,설치·구조물,인양용 와이어 교체 확인,완료,"<지적사항>
인양용 와이아로프 변형
<위험요인>
변형에 따른 파단 위험
<조치요청>
교체 요청

[산업안전보건기준에 관한 규칙 제 7관 양중기의 와이어로프 등]",인양용 와이어 교체 확인,,0,3.0,키워드보정,,
80,2026-06-10,2026-06,강원지사,안인,INSPECTOR_15,EHS팀 선임,지사 주관,강원지사_ 안인,관리적미흡,관리적 미흡,개선필요 [하],1.0,근로자 이동구간 장해물 확인 근로자 이동구간 정리 미흡으로 인한 재해 발생(넘어짐) 장해물 정리 요청,즉시처리,제거·차단,정리(청소)실시 확인,완료,"<지적사항>
근로자 이동구간 장해물 확인
<위험요인>
근로자 이동구간 정리 미흡으로 인한 재해 발생(넘어짐)
<조치요청>
장해물 정리 요청",정리(청소)실시 확인,,0,1.0,키워드보정,,
81,2026-06-10,2026-06,강원지사,안인,INSPECTOR_15,EHS팀 선임,지사 주관,강원지사_ 안인,추락,추락,개선필요 [상],3.0,"승,하강구간 미끄럼방지패드 미설치 미끄럼방지 조치 미흡에 따른 추락, 전도, 등 사고 발생 미끄럼방지패드 설치 요청",즉시처리,설치·구조물,미끄럼방지패드 설치 확인,완료,"<지적사항>
승,하강구간 미끄럼방지패드 미설치
<위험요인>
미끄럼방지 조치 미흡에 따른 추락, 전도, 등 사고 발생
<조치요청>
미끄럼방지패드 설치 요청",미끄럼방지패드 설치 확인,고소·상부작업,0,4.0,직접판정,"승하강구간은 고소이동경로, 미끄럼방지 부재는 추락 직결 → 기본3+가중2=4(상한)",
82,2026-06-10,2026-06,강원지사,안인,INSPECTOR_15,EHS팀 선임,지사 주관,강원지사_ 안인,정리정돈,정리정돈,개선필요 [중],2.0,"간이운전실 설치구간 장애물 발견 간섭, 분진발생. 등 청소요청",즉시처리,점검·확인,청소(선원) 실시 확인,완료,"<지적사항>
간이운전실 설치구간 장애물 발견
<위험요인>
간섭, 분진발생. 등  
<조치요청>
청소요청",청소(선원) 실시 확인,,0,2.0,키워드보정,,
83,2026-06-09,2026-06,강원지사,동해,INSPECTOR_02,EHS팀 사원,지사 주관,강원지사_ 동해,질식,질식,개선필요 [하],1.0,밀폐공간 작업대비 개인 휴대용 산소캔의 추가 여유분 추가 비치 필요 → 산소캔 추가 구매 및 비치예정,즉시처리,기타,산소캔 추가 구매 및 비치완료,완료,"밀폐공간 작업대비 개인 휴대용 산소캔의 추가 여유분 추가 비치 필요 → 산소캔 추가 구매 및 비치예정
",산소캔 추가 구매 및 비치완료,밀폐공간,2,3.0,키워드보정,,
84,2026-06-09,2026-06,전북지사,군산항역,INSPECTOR_09,EHS팀 선임,지사 주관,전북지사_ 군산항역,기타,기타,개선필요 [하],1.0,- 위험물컨테이너 철송 상하차작업 시 안전수칙 미준수 * 주변 작업통제 구역 설정 및 소화기 비치 필요 * 감시자 현장확인 필요,즉시처리,기타,조치 완료,완료,"[운송팀_군산항역]
- 위험물컨테이너 철송 상하차작업 시 안전수칙 미준수
* 주변 작업통제 구역 설정 및 소화기 비치 필요
* 감시자 현장확인 필요",조치 완료,화기·인화물인근,1,2.0,키워드보정,,
85,2026-06-09,2026-06,부산지사,SBCD,INSPECTOR_08,EHS팀 책임,지사 주관,부산지사_ SBCD,관리적미흡,관리적 미흡,개선필요 [하],1.0,사업장에서 운행 중인 EMPTY HANDLER 및 리치스테커에 부착된 안전표지 노후화로 교체 필요,,미분류,,진행(조치 전),사업장에서 운행 중인 EMPTY HANDLER 및 리치스테커에 부착된 안전표지 노후화로 교체 필요,,,0,1.0,키워드보정,,
86,2026-06-09,2026-06,부산지사,우암,INSPECTOR_14,EHS팀 선임,지사 주관,부산지사_ 우암,화재·폭발,화재,개선필요 [상],3.0,창고 주변 간이대기실 및 흡연구역 내 기름 보관으로 화재 위험 → 보관된 청소차 기름 제거 필요,즉시처리,제거·차단,보관된 청소차 기름 제거 완료,완료,창고 주변 간이대기실 및 흡연구역 내 기름 보관으로 화재 위험 → 보관된 청소차 기름 제거 필요,보관된 청소차 기름 제거 완료,,0,3.0,키워드보정,,
87,2026-06-09,2026-06,부산지사,우암,INSPECTOR_14,EHS팀 선임,지사 주관,부산지사_ 우암,추락,추락,개선필요 [상],3.0,사무동 옥상 시건장치 미흡으로 근로자 출입 중 추락 위험 → 출입하지 못하도록 시건장치 설치 필요,,미분류,,진행(조치 전),사무동 옥상 시건장치 미흡으로 근로자 출입 중 추락 위험 → 출입하지 못하도록 시건장치 설치 필요 ,,고소·상부작업,2,4.0,키워드보정,,
88,2026-06-09,2026-06,부산지사,우암,INSPECTOR_08,EHS팀 책임,지사 주관,부산지사_ 우암,관리적미흡,관리적 미흡,개선필요 [하],1.0,차단기함 외부 감전위험 등의 위험 표지 미부착으로 인한 외부 인원 오조작 위험성,즉시처리,제거·차단,차단기함 위험표지 부착 완료,진행(조치 후),차단기함 외부 감전위험 등의 위험 표지 미부착으로 인한 외부 인원 오조작 위험성,차단기함 위험표지 부착 완료,충전부·고압인근,0,3.0,직접판정,차단기함(충전부) 표지미부착은 오조작에 의한 감전사고 직결 → 기본1+가중2=3,감전
89,2026-06-08,2026-06,부산지사,용당,INSPECTOR_14,EHS팀 선임,지사 주관,부산지사_ 용당,추락,추락,개선필요 [상],3.0,화물차량 운전원 안전모 미착용으로 안전수칙 위반 → 안전모 착용할 수 있도록 조치 필요,즉시처리,보호구지급,안전모 착용 및 작업반경 내 접근금지 조치 완료,완료,화물차량 운전원 안전모 미착용으로 안전수칙 위반 → 안전모 착용할 수 있도록 조치 필요, 안전모 착용 및 작업반경 내 접근금지 조치 완료,,0,3.0,직접판정,"안전모 미착용, 핵심안전수칙 위반 원등급 유지",
90,2026-06-08,2026-06,경북지사,문덕창고,INSPECTOR_13,EHS팀 선임,지사 주관,문덕창고,관리적미흡,관리적 미흡,개선필요 [하],1.0,고철보관 톤백 내 기타 폐기물 혼용 보관,,미분류,,진행(조치 전),고철보관 톤백 내 기타 폐기물 혼용 보관,,,0,1.0,키워드보정,,
91,2026-06-08,2026-06,강원지사,삼척,INSPECTOR_02,EHS팀 사원,지사 주관,강원지사_ 삼척,온열·온도,온도ㆍ습도,개선필요 [하],1.0,온열질환 예방수칙 게시물 26년 노동부 배포자료 최신화 및 부착필요 세방 근로자 휴게실 및 항운노조 휴게실 내 26년 온열질환 예방수칙 게시물 최신화 및 부착,즉시처리,기타,세방 근로자 휴게실 및 항운노조 휴게실 내 26년 온열질환 예방수칙 게시물 최신화 및 부착 완료,완료,"<지적사항>
온열질환 예방수칙 게시물 26년 노동부 배포자료 최신화 및 부착필요
<조치사항>
세방 근로자 휴게실 및 항운노조 휴게실 내 26년 온열질환 예방수칙 게시물 최신화 및 부착",세방 근로자 휴게실 및 항운노조 휴게실 내 26년 온열질환 예방수칙 게시물 최신화 및 부착 완료,,0,1.0,직접판정,"게시물 최신화, 낮음",
92,2026-06-08,2026-06,부산지사,양산,INSPECTOR_08,EHS팀 책임,지사 주관,부산지사_ 양산,온열·온도,온도ㆍ습도,개선필요 [중],2.0,양산SBC 휴게실 내 에어컨 고장 상태로 휴식공간 내 냉방기 상태가 미흡하므로 다가오는 하절기의 폭염 시 온열질환 위험이 있으므로 즉시 교체 또는 수리 요청,,미분류,,진행(조치 전),양산SBC 휴게실 내 에어컨 고장 상태로 휴식공간 내 냉방기 상태가 미흡하므로 다가오는 하절기의 폭염 시 온열질환 위험이 있으므로 즉시 교체 또는 수리 요청 ,,,0,2.0,직접판정,"폭염기 냉방부재, 실질위험이나 표 미매칭 원등급 유지",
93,2026-06-08,2026-06,전북지사,군산항 부두,INSPECTOR_04,EHS팀 책임,지사 주관,전북지사_ 군산항 부두,기타,기타,개선필요 [하],1.0,1. 호퍼 내 구리스 통 방지 → MSDS관련 물질 보관 미흡 2. 해당 구리스 통 폐기물 처리 필요 or MSDS관련 물질 보관 장소에 보관 요함,즉시처리,제거·차단,해당 구리스통 즉시 수거 조치 완료 → 폐기물 처리,완료,"[군산항 5부두]
1. 호퍼 내 구리스 통 방지 → MSDS관련 물질 보관 미흡
2. 해당 구리스 통 폐기물 처리 필요 or MSDS관련 물질 보관 장소에 보관 요함",해당 구리스통 즉시 수거 조치 완료 → 폐기물 처리,,0,1.0,키워드보정,,
94,2026-06-08,2026-06,부산지사,감천,INSPECTOR_14,EHS팀 선임,지사 주관,부산지사_ 감천,기타,기타,개선필요 [하],1.0,하역도구방 내 근골격계질환 관련 안전표지 미흡 → 스트레칭 등 골격계질환 관련 표지 부착 필요,즉시처리,기타,스트레칭 등 근골격계질환 관련 표지 부착 완료,완료,하역도구방 내 근골격계질환 관련 안전표지 미흡 → 스트레칭 등 골격계질환 관련 표지 부착 필요,스트레칭 등 근골격계질환 관련 표지 부착 완료,,0,1.0,키워드보정,,
95,2026-06-08,2026-06,전북지사,군산항 부두,INSPECTOR_04,EHS팀 책임,지사 주관,전북지사_ 군산항 부두,전도,전도,개선필요 [중],2.0,1. 창고 앞 배수로 철판을 덮었으나 일부 open된 상태로 잦은 차량 이동시 철판이 덜컹거림으로 바퀴가 빠져 전도의 위험 2. open된 곳에 추가 철판을 설치필요 및 창고 진입차량 서행토록 전달 요함,즉시처리,설치·구조물,추가 철판 설치 및 일부 고정하여 흔들리지 않도록 개선 완료,완료,"[군산항 5부두]
1. 창고 앞 배수로 철판을 덮었으나 일부 open된 상태로 잦은 차량 이동시 철판이 덜컹거림으로 바퀴가 빠져 전도의 위험
2. open된 곳에 추가 철판을 설치필요 및 창고 진입차량 서행토록 전달 요함",추가 철판 설치 및 일부 고정하여 흔들리지 않도록 개선 완료,,0,2.0,키워드보정,,
96,2026-06-08,2026-06,부산지사,양산,INSPECTOR_14,EHS팀 선임,지사 주관,부산지사_ 양산,전도,전도,개선필요 [상],3.0,화물차량 운전자 슬리퍼 착용으로 작업 시 넘어짐 위험 → 즉시 신발 착용 조치 필요,즉시처리,보호구지급,즉시 신발 착용 조치 완료,완료,화물차량 운전자 슬리퍼 착용으로 작업 시 넘어짐 위험 → 즉시 신발 착용 조치 필요,즉시 신발 착용 조치 완료,,0,3.0,키워드보정,,
97,2026-06-05,2026-06,경남지사,마산항,INSPECTOR_12,EHS팀 책임,지사 주관,경남지사_ 마산항,추락,추락,관계법규 위반,4.0,모듈상부 근로자 추락위험방지조치 미흡.,즉시처리,보호구지급,스마트안전조끼 착용조치.,완료,모듈상부 근로자 추락위험방지조치 미흡.,스마트안전조끼 착용조치.,고소·상부작업,2,4.0,키워드보정,,
98,2026-06-05,2026-06,경남지사,마산항,INSPECTOR_12,EHS팀 책임,지사 주관,경남지사_ 마산항,관리적미흡,관리적 미흡,개선필요 [하],1.0,이동식 계단 노후표지 교체필요.,즉시처리,설치·구조물,노후 표지교체완료.,완료,이동식 계단 노후표지 교체필요.,노후 표지교체완료.,,0,1.0,키워드보정,,
99,2026-06-05,2026-06,경남지사,마산항,INSPECTOR_12,EHS팀 책임,지사 주관,경남지사_ 마산항,화재·폭발,화재,개선필요 [하],1.0,도구창고 내부 멀티탭 먼지 쌓임으로 인해 코드 사용시 화재 발생위험,즉시처리,기타,화재방지 테이프 부착완료.,완료,도구창고 내부 멀티탭 먼지 쌓임으로 인해 코드 사용시 화재 발생위험,화재방지 테이프 부착완료.,,0,1.0,키워드보정,,
100,2026-06-05,2026-06,경북지사,하역팀,INSPECTOR_13,EHS팀 선임,지사 주관,하역팀,관리적미흡,관리적 미흡,개선필요 [중],2.0,와이어로프 태그 미부착에 따른 허용하중 미확인 및 로프파단에 따른 사고위험,,미분류,,진행(조치 전),와이어로프 태그 미부착에 따른 허용하중 미확인 및 로프파단에 따른 사고위험,,,0,3.0,직접판정,"로프파단은 인양물낙하 직결, 허용하중 미확인 상태 - 2에서 상향",
101,2026-06-05,2026-06,당진지사,당진지사,INSPECTOR_07,EHS팀 선임,지사 주관,당진지사,관리적미흡,관리적 미흡,개선필요 [중],2.0,- 유연탄 3부두 CSU F호기 하역진행중이나 작업표지 게시 미흡 - 하역작업중 표지 게시 요청,즉시처리,기타,- 하역작업중 표지 게시 완료,완료,"- 유연탄 3부두 CSU F호기 하역진행중이나 작업표지 게시 미흡
- 하역작업중 표지 게시 요청",- 하역작업중 표지 게시 완료,,0,2.0,키워드보정,,
102,2026-06-05,2026-06,당진지사,당진지사,INSPECTOR_07,EHS팀 선임,지사 주관,당진지사,충돌,충돌,개선필요 [중],2.0,- 유연탄 1부두 이동동선 내 정비업체 고철폐기함 위치 - 작업차량 및 휠로더 이동시 충돌위험으로 위치이동 요청,즉시처리,설치·구조물,- 유연탄 1부두 정비업체 고철폐기함 위치 이동완료,완료,"- 유연탄 1부두 이동동선 내 정비업체 고철폐기함 위치
- 작업차량 및 휠로더 이동시 충돌위험으로 위치이동 요청",- 유연탄 1부두 정비업체 고철폐기함 위치 이동완료,,0,2.0,직접판정,"이동동선 충돌위험, 원등급 유지",
103,2026-06-05,2026-06,당진지사,당진지사,INSPECTOR_07,EHS팀 선임,지사 주관,당진지사,추락,추락,개선필요 [중],2.0,- Mooring hook 주변 출입문 개방 및 미시건 - 추락위험 구역으로 출입문 시건 및 점검 요청,즉시처리,기타,- 출입문 시건 조치 완료,완료,"- Mooring hook 주변 출입문 개방 및 미시건
- 추락위험 구역으로 출입문 시건 및 점검 요청",- 출입문 시건 조치 완료,,0,2.0,키워드보정,,
104,2026-06-05,2026-06,부산지사,용당,INSPECTOR_14,EHS팀 선임,지사 주관,부산지사_ 용당,충돌,충돌,개선필요 [상],3.0,톤백 걸이 작업 중 지게차에 근로자 충돌 위험 → 근로자 주변 라바콘 설치하여 지게차 접근하지 못하도록 조치 필요,즉시처리,설치·구조물,톤백 걸이 작업 시 근로자 주변 라바콘 설치하여 지게차 접근하지 못하도록 조치 완료,완료,톤백 걸이 작업 중 지게차에 근로자 충돌 위험 → 근로자 주변 라바콘 설치하여 지게차 접근하지 못하도록 조치 필요,톤백 걸이 작업 시 근로자 주변 라바콘 설치하여 지게차 접근하지 못하도록 조치 완료,회전체·협착점인근,1,4.0,키워드보정,,
105,2026-06-04,2026-06,경인지사,안성 2센터,INSPECTOR_17,EHS팀 선임,지사 주관,경인지사_ 안성 2센터,감전,감전,개선필요 [중],2.0,해당 미사용 선 전선여부 확인 후 제거 또는 마감조치 필요,즉시처리,점검·확인,"해당 선 전선은 아니며, 정보통신선으로 확인/마감조치 완료",완료,해당 미사용 선 전선여부 확인 후 제거 또는 마감조치 필요,"해당 선 전선은 아니며, 정보통신선으로 확인/마감조치 완료",,0,2.0,키워드보정,,
106,2026-06-04,2026-06,강원지사,동해,INSPECTOR_02,EHS팀 사원,지사 주관,강원지사_ 동해,충돌,충돌,개선필요 [하],1.0,작업 인원 중 안전조끼 미착용에 따른 장비 충돌 등의 위험 상존 작업전 해당 작업자 즉시 안전조끼 착용 실시,즉시처리,보호구지급,작업전 해당 작업자 안전조끼 착용 지시 및 확인,완료,"<지적사항>
작업 인원 중 안전조끼 미착용에 따른 장비 충돌 등의 위험 상존
<조치사항>
작업전 해당 작업자 즉시 안전조끼 착용 실시",작업전 해당 작업자 안전조끼 착용 지시 및 확인,,0,1.0,직접판정,"이미 조치실시, 낮음",
107,2026-06-04,2026-06,강원지사,동해,INSPECTOR_02,EHS팀 사원,지사 주관,강원지사_ 동해,전도,전도,개선필요 [중],2.0,현문사다리 일부구간 난간대 미설치로 인한 작업자 전도 위험 난간대 미설치 구간 추가설치 및 고정조치 진행,즉시처리,설치·구조물,현문사다리 안전 난간대 설치완료,완료,"<지적사항>
현문사다리 일부구간 난간대 미설치로 인한 작업자 전도 위험
<조치사항>
난간대 미설치 구간 추가설치 및 고정조치 진행",현문사다리 안전 난간대 설치완료,고소·상부작업,2,4.0,키워드보정,,
108,2026-06-04,2026-06,부산지사,양산,INSPECTOR_08,EHS팀 책임,지사 주관,부산지사_ 양산,감전,감전,개선필요 [하],1.0,양산 SBC 창고 내 미사용 분전함 안전표지 미부착으로 조작 시 감전 위험 있음. 안전표지 부착 필요,즉시처리,교육·지도,분전함 감전경고 및 관리자외 조작금지 표지 부착 완료,완료,양산 SBC 창고 내 미사용 분전함 안전표지 미부착으로 조작 시 감전 위험 있음. 안전표지 부착 필요,분전함 감전경고 및 관리자외 조작금지 표지 부착 완료,,0,1.0,키워드보정,,
109,2026-06-04,2026-06,부산지사,우암,INSPECTOR_14,EHS팀 선임,지사 주관,부산지사_ 우암,관리적미흡,관리적 미흡,개선필요 [중],2.0,사무동 옥상 파손된 누수방지 철판 관리 미흡 → 누수방지 철판 재작업 및 정리정돈 필요,즉시처리,제거·차단,누수방지 철판 재작업 및 정리정돈 완료,완료,사무동 옥상 파손된 누수방지 철판 관리 미흡 → 누수방지 철판 재작업 및 정리정돈 필요,누수방지 철판 재작업 및 정리정돈 완료,고소·상부작업,2,4.0,키워드보정,,
110,2026-06-04,2026-06,삼천포지사,삼천포발전,INSPECTOR_06,사원,지사 주관,삼천포지사_ 삼천포발전,화재·폭발,화재,개선필요 [중],2.0,콘센트 내부 먼지 및 분진 축적으로 인한 화재 위험 가능성 존재,즉시처리,기타,- 콘센트 내부 먼지 및 분진 청소 - 미사용 콘센트 플러그 커버 사용,완료,콘센트 내부 먼지 및 분진 축적으로 인한 화재 위험 가능성 존재,"- 콘센트 내부 먼지 및 분진 청소
- 미사용 콘센트 플러그 커버 사용",,0,2.0,직접판정,전기화재 가능성이나 표 미매칭 원등급 유지,
111,2026-06-02,2026-06,경인지사,안성 2센터,INSPECTOR_17,EHS팀 선임,지사 주관,경인지사_ 안성 2센터,관리적미흡,관리적 미흡,개선필요 [하],1.0,보행자통로에 배터리 화물 간섭으로 보행자 전도 위험,즉시처리,점검·확인,보행자통로 지장물 이동상태 확인,완료,보행자통로에 배터리 화물 간섭으로 보행자 전도 위험,보행자통로 지장물 이동상태 확인,,0,1.0,키워드보정,,
112,2026-06-02,2026-06,경인지사,안성 2센터,INSPECTOR_17,EHS팀 선임,지사 주관,경인지사_ 안성 2센터,관리적미흡,관리적 미흡,개선필요 [하],1.0,외부 도어 개폐버튼 시건 또는 관계자외 취급금지 등의 표지 부착 필요,즉시처리,점검·확인,관계자외 작동금지 표지 부착상태 확인,완료,"외부 도어 개폐버튼 시건 또는 관계자외 취급금지
등의 표지 부착 필요",관계자외 작동금지 표지 부착상태 확인,,0,1.0,직접판정,낮음,
113,2026-06-02,2026-06,경인지사,안성 2센터,INSPECTOR_17,EHS팀 선임,지사 주관,경인지사_ 안성 2센터,관리적미흡,관리적 미흡,개선필요 [하],1.0,취급 물질과 관련없는 MSDS 제거 필요,즉시처리,제거·차단,취급물질과 관련없는 MSDS 제거 확인,완료,취급 물질과 관련없는 MSDS 제거 필요,취급물질과 관련없는 MSDS 제거 확인,,0,1.0,키워드보정,,
114,2026-06-02,2026-06,경북지사,문덕창고,INSPECTOR_13,EHS팀 선임,지사 주관,문덕창고,끼임·협착,끼임ㆍ협착,개선필요 [중],2.0,지게차 안전거리 유지 미흡에 따른 사고위험 존재,,미분류,,진행(조치 전),지게차 안전거리 유지 미흡에 따른 사고위험 존재,,회전체·협착점인근,1,3.0,직접판정,"지게차 협착위험, 기본2+가중1=3",
115,2026-06-02,2026-06,부산지사,감천,INSPECTOR_08,EHS팀 책임,지사 주관,부산지사_ 감천,관리적미흡,관리적 미흡,관계법규 위반,4.0,정수기가 없는 휴게실 내 생수가 미비치 되어 있어 즉시 비치하도록 지도 함,즉시처리,교육·지도,휴게실 냉장고 내 생수 비치 완료 및 주기적으로 확인하여 생수 부족시 즉시 비치 지도,완료,정수기가 없는 휴게실 내 생수가 미비치 되어 있어 즉시 비치하도록 지도 함,휴게실 냉장고 내 생수 비치 완료 및 주기적으로 확인하여 생수 부족시 즉시 비치 지도,,0,1.0,직접판정,"생수 비치 문제는 직접적 안전위해와 무관 - 원본4점은 과대책정으로 판단, 대폭 하향",
116,2026-06-02,2026-06,부산지사,우암,INSPECTOR_14,EHS팀 선임,지사 주관,부산지사_ 우암,관리적미흡,관리적 미흡,개선필요 [중],2.0,창고 내 환기팬 LED 전등 미점등으로 작동 확인 불가 → LED 전등 교체 필요,즉시처리,설치·구조물,LED 전등 교체 완료,완료,창고 내 환기팬 LED 전등 미점등으로 작동 확인 불가 → LED 전등 교체 필요,LED 전등 교체 완료,,0,2.0,키워드보정,,
117,2026-06-02,2026-06,전북지사,군산항 부두,INSPECTOR_04,EHS팀 책임,지사 주관,전북지사_ 군산항 부두,온열·온도,온도ㆍ습도,개선필요 [중],2.0,1. 각 부두 근로자 휴게시설 내 에어컨이 설치되어 있으나 음용수 비치가 되어 있지 않음 1. 여름철 혹서기 대비 근로자 휴게시설 내 음용수 비치 필요,즉시처리,기타,각 부두 근로자 휴게시설내 음용수(냉·온수기 비치 완료),완료,"[전북지사 군산항 일원]
1. 각 부두 근로자 휴게시설 내 에어컨이 설치되어 있으나 음용수 비치가 되어 있지 않음
1. 여름철 혹서기 대비 근로자 휴게시설 내 음용수 비치 필요",각 부두 근로자 휴게시설내 음용수(냉·온수기 비치 완료),,0,2.0,키워드보정,,
118,2026-06-02,2026-06,강원지사,삼척,INSPECTOR_02,EHS팀 사원,지사 주관,강원지사_ 삼척,기타,기타,개선필요 [하],1.0,작업 중 부상자 응급처치용 구급함 세트 비치 및 지급 필요 → 구급함 세트 비치 예정,즉시처리,기타,작업 중 부상자 응급처치용 구급합 세트 비치완료,완료,작업 중 부상자 응급처치용 구급함 세트 비치 및 지급 필요 → 구급함 세트 비치 예정,작업 중 부상자 응급처치용 구급합 세트 비치완료,,0,1.0,키워드보정,,
119,2026-06-02,2026-06,강원지사,삼척,INSPECTOR_02,EHS팀 사원,지사 주관,강원지사_ 삼척,기타,기타,개선필요 [하],1.0,외부 작업 시 분진 흩날림으로 인한 이물질 접촉 시 제거를 위해 응급세척용 생리식염수 구비필요 → 생리식염수 비치예정,즉시처리,제거·차단,눈 이물질 제거용 생리식염수 비치완료,완료,외부 작업 시 분진 흩날림으로 인한 이물질 접촉 시 제거를 위해 응급세척용 생리식염수 구비필요 → 생리식염수 비치예정,눈 이물질 제거용 생리식염수 비치완료,,0,1.0,키워드보정,,
120,2026-06-02,2026-06,강원지사,삼척,INSPECTOR_02,EHS팀 사원,지사 주관,강원지사_ 삼척,기타,기타,개선필요 [하],1.0,외부작업 시 직사광선으로 따른 시야 확보 필요 → 안전모 직사광선 차단용 썬캡 설치예정,즉시처리,설치·구조물,안전모 외부 직사광선 차단용 썬캡 설치완료,완료,외부작업 시 직사광선으로 따른 시야 확보 필요 → 안전모 직사광선 차단용 썬캡 설치예정,안전모 외부 직사광선 차단용 썬캡 설치완료,,0,1.0,키워드보정,,
121,2026-06-01,2026-06,당진지사,당진지사,INSPECTOR_01,EHS팀 주임,지사 주관,당진지사,전도,전도,개선필요 [하],1.0,"- 유연탄 2부두 CSU 오일 누유로 부두 내 이동간 전도사고 위험 - 정비업체 현장 확인 완료, 자재 수급 지연으로 자재입고 후 정비예정",즉시처리,설치·구조물,- 임시조치 진행 완료 및 6/2 정비진행 예정 확인,완료,"- 유연탄 2부두 CSU 오일 누유로 부두 내 이동간 전도사고 위험
- 정비업체 현장 확인 완료, 자재 수급 지연으로 자재입고 후 정비예정",- 임시조치 진행 완료 및 6/2 정비진행 예정 확인,다수인원노출,1,2.0,직접판정,"부두 내 이동간=다수인원 통행구간, 기본1+가중1=2",
122,2026-06-01,2026-06,당진지사,당진지사,INSPECTOR_01,EHS팀 주임,지사 주관,당진지사,추락,추락,개선필요 [하],1.0,"- 유연탄 3부두 승,하선기 계단부 용접부 탈락으로 이동간 추락위험",즉시처리,설치·구조물,- 정비완료,완료,"- 유연탄 3부두 승,하선기 계단부 용접부 탈락으로 이동간 추락위험",- 정비완료,고소·상부작업,2,3.0,직접판정,"승하선기 계단(고소이동구간) 구조물탈락, 기본1+가중2=3",
123,2026-06-01,2026-06,경북지사,영일만항물류센터,INSPECTOR_13,EHS팀 선임,지사 주관,영일만항물류센터,낙하·비래·붕괴,낙하ㆍ붕괴,개선필요 [중],2.0,영일만항 물류센터 내 적재된 톤백 붕괴 위험 존재,,미분류,,진행(조치 전),영일만항 물류센터 내 적재된 톤백 붕괴 위험 존재,,,0,2.0,키워드보정,,
124,2026-06-01,2026-06,전북지사,전주 동산역,INSPECTOR_09,EHS팀 선임,지사 주관,전북지사_ 전주 동산역,충돌,충돌,개선필요 [하],1.0,- 화물차 운전원 임시검수장(콘해체 체결 작업구역) 안내 표지 부착 필요,즉시처리,기타,조치 완료,완료,"[운송팀_동산역]
- 화물차 운전원 임시검수장(콘해체 체결 작업구역) 안내 표지 부착 필요",조치 완료,,0,1.0,키워드보정,,
125,2026-06-01,2026-06,부산지사,SBCD,INSPECTOR_08,EHS팀 책임,지사 주관,부산지사_ SBCD,관리적미흡,관리적 미흡,개선필요 [하],1.0,세척장 하부 청소상태 미흡으로 즉시 정리정돈 지도,즉시처리,기타,세척장 하부 청소 실시 완료,완료,세척장 하부 청소상태 미흡으로 즉시 정리정돈 지도,세척장 하부 청소 실시 완료,,0,1.0,키워드보정,,
126,2026-06-01,2026-06,부산지사,SBCD,INSPECTOR_08,EHS팀 책임,지사 주관,부산지사_ SBCD,전도,전도,개선필요 [중],2.0,야드 파손 구역에 장비 이동 시 전도 위험이 있으므로 보수 필요,,미분류,,진행(조치 전),야드 파손 구역에 장비 이동 시 전도 위험이 있으므로 보수 필요,,,0,2.0,키워드보정,,
127,2026-06-01,2026-06,부산지사,SBCD,INSPECTOR_08,EHS팀 책임,지사 주관,부산지사_ SBCD,관리적미흡,관리적 미흡,개선필요 [하],1.0,현장에서 사용중인 작업도구의 노후화로 인해 작업중 도구 파손의 위험 수반 등의 관리적인 부분 미흡,즉시처리,설치·구조물,노후 작업도구 신규 구매하여 교체 완료,완료,현장에서 사용중인 작업도구의 노후화로 인해 작업중 도구 파손의 위험 수반 등의 관리적인 부분 미흡,노후 작업도구 신규 구매하여 교체 완료,,0,1.0,직접판정,낮음,
128,2026-06-01,2026-06,부산지사,SBCD,INSPECTOR_14,EHS팀 선임,지사 주관,부산지사_ SBCD,추락,추락,개선필요 [상],3.0,외부업체(환경관리 대행업체) 안전보호구 미착용으로 작업 시 근로자 추락 위험 → 즉시 안전모 착용 조치 필요,즉시처리,보호구지급,즉시 안전모 착용 조치 완료,완료,외부업체(환경관리 대행업체) 안전보호구 미착용으로 작업 시 근로자 추락 위험 → 즉시 안전모 착용 조치 필요,즉시 안전모 착용 조치 완료,,0,3.0,키워드보정,,
129,2026-06-01,2026-06,부산지사,SBCD,INSPECTOR_14,EHS팀 선임,지사 주관,부산지사_ SBCD,충돌,충돌,개선필요 [상],3.0,화물차량 운전자 대상 안전수칙 알림 미흡으로 인한 충돌 사고 위험 → 안전수칙 부착 필요,,미분류,,진행(조치 전),화물차량 운전자 대상 안전수칙 알림 미흡으로 인한 충돌 사고 위험 → 안전수칙 부착 필요,,,0,3.0,키워드보정,,
130,2026-05-29,2026-05,부산지사,용당,INSPECTOR_14,EHS팀 선임,지사 주관,부산지사_ 용당,관리적미흡,관리적 미흡,개선필요 [중],2.0,랩핑기 경고 등 안전표지 떨어짐 → 랩핑기 경고 등 안전표지 재부착 필요,즉시처리,교육·지도,랩핑기 경고 등 안전표지 재부착 완료,완료,랩핑기 경고 등 안전표지 떨어짐 → 랩핑기 경고 등 안전표지 재부착 필요,랩핑기 경고 등 안전표지 재부착 완료,,0,2.0,키워드보정,,
131,2026-05-29,2026-05,당진지사,당진지사,INSPECTOR_01,EHS팀 주임,지사 주관,당진지사,추락,추락,개선필요 [중],2.0,- CSU 운전원 해치커버 상부 작업시 안전그네 미착용으로 추락위험,즉시처리,보호구지급,- 작업중지 후 안전그네 착용 후 작업재개 확인,완료,- CSU 운전원 해치커버 상부 작업시 안전그네 미착용으로 추락위험,- 작업중지 후 안전그네 착용 후 작업재개 확인,고소·상부작업,2,4.0,키워드보정,,
132,2026-05-29,2026-05,당진지사,당진지사,INSPECTOR_07,EHS팀 선임,지사 주관,당진지사,관리적미흡,관리적 미흡,개선필요 [중],2.0,- 2부두 환복실 벽면 자동확산 소화기에 우비 거치 - 우비로 인한 화재발생 초기대응 불가,즉시처리,제거·차단,- 자동확산 소화기 주변 정리정돈 진행,완료,"- 2부두 환복실 벽면 자동확산 소화기에 우비 거치
- 우비로 인한 화재발생 초기대응 불가",- 자동확산 소화기 주변 정리정돈 진행,화기·인화물인근,1,3.0,키워드보정,,
133,2026-05-29,2026-05,경북지사,문덕,INSPECTOR_13,EHS팀 선임,지사 주관,경북지사_ 문덕,충돌,충돌,개선필요 [중],2.0,신호 작업자 작업위치 불량 - 중장비 등지고 신호 실시,즉시처리,기타,신호수 안전장소에서 신호 실시 준수 요청 (보행통로 위),진행(조치 후),신호 작업자 작업위치 불량 - 중장비 등지고 신호 실시,신호수 안전장소에서 신호 실시 준수 요청 (보행통로 위),,0,2.0,키워드보정,,
134,2026-05-29,2026-05,경북지사,문덕,INSPECTOR_13,EHS팀 선임,지사 주관,경북지사_ 문덕,화재·폭발,화재,개선필요 [중],2.0,소화기함 진입로 화물적재에 따른 화재 시 소화기 사용 불가,,미분류,,진행(조치 전),소화기함 진입로 화물적재에 따른 화재 시 소화기 사용 불가,,화기·인화물인근,1,3.0,키워드보정,,
135,2026-05-29,2026-05,경북지사,문덕,INSPECTOR_13,EHS팀 선임,지사 주관,경북지사_ 문덕,감전,감전,개선필요 [중],2.0,출차주의등 파손에의한 감전위험,즉시처리,설치·구조물,출차주의등 파손분 교체 실시,진행(조치 후),출차주의등 파손에의한 감전위험,출차주의등 파손분 교체 실시,,0,2.0,직접판정,"등화장치 감전위험, 원등급 유지(고압 아님)",
136,2026-05-29,2026-05,경남지사,사무실,INSPECTOR_12,EHS팀 책임,지사 주관,경남지사_ 사무실,정리정돈,정리정돈,개선필요 [하],1.0,폐유 발생시 폐유보관통에 옮겨담은후 정리정돈 및 시건조치필요.,즉시처리,제거·차단,정리정돈 및 폐유류 증기 발생대비 뚜껑등 밀폐 조치완료.,완료,폐유 발생시 폐유보관통에 옮겨담은후 정리정돈 및 시건조치필요.,정리정돈 및 폐유류 증기 발생대비 뚜껑등 밀폐 조치완료.,,0,1.0,키워드보정,,
137,2026-05-29,2026-05,삼천포지사,GGP,INSPECTOR_11,사원,지사 주관,삼천포지사_ GGP,관리적미흡,관리적 미흡,개선필요 [중],2.0,갱웨이 타워 출입문 시건장치 자석 탈락으로 출입 통제가 원활하지 않은 상태임. 보수 조치 필요,즉시처리,설치·구조물,탈락된 시건장치 자석을 재설치하여 출입문 고정 및 출입 통제가 정상적으로 이루어질 수 있도록 개선함,완료,갱웨이 타워 출입문 시건장치 자석 탈락으로 출입 통제가 원활하지 않은 상태임. 보수 조치 필요,탈락된 시건장치 자석을 재설치하여 출입문 고정 및 출입 통제가 정상적으로 이루어질 수 있도록 개선함,,2,2.0,직접판정,"출입통제 불량, 고소작업 아님, 원등급 유지",
138,2026-05-28,2026-05,경인지사,안성 3센터,INSPECTOR_17,EHS팀 선임,지사 주관,경인지사_ 안성 3센터,기타,기타,개선필요 [중],2.0,나무PLT 적재단수 초과 및 보관장소로 이동 필요,즉시처리,기타,나무파레트 정렬 및 반출조치 완료,완료,나무PLT 적재단수 초과 및 보관장소로 이동 필요,나무파레트 정렬 및 반출조치 완료,,0,2.0,직접판정,"적재불량, 원등급 유지",
139,2026-05-28,2026-05,경인지사,안성 3센터,INSPECTOR_17,EHS팀 선임,지사 주관,경인지사_ 안성 3센터,충돌,충돌,개선필요 [중],2.0,충돌방지 볼라드 하부 고정조치 미흡,즉시처리,기타,볼라드 하부 보강조치 완료,완료,충돌방지 볼라드 하부 고정조치 미흡,볼라드 하부 보강조치 완료,,0,2.0,키워드보정,,
140,2026-05-28,2026-05,경인지사,안성 3센터,INSPECTOR_17,EHS팀 선임,지사 주관,경인지사_ 안성 3센터,관리적미흡,관리적 미흡,개선필요 [하],1.0,안전보건표지 탈락으로 재부착 필요,,미분류,,진행(조치 전),안전보건표지 탈락으로 재부착 필요,,,0,1.0,키워드보정,,
141,2026-05-28,2026-05,당진지사,당진지사,INSPECTOR_01,EHS팀 주임,지사 주관,당진지사,관리적미흡,관리적 미흡,개선필요 [하],1.0,- CSU A호기 이동통로 정비 폐자재 방치로 이동간 안전사고 위험,즉시처리,설치·구조물,- 정비부서 요청하여 청소진행 완료,완료,- CSU A호기 이동통로 정비 폐자재 방치로 이동간 안전사고 위험,- 정비부서 요청하여 청소진행 완료,다수인원노출,1,2.0,키워드보정,,
142,2026-05-28,2026-05,삼천포지사,삼천포발전,INSPECTOR_06,사원,지사 주관,삼천포지사_ 삼천포발전,화재·폭발,화재,개선필요 [중],2.0,휠로더 배터리부 유연탄 분진 오염,즉시처리,제거·차단,배터리부 유연탄 분진 제거,완료,휠로더 배터리부 유연탄 분진 오염,배터리부 유연탄 분진 제거,,0,2.0,직접판정,"분진화재 가능성, 표 미매칭 원등급 유지",
143,2026-05-27,2026-05,전북지사,군산항역,INSPECTOR_09,EHS팀 선임,지사 주관,전북지사_ 군산항역,충돌,충돌,개선필요 [하],1.0,- CY내 화물차량 일렬정차 기준 위반에 따른 즉시 이동조치,즉시처리,기타,- 즉시조치,완료,"[운송팀_군산항역]
- CY내 화물차량 일렬정차 기준 위반에 따른 즉시 이동조치",- 즉시조치,,0,1.0,키워드보정,,
144,2026-05-27,2026-05,당진지사,당진지사,INSPECTOR_01,EHS팀 주임,지사 주관,당진지사,관리적미흡,관리적 미흡,개선필요 [하],1.0,"- CSU C,D호기 TRAVEL ANCHOR 육측 고착으로 인해 동작 불량",즉시처리,설치·구조물,- TRAVEL ANCHOR 앙카 정비 완료 확인,완료,"- CSU C,D호기 TRAVEL ANCHOR 육측 고착으로 인해 동작 불량",- TRAVEL ANCHOR 앙카 정비 완료 확인,,0,1.0,키워드보정,,
145,2026-05-27,2026-05,당진지사,당진지사,INSPECTOR_01,EHS팀 주임,지사 주관,당진지사,관리적미흡,관리적 미흡,개선필요 [하],1.0,- 유연탄 3부두 AMP(고전압) 안전펜스 부식으로 인한 파손,즉시처리,설치·구조물,- 정비부서 정비진행 완료,완료,- 유연탄 3부두 AMP(고전압) 안전펜스 부식으로 인한 파손,- 정비부서 정비진행 완료,,0,1.0,키워드보정,,
146,2026-05-27,2026-05,강원지사,동해,INSPECTOR_02,EHS팀 사원,지사 주관,강원지사_ 동해,온열·온도,온도ㆍ습도,개선필요 [하],1.0,하절기 폭염으로 인한 온열질환 예방을 위한 안전보건 게시물 게시 필요 하절기 폭염으로 인한 체감온도별 조치 및 온열질환 증상자 발생 위험 온열질환 예방 안전수칙 게시물 게시 진행,즉시처리,기타,하절기 폭염으로 인한 온열질환 예방 안전수칙 게시물 부착 및 게시 완료,완료,"<지적사항>
하절기 폭염으로 인한 온열질환 예방을 위한 안전보건 게시물 게시 필요
<위험요인>
하절기 폭염으로 인한 체감온도별 조치 및 온열질환 증상자 발생 위험
<조치요청>
온열질환 예방 안전수칙 게시물 게시 진행",하절기 폭염으로 인한 온열질환 예방 안전수칙 게시물 부착 및 게시 완료,,0,1.0,직접판정,낮음,
147,2026-05-27,2026-05,부산지사,감천,INSPECTOR_14,EHS팀 선임,지사 주관,부산지사_ 감천,온열·온도,온도ㆍ습도,개선필요 [중],2.0,신규 컨테이너 사무실 내 냉방기 미설치로 인한 온열질환 위험 → 신규 컨테이너 내 에어컨 설치 필요,즉시처리,설치·구조물,신규 컨테이너 내 에어컨 설치 완료 (기존 컨테이너 설치된 에어컨 이설),완료,신규 컨테이너 사무실 내 냉방기 미설치로 인한 온열질환 위험 → 신규 컨테이너 내 에어컨 설치 필요,신규 컨테이너 내 에어컨 설치 완료 (기존 컨테이너 설치된 에어컨 이설),,0,2.0,직접판정,원등급 유지,
148,2026-05-27,2026-05,경남지사,마산항,INSPECTOR_12,EHS팀 책임,지사 주관,경남지사_ 마산항,관리적미흡,관리적 미흡,개선필요 [하],1.0,샤워공간 환경 위생 등 청결상태 미흡. 곰팡이 제거듬 청소 조치필요.,즉시처리,제거·차단,샤워실 내부 곰팡이 제거 등 청소 조치 완료.,완료,"샤워공간 환경 위생 등 청결상태 미흡.
곰팡이 제거듬 청소 조치필요.",샤워실 내부 곰팡이 제거 등 청소  조치 완료.,,0,1.0,키워드보정,,
149,2026-05-26,2026-05,경남지사,사무실,INSPECTOR_12,EHS팀 책임,지사 주관,경남지사_ 사무실,정리정돈,정리정돈,개선필요 [하],1.0,1층 폐기물 보관구간 폐기대상물품이 가득참으로 인한 혼잡. 여름철 위생 등 청결예방을 위해 정리조치 필요.,즉시처리,제거·차단,폐기물업체 연락하여 정리조치 및 청소 완료.,완료,"1층 폐기물 보관구간 폐기대상물품이 가득참으로 인한 혼잡.
여름철 위생 등 청결예방을 위해 정리조치 필요.",폐기물업체 연락하여 정리조치 및 청소 완료.,,0,1.0,키워드보정,,
150,2026-05-26,2026-05,전북지사,완주복합물류센터,INSPECTOR_09,EHS팀 선임,지사 주관,전북지사_ 완주복합물류센터,기타,기타,개선필요 [중],2.0,- 옥외스프링클러 탈락으로 정비 필요,즉시처리,설치·구조물,탈락부위 정비완료,완료,"[완주복합물류센터 옥외장치장(H동)]
- 옥외스프링클러 탈락으로 정비 필요",탈락부위 정비완료,,0,2.0,키워드보정,,
151,2026-05-26,2026-05,전북지사,완주복합물류센터,INSPECTOR_09,EHS팀 선임,지사 주관,전북지사_ 완주복합물류센터,기타,기타,개선필요 [중],2.0,- 포소화액 드레인밸브 누수로 인해 교체 필요 * 포소화액탱크 팽창역할이 미흡하여 비상시 작동되지 않을 위험이 높음,즉시처리,기타,- 누수부위 드레인 작업 - 캡을 이용하여 밸브 마감 완료,완료,"[완주복합물류센터 소방펌프실]
- 포소화액 드레인밸브 누수로 인해 교체 필요
* 포소화액탱크 팽창역할이 미흡하여 비상시 작동되지 않을 위험이 높음","- 누수부위 드레인 작업
- 캡을 이용하여 밸브 마감 완료",,0,2.0,직접판정,"소방설비 고장(대응력저하), 원등급 유지",
152,2026-05-26,2026-05,전북지사,완주복합물류센터,INSPECTOR_09,EHS팀 선임,지사 주관,전북지사_ 완주복합물류센터,기타,기타,개선필요 [중],2.0,"- 포소화액 릴리프밸브 누수로 인해 교체 필요 * 과압으로 인해 누출, 포소화액작동 등 문제 발생 위험이 높음",즉시처리,설치·구조물,-교체작업 완료 -누수여부 확인결과 이상없음,완료,"[완주복합물류센터 소방펌프실]
- 포소화액 릴리프밸브 누수로 인해 교체 필요
* 과압으로 인해 누출, 포소화액작동 등 문제 발생 위험이 높음","-교체작업 완료
-누수여부 확인결과 이상없음",,0,2.0,키워드보정,,
153,2026-05-26,2026-05,강원지사,안인,INSPECTOR_15,EHS팀 선임,지사 주관,강원지사_ 안인,화재·폭발,화재,개선필요 [중],2.0,컨테이너 내부 가연성 생활쓰레기 방치 위험요인 화재 발생 시 급격한 연소 확산 위험 - 컨테이너 내부 방치 폐기물 즉시 제거 요청 - 화재 예방을 위한 정리정돈 및 청결상태 유지관리 강화 요청,즉시처리,제거·차단,- 컨테이너 내부 방치 폐기물 즉시 제거 - 화재 예방을 위한 정리정돈 및 청결상태 유지 확인,완료,"<지적사항>
컨테이너 내부 가연성 생활쓰레기 방치
위험요인
<위험요인>
화재 발생 시 급격한 연소 확산 위험
<조치요청>
- 컨테이너 내부 방치 폐기물 즉시 제거 요청
- 화재 예방을 위한 정리정돈 및 청결상태 유지관리 강화 요청","- 컨테이너 내부 방치 폐기물 즉시 제거
- 화재 예방을 위한 정리정돈 및 청결상태 유지 확인",,0,2.0,키워드보정,,
154,2026-05-26,2026-05,강원지사,안인,INSPECTOR_15,EHS팀 선임,지사 주관,강원지사_ 안인,관리적미흡,관리적 미흡,개선필요 [하],1.0,안전관리 서류 부착 상태 및 보관 관리 미흡 - 서류 훼손 및 오염에 따른 가독성 저하 - 중요 안전정보 확인 지연 가능성 - 안전서류 전용 보관함 설치 요청 - 서류 훼손·분실 방지를 위한 방수형 관리함 적용 요청,즉시처리,설치·구조물,보관함 설치확인/방수형 관리함 적용 실시 확인,완료,"<지적사항>
안전관리 서류 부착 상태 및 보관 관리 미흡
<위험요인>
- 서류 훼손 및 오염에 따른 가독성 저하
- 중요 안전정보 확인 지연 가능성
<조치요청>
- 안전서류 전용 보관함 설치 요청
- 서류 훼손·분실 방지를 위한 방수형 관리함 적용 요청",보관함 설치확인/방수형 관리함 적용 실시 확인,,0,1.0,키워드보정,,
155,2026-05-26,2026-05,강원지사,안인,INSPECTOR_15,EHS팀 선임,지사 주관,강원지사_ 안인,추락,추락,개선필요 [중],2.0,승·하강부 미끄럼방지 테이프 훼손 및 탈락 - 승·하강 시 발 미끄러짐에 의한 추락 위험 - 우천 및 습윤 상태 시 미끄럼 위험 증가 - 훼손 및 탈락된 미끄럼방지 테이프 즉시 교체 요청 - 승·하강부 전 구간 미끄럼방지 상태 점검 요청,즉시처리,점검·확인,- 미끄럼방지 조치 보완 - 승·하강부 전 구간 미끄럼방지 상태 점검 확인,완료,"<지적사항>
승·하강부 미끄럼방지 테이프 훼손 및 탈락
<위험요인>
- 승·하강 시 발 미끄러짐에 의한 추락 위험
- 우천 및 습윤 상태 시 미끄럼 위험 증가
<조치요청>
- 훼손 및 탈락된 미끄럼방지 테이프 즉시 교체 요청
- 승·하강부  전 구간 미끄럼방지 상태 점검 요청","- 미끄럼방지 조치 보완
- 승·하강부 전 구간 미끄럼방지 상태 점검 확인",,0,2.0,키워드보정,,
156,2026-05-26,2026-05,강원지사,안인,INSPECTOR_15,EHS팀 선임,지사 주관,강원지사_ 안인,관리적미흡,관리적 미흡,개선필요 [하],1.0,이동통로 내 생활폐기물 및 작업 부산물 방치로 통행 장애 발생 - 작업자 이동 시 걸림·넘어짐 위험 - 비상 시 대피동선 확보 불량 - 작업장 정리정돈 미흡에 따른 안전관리 수준 저하 - 이동통로 내 적치물 및 폐기물 즉시 제거 요청 - 지정 폐기물 보관장소 외 임의 적치 금지 요청,즉시처리,제거·차단,- 이동통로 내 적치물 및 폐기물 즉시 제거 실시 - 지정 폐기물 보관장소 외 임의 적치 금지 전파,완료,"<지적사항>
이동통로 내 생활폐기물 및 작업 부산물 방치로 통행 장애 발생
<위험요인>
- 작업자 이동 시 걸림·넘어짐 위험
- 비상 시 대피동선 확보 불량
- 작업장 정리정돈 미흡에 따른 안전관리 수준 저하
<조치요청>
- 이동통로 내 적치물 및 폐기물 즉시 제거 요청
- 지정 폐기물 보관장소 외 임의 적치 금지 요청","- 이동통로 내 적치물 및 폐기물 즉시 제거 실시
- 지정 폐기물 보관장소 외 임의 적치 금지 전파 ",다수인원노출,1,2.0,키워드보정,,
157,2026-05-26,2026-05,부산지사,감천,INSPECTOR_08,EHS팀 책임,지사 주관,부산지사_ 감천,정리정돈,정리정돈,개선필요 [중],2.0,도구방 내 파손된 작업용 발판을 보관하고 있어 사용 위험이 있으므로 폐기 또는 분리 조치 실시,즉시처리,제거·차단,파손된 작업용 발판 폐기 조치,완료,도구방 내 파손된 작업용 발판을 보관하고 있어 사용 위험이 있으므로 폐기 또는 분리 조치 실시,파손된 작업용 발판 폐기 조치,,0,2.0,키워드보정,,
158,2026-05-26,2026-05,부산지사,감천,INSPECTOR_08,EHS팀 책임,지사 주관,부산지사_ 감천,정리정돈,정리정돈,개선필요 [하],1.0,휴게실 정리정돈 상태 미흡하여 정리 조치 실시,즉시처리,제거·차단,"휴게실 내 이불, 베개 등 침구류 사용 후 정리정돈 실시",완료,휴게실 정리정돈 상태 미흡하여 정리 조치 실시,"휴게실 내 이불, 베개 등 침구류 사용 후 정리정돈 실시",,0,1.0,키워드보정,,
159,2026-05-26,2026-05,부산지사,감천,INSPECTOR_08,EHS팀 책임,지사 주관,부산지사_ 감천,정리정돈,정리정돈,개선필요 [하],1.0,야드 내 미화 상태 불량으로 정리 조치 실시,즉시처리,제거·차단,야드 정리 및 청소 실시,완료,야드 내 미화 상태 불량으로 정리 조치 실시,야드 정리 및 청소 실시,,0,1.0,키워드보정,,
160,2026-05-26,2026-05,부산지사,감천,INSPECTOR_08,EHS팀 책임,지사 주관,부산지사_ 감천,관리적미흡,관리적 미흡,관계법규 위반,4.0,운행중인 지게차 후미 경광등 점등 불량 -> 운행중인 지게차 등화장치 전수 검사하여 수리등 조치 예정,즉시처리,점검·확인,지게차 등화장치 전수 점검 완료 후 고장 부분 수리 조치,완료,운행중인 지게차 후미 경광등 점등 불량 -> 운행중인 지게차 등화장치 전수 검사하여 수리등 조치 예정,지게차 등화장치 전수 점검 완료 후 고장 부분 수리 조치,,1,2.0,직접판정,"경광등 불량은 충돌위험 간접요인, 원본4점 근거 약함 - 하향",
161,2026-05-26,2026-05,부산지사,감천,INSPECTOR_14,EHS팀 선임,지사 주관,부산지사_ 감천,화재·폭발,화재,개선필요 [중],2.0,옥외소화전 사용방법 등 표지 노후화로 인식 미흡 → 사용방법 등 표지 교체 필요,즉시처리,기타,옥외소화전 사용방법 표지 부착 완료,완료,옥외소화전 사용방법 등 표지 노후화로 인식 미흡 → 사용방법 등 표지 교체 필요,옥외소화전 사용방법 표지 부착 완료,,0,2.0,키워드보정,,
162,2026-05-26,2026-05,부산지사,감천,INSPECTOR_14,EHS팀 선임,지사 주관,부산지사_ 감천,충돌,충돌,개선필요 [상],3.0,화물차량 운전원 안전모 미착용으로 안전수칙 위반 → 안전모 착용할 수 있도록 조치 필요,즉시처리,보호구지급,화물차량 운전원 즉시 안전모 착용 조치 완료,완료,화물차량 운전원 안전모 미착용으로 안전수칙 위반 → 안전모 착용할 수 있도록 조치 필요,화물차량 운전원 즉시 안전모 착용 조치 완료,,0,3.0,키워드보정,,
163,2026-05-22,2026-05,당진지사,당진지사,INSPECTOR_07,EHS팀 선임,지사 주관,당진지사,추락,추락,개선필요 [상],3.0,- 유연탄 2부두 SUMP PUMP 준설작업 종료후 안전펜스 설치 불량 - 준설업체에 안전펜스 및 그레이팅 발판 정위치 전달,즉시처리,설치·구조물,- 안전펜스 및 그레이팅 발판 정위치 완료,완료,"- 유연탄 2부두 SUMP PUMP 준설작업 종료후 안전펜스 설치 불량
- 준설업체에 안전펜스 및 그레이팅 발판 정위치 전달",- 안전펜스 및 그레이팅 발판 정위치 완료,,0,3.0,키워드보정,,
164,2026-05-22,2026-05,당진지사,당진지사,INSPECTOR_07,EHS팀 선임,지사 주관,당진지사,관리적미흡,관리적 미흡,개선필요 [중],2.0,- 2부두 캣워크 주변 항만안전 현수막 훼손 - 항만안전문화주간 현수막으로 재설치 불필요,즉시처리,제거·차단,- 항만안전 현수막 제거 완료,완료,"- 2부두 캣워크 주변 항만안전 현수막 훼손
- 항만안전문화주간 현수막으로 재설치 불필요",- 항만안전 현수막 제거 완료,,0,1.0,직접판정,본인들도 재설치 불필요 판단한 경미사안 - 하향,
165,2026-05-22,2026-05,경남지사,사무실,INSPECTOR_12,EHS팀 책임,지사 주관,경남지사_ 사무실,관리적미흡,관리적 미흡,개선필요 [하],1.0,1층 정비고 내 연삭기보관구간 연삭기제거. 후 관계표지등 제거조치미흡.,즉시처리,제거·차단,즉시 제거조치 완료.,완료,1층 정비고 내 연삭기보관구간 연삭기제거. 후 관계표지등 제거조치미흡.,즉시 제거조치 완료.,,0,1.0,키워드보정,,
166,2026-05-22,2026-05,전북지사,전주 동산역,INSPECTOR_09,EHS팀 선임,지사 주관,전북지사_ 전주 동산역,전도,전도,개선필요 [하],1.0,"- 요철, 돌맹이 등으로 인해 리치스테커 타이어 손상으로 인해 작업중 전도 위험이 있어 정리 필요",즉시처리,제거·차단,"요철, 돌맹이 등 정리정돈 완료",완료,"[운송팀_동산역]
- 요철, 돌맹이 등으로 인해 리치스테커 타이어 손상으로 인해 작업중 전도 위험이 있어 정리 필요","요철, 돌맹이 등 정리정돈 완료",,0,1.0,키워드보정,,
167,2026-05-22,2026-05,전북지사,완주복합물류센터,INSPECTOR_09,EHS팀 선임,지사 주관,전북지사_ 완주복합물류센터,화재·폭발,화재,개선필요 [하],1.0,- 전기차 충전기 신규 설치에 따른 자동확산소화기 설치 핖요,즉시처리,설치·구조물,자동확산소화기 설치 완료,완료,"[완주복합물류센터]
- 전기차 충전기 신규 설치에 따른 자동확산소화기 설치 핖요",자동확산소화기 설치 완료,화기·인화물인근,1,2.0,키워드보정,,
168,2026-05-22,2026-05,전북지사,완주복합물류센터,INSPECTOR_09,EHS팀 선임,지사 주관,전북지사_ 완주복합물류센터,충돌,충돌,개선필요 [하],1.0,-CAMP-1 본관동 출입구 조명 등기구 불량으로 경비원 야간 이동 시 충돌위험이 있어 교체 필요,즉시처리,설치·구조물,교체 완료,완료,"[완주복합물류센터]
-CAMP-1 본관동 출입구 조명 등기구 불량으로 경비원 야간 이동 시 충돌위험이 있어 교체 필요",교체 완료,,0,1.0,키워드보정,,
169,2026-05-22,2026-05,부산지사,양산,INSPECTOR_08,EHS팀 책임,지사 주관,부산지사_ 양산,관리적미흡,관리적 미흡,개선필요 [하],1.0,사업장 내 피난안내도 상 사무실 위치등 변경사항 미반영되어 있어 변경사항 수정 필요,즉시처리,교육·지도,피난안내도 내 내용 변경사항 수정후 재부착 완료,완료,사업장 내 피난안내도 상 사무실 위치등 변경사항 미반영되어 있어 변경사항 수정 필요,피난안내도 내 내용 변경사항 수정후 재부착 완료,,0,1.0,직접판정,낮음,
170,2026-05-21,2026-05,부산지사,우암,INSPECTOR_14,EHS팀 선임,지사 주관,부산지사_ 우암,전도,전도,개선필요 [상],3.0,야드 노면 파손으로 인한 지게차 및 화물차량 이동 중 전도 위험 → 즉시 파손된 구역 이동하지 못하도록 조치 및 야드 보수 필요,즉시처리,기타,지게차 및 화물차량 이동하지 못하도록 파렛트 임시 조치 완료,완료,야드 노면 파손으로 인한 지게차 및 화물차량 이동 중 전도 위험 → 즉시 파손된 구역 이동하지 못하도록 조치 및 야드 보수 필요,지게차 및 화물차량 이동하지 못하도록 파렛트 임시 조치 완료,회전체·협착점인근,1,4.0,키워드보정,,
171,2026-05-21,2026-05,경남지사,마산항,INSPECTOR_12,EHS팀 책임,지사 주관,경남지사_ 마산항,관리적미흡,관리적 미흡,개선필요 [하],1.0,4부두운영건물 1층 소화기보관구간에 위치표지가 없어 소화기위치 확인의 어려움.,즉시처리,기타,소화기 위치표기 완료.,완료,4부두운영건물 1층 소화기보관구간에 위치표지가 없어 소화기위치 확인의 어려움.,소화기 위치표기 완료.,,1,1.0,직접판정,낮음,
172,2026-05-21,2026-05,전북지사,완주복합물류센터,INSPECTOR_09,EHS팀 선임,지사 주관,전북지사_ 완주복합물류센터,전도,전도,개선필요 [중],2.0,- 옥외장치장 리치스테커 이동 시 입구 아스콘이 하중을 버티지 못해 처짐 발생으로 보강공사 필요,즉시처리,기타,바닥 보강작업 완료,완료,"[완주복합물류센터]
- 옥외장치장 리치스테커 이동 시 입구 아스콘이 하중을 버티지 못해 처짐 발생으로 보강공사 필요",바닥 보강작업 완료,,0,2.0,직접판정,"지반침하 전도위험, 원등급 유지",
173,2026-05-21,2026-05,부산지사,감천,INSPECTOR_08,EHS팀 책임,지사 주관,부산지사_ 감천,감전,감전,개선필요 [중],2.0,창고내 신규 설치 사무 컨테이너 분전함 내 접지 미조치로 전기안전업체 측 연락 조치,즉시처리,기타,분전함 내 접지 조치 완료,진행(조치 후),창고내 신규 설치 사무 컨테이너 분전함 내 접지 미조치로 전기안전업체 측 연락 조치,분전함 내 접지 조치 완료,,0,2.0,키워드보정,,
174,2026-05-21,2026-05,부산지사,감천,INSPECTOR_14,EHS팀 선임,지사 주관,부산지사_ 감천,관리적미흡,관리적 미흡,개선필요 [중],2.0,하역도구 폐기장소 구역 설정 미흡으로 폐기대상 하역도구 사용 위험 → 하역도구 폐기장소 구역 페인트 등 라인 구획하여 폐기대상 하역도구 사용하지 못하도록 조치 필요,,미분류,,진행(조치 전),하역도구 폐기장소 구역 설정 미흡으로 폐기대상 하역도구 사용 위험 → 하역도구 폐기장소 구역 페인트 등 라인 구획하여 폐기대상 하역도구 사용하지 못하도록 조치 필요,,,0,2.0,키워드보정,,
175,2026-05-21,2026-05,부산지사,감천,INSPECTOR_14,EHS팀 선임,지사 주관,부산지사_ 감천,관리적미흡,관리적 미흡,개선필요 [하],1.0,신규 하역도구방 내 하역도구 관리 표지 미흡 → 하역도구 관리 관련 안전표지 부착 필요,즉시처리,제거·차단,하역도구 폐기기준 점검방법 표지 및 안전관리 지침 부착 완료,완료,신규 하역도구방 내 하역도구 관리 표지 미흡 → 하역도구 관리 관련 안전표지 부착 필요,하역도구 폐기기준 점검방법 표지 및 안전관리 지침 부착 완료,,0,1.0,키워드보정,,
176,2026-05-21,2026-05,부산지사,감천,INSPECTOR_14,EHS팀 선임,지사 주관,부산지사_ 감천,화재·폭발,화재,개선필요 [하],1.0,신규 하역도구방 내 소화기 위치표지 및 주변 정리정돈 미흡 → 소화기 위치표지 부착 및 주변 정리정돈 필요,즉시처리,기타,소화기 위치표지 부착 완료,완료,신규 하역도구방 내 소화기 위치표지 및 주변 정리정돈 미흡 → 소화기 위치표지 부착 및 주변 정리정돈 필요,소화기 위치표지 부착 완료,화기·인화물인근,1,2.0,키워드보정,,
177,2026-05-21,2026-05,전북지사,군산항 부두,INSPECTOR_04,EHS팀 책임,지사 주관,전북지사_ 군산항 부두,감전,감전,개선필요 [중],2.0,1. 전기사용 콘센트 주변 안전보건표지 부착 필요 2. 누전차단기 및 접지상태는 양호하나 관련 안전표지 부착 필요,즉시처리,교육·지도,감전주의 경고표지 부착 완료,완료,"[군산항 5부두]
1. 전기사용 콘센트 주변 안전보건표지 부착 필요
2. 누전차단기 및 접지상태는 양호하나 관련 안전표지 부착 필요",감전주의 경고표지 부착 완료,,0,2.0,키워드보정,,
178,2026-05-18,2026-05,전북지사,군산항 부두,INSPECTOR_04,EHS팀 책임,지사 주관,전북지사_ 군산항 부두,감전,감전,개선필요 [하],1.0,1. 밧데리 충전부위 노출로 인한 감전위험 2. 충전부 플라스틱캡 등을 씌워 감전예방 필요,즉시처리,기타,충전부 플라스틱 캡을 씌워 보호조치 완료,완료,"[군산항 5부두]
1. 밧데리 충전부위 노출로 인한 감전위험
2. 충전부 플라스틱캡 등을 씌워 감전예방 필요",충전부 플라스틱 캡을 씌워 보호조치 완료,충전부·고압인근,2,3.0,키워드보정,,
179,2026-05-18,2026-05,강원지사,안인,INSPECTOR_15,EHS팀 선임,본사 주관,강원지사_ 안인,기타,기타,개선필요 [중],2.0,하역시 분진발생 분진에 따른 호흡기 질환 발생 분진 비산 방지조치 요청,즉시처리,기타,분진 비산 방지조치 실시(살수),완료,"<지적사항>
하역시 분진발생
<위험요인>
분진에 따른 호흡기 질환 발생
<조치요청>
분진 비산 방지조치 요청",분진 비산 방지조치 실시(살수),,0,2.0,직접판정,"분진 호흡기질환, 원등급 유지",
180,2026-05-18,2026-05,강원지사,안인,INSPECTOR_15,EHS팀 선임,지사 주관,강원지사_ 안인,관리적미흡,관리적 미흡,개선필요 [중],2.0,"승,하강용 사다리 경고표지 미부착 승,하강시 미끄러짐, 추락 위험 경고표지 부착 요청",즉시처리,교육·지도,경고표지 부착 완료,완료,"<지적사항>
승,하강용 사다리 경고표지 미부착
<위험요인>
승,하강시 미끄러짐, 추락 위험
<조치요청>
경고표지 부착 요청",경고표지 부착 완료,고소·상부작업,2,4.0,직접판정,사다리 승하강(고소이동)+추락위험 명시 → 기본2+가중2=4,추락
181,2026-05-18,2026-05,강원지사,안인,INSPECTOR_15,EHS팀 선임,지사 주관,강원지사_ 안인,관리적미흡,관리적 미흡,개선필요 [중],2.0,"이동구간 경고표지 문구 부착 필요 인지 미흡시 미끄러짐,추락위험 경고표지 부착 요청",즉시처리,교육·지도,경고표지 부착 완료,완료,"<지적사항>
이동구간 경고표지 문구 부착 필요
<위험요인>
인지 미흡시 미끄러짐,추락위험
<조치요청>
경고표지 부착 요청",경고표지 부착 완료,,0,2.0,직접판정,"이동구간 일반통로로 구체적 고소맥락 약함, 원등급 유지",
182,2026-05-18,2026-05,강원지사,동해,INSPECTOR_15,EHS팀 선임,지사 주관,강원지사_ 동해,화재·폭발,화재,관계법규 위반,4.0,"차량 내 소화기 비치 필요 차량 화재,폭발시 초동조치 미흡 차량용 소화기 비치 요청 참고 : 「소방시설 설치 및 관리에 관한 법률」 제11조",즉시처리,기타,차량용 소화기 비치 완료,완료,"<지적사항>
차량 내 소화기 비치 필요
<위험요인>
차량 화재,폭발시 초동조치 미흡
<조치요청>
차량용 소화기 비치 요청

참고 :  「소방시설 설치 및 관리에 관한 법률」 제11조",차량용 소화기 비치 완료,화기·인화물인근,1,4.0,키워드보정,,
183,2026-05-18,2026-05,경인지사,안성 1센터,INSPECTOR_17,EHS팀 선임,지사 주관,경인지사_ 안성 1센터,전도,전도,개선필요 [중],2.0,보행자통로 지장물 간섭,,미분류,,진행(조치 전),보행자통로 지장물 간섭,,,0,2.0,키워드보정,,
184,2026-05-18,2026-05,경인지사,안성 1센터,INSPECTOR_17,EHS팀 선임,지사 주관,경인지사_ 안성 1센터,관리적미흡,관리적 미흡,개선필요 [중],2.0,운휴 지게차 시동키 분리 미흡,즉시처리,기타,시동키 분리 완료(즉시조치),완료,운휴 지게차 시동키 분리 미흡,시동키 분리 완료(즉시조치),회전체·협착점인근,1,3.0,키워드보정,,
185,2026-05-18,2026-05,경인지사,안성 2센터,INSPECTOR_17,EHS팀 선임,지사 주관,경인지사_ 안성 2센터,충돌,충돌,개선필요 [하],1.0,반사경 각도 재조정 필요,즉시처리,기타,반사경 각도 재조정 완료,완료,반사경 각도 재조정 필요,반사경 각도 재조정 완료,,0,1.0,키워드보정,,
186,2026-05-18,2026-05,경인지사,안성 1센터,INSPECTOR_17,EHS팀 선임,지사 주관,경인지사_ 안성 1센터,관리적미흡,관리적 미흡,개선필요 [하],1.0,12대안전보건수칙 표지 탈락으로 재부착 필요,즉시처리,기타,12대안전보건수칙 표지 재부착 완료,완료,12대안전보건수칙 표지 탈락으로 재부착 필요,12대안전보건수칙 표지 재부착 완료,,0,1.0,직접판정,"표지 재부착, 낮음",
187,2026-05-18,2026-05,경인지사,안성 1센터,INSPECTOR_17,EHS팀 선임,지사 주관,경인지사_ 안성 1센터,관리적미흡,관리적 미흡,개선필요 [중],2.0,비상발전기 배터리 내용연수 초과로 교체필요,즉시처리,설치·구조물,비상발전기 배터리 교체 완료,완료,비상발전기 배터리 내용연수 초과로 교체필요,비상발전기 배터리 교체 완료,,0,2.0,키워드보정,,
188,2026-05-18,2026-05,전북지사,군산항 부두,INSPECTOR_04,EHS팀 책임,지사 주관,전북지사_ 군산항 부두,기타,기타,개선필요 [하],1.0,1. 배수로 물고임에 따른 정비 필요 2. 하절기 우기철 대비하여 배수로 사전 정비 필요,즉시처리,설치·구조물,1. 물고임 배수로 정비 완료 2. 지속적 관리 요함,완료,"[군산항 5부두]
1. 배수로 물고임에 따른 정비 필요
2. 하절기 우기철 대비하여 배수로 사전 정비 필요","1. 물고임 배수로 정비 완료
2. 지속적 관리 요함",,0,1.0,키워드보정,,
189,2026-05-15,2026-05,당진지사,당진지사,INSPECTOR_01,EHS팀 주임,지사 주관,당진지사,관리적미흡,관리적 미흡,개선필요 [하],1.0,- 석회석 부두 인명구조함 노후로 인한 부식 발생,,미분류,,진행(조치 전),- 석회석 부두 인명구조함 노후로 인한 부식 발생,,,0,1.0,직접판정,"구조함 노후, 낮음",
190,2026-05-15,2026-05,당진지사,당진지사,INSPECTOR_07,EHS팀 선임,지사 주관,당진지사,정리정돈,정리정돈,개선필요 [중],2.0,- 1부두 전원선 사용후 보관함 상부 방치로 외부환경 노출 - 전원선은 전기선 보관함 내부 보관 전달,즉시처리,제거·차단,- 전기선 보관함으로 전원선 정리정돈 완료,완료,"- 1부두 전원선 사용후 보관함 상부 방치로 외부환경 노출
- 전원선은 전기선 보관함 내부 보관 전달",- 전기선 보관함으로 전원선 정리정돈 완료,고소·상부작업,2,4.0,키워드보정,,
191,2026-05-15,2026-05,당진지사,당진지사,INSPECTOR_07,EHS팀 선임,지사 주관,당진지사,전도,전도,개선필요 [상],3.0,- 2부두 배수로 청소시 그레이팅 커버를 세워서 보관하여 전도 위험 - 그레이팅 커버 치외시 안정적인 보관 필요,즉시처리,기타,- 그레이팅 커버 보관시 바닥면 적재 및 청소 완료시 정위치 전달,완료,"- 2부두 배수로 청소시 그레이팅 커버를 세워서 보관하여 전도 위험
- 그레이팅 커버 치외시 안정적인 보관 필요 ",- 그레이팅 커버 보관시 바닥면 적재 및 청소 완료시 정위치 전달,,0,3.0,키워드보정,,
192,2026-05-14,2026-05,부산지사,용당,INSPECTOR_14,EHS팀 선임,지사 주관,부산지사_ 용당,관리적미흡,관리적 미흡,개선필요 [하],1.0,랩핑기 노후화로 부식 및 안전표지 떨어짐 → 랩핑기 페인팅 및 안전표지 재부착 필요,즉시처리,기타,랩핑기 페인팅 및 안전표지 재부착 완료,완료,랩핑기 노후화로 부식 및 안전표지 떨어짐 → 랩핑기 페인팅 및 안전표지 재부착 필요,랩핑기 페인팅 및 안전표지 재부착 완료,,0,1.0,키워드보정,,
193,2026-05-14,2026-05,부산지사,용당,INSPECTOR_14,EHS팀 선임,지사 주관,부산지사_ 용당,추락,추락,개선필요 [상],3.0,적재함 상부 상하차 작업 중인 화물차량 운전자 턱끈 체결 미흡 → 즉시 턱끈 체결 조치 필요,즉시처리,기타,즉시 턱끈 체결 조치 완료,완료,적재함 상부 상하차 작업 중인 화물차량 운전자 턱끈 체결 미흡 → 즉시 턱끈 체결 조치 필요,즉시 턱끈 체결 조치 완료,고소·상부작업,2,4.0,키워드보정,,
194,2026-05-14,2026-05,부산지사,용당,INSPECTOR_14,EHS팀 선임,지사 주관,부산지사_ 용당,화재·폭발,화재,개선필요 [상],3.0,사업장 외곽 잔가지 등 정리정돈 미흡으로 불씨로 인한 화재 위험 → 잔가지 등 정리정돈 필요,즉시처리,제거·차단,잔가지 등 정리정돈 완료,완료,사업장 외곽 잔가지 등 정리정돈 미흡으로 불씨로 인한 화재 위험 → 잔가지 등 정리정돈 필요,잔가지 등 정리정돈 완료,,0,3.0,키워드보정,,
195,2026-05-14,2026-05,경남지사,사무실,INSPECTOR_12,EHS팀 책임,지사 주관,경남지사_ 사무실,전도,전도,개선필요 [하],1.0,폐기물보관장 내부 입구하부에 자재가 올라가있는 나무 파렛트가 비치되어 있어 출입하는 근로자 전도사고 발생 위험.,즉시처리,기타,자재 및 파렛트 이동조치 완료.,완료,폐기물보관장 내부 입구하부에 자재가 올라가있는 나무 파렛트가 비치되어 있어 출입하는 근로자 전도사고 발생 위험. ,자재 및 파렛트 이동조치 완료.,,0,1.0,직접판정,"적치물로 인한 전도, 낮음",
196,2026-05-14,2026-05,부산지사,용당,INSPECTOR_14,EHS팀 선임,지사 주관,부산지사_ 용당,화재·폭발,화재,개선필요 [중],2.0,창고 내 소화기 위치표지 시인성 미흡 → 소화기 위치표지 사이즈 확대 및 출력하여 부착 필요,즉시처리,기타,소화기 위치표지 부착 완료,완료,창고 내 소화기 위치표지 시인성 미흡 → 소화기 위치표지 사이즈 확대 및 출력하여 부착 필요,소화기 위치표지 부착 완료,,1,2.0,직접판정,"화재대응력 저하, 원등급 유지",
197,2026-05-13,2026-05,전북지사,군산항 부두,INSPECTOR_04,EHS팀 책임,지사 주관,전북지사_ 군산항 부두,기타,기타,핵심안전수칙 위반,4.0,1. 소금BAG 항역 작업 중 운행되는 세네보겐의 훅의 해지장치가 벌어져 기능 상실 2. 화물의 흔들림으로 인해 화물이 훅에서 벗어나 낙하하여 하부 근로자와 부딛힐 위험 3. 정비팀 요청하여 해당 훅해지장치 수리 요청,즉시처리,설치·구조물,1. 정비팀 해당 세네보겐 훅해지장치 수리 완료 2. 지속적 확인 및 관리 요청 함,완료,"[군산항 3부두]
1. 소금BAG 항역 작업 중 운행되는 세네보겐의 훅의 해지장치가 벌어져 기능 상실
2. 화물의 흔들림으로 인해 화물이 훅에서 벗어나 낙하하여 하부 근로자와 부딛힐 위험
3. 정비팀 요청하여 해당 훅해지장치 수리 요청","1. 정비팀 해당 세네보겐 훅해지장치 수리 완료
2. 지속적 확인 및 관리 요청 함",,0,4.0,키워드보정,,
198,2026-05-13,2026-05,당진지사,당진지사,INSPECTOR_01,EHS팀 주임,지사 주관,당진지사,관리적미흡,관리적 미흡,개선필요 [하],1.0,- 석회석 P/L 인양용 와이어로프 허용하중 표기 불량,즉시처리,점검·확인,"- 화주사 양식에 맞는 허용하중 스티커 부착 완료, - 분기별 하역도구 점검시 지속 확인 예정",완료,- 석회석 P/L 인양용 와이어로프 허용하중 표기 불량,"- 화주사 양식에 맞는 허용하중 스티커 부착 완료,
- 분기별 하역도구 점검시 지속 확인 예정",,0,1.0,키워드보정,,
199,2026-05-13,2026-05,전북지사,군산항역,INSPECTOR_09,EHS팀 선임,지사 주관,전북지사_ 군산항역,정리정돈,정리정돈,개선필요 [하],1.0,"- 폐기물, 잡초 등 정리정돈 필요",즉시처리,제거·차단,"-폐기물, 잡초 등 정리정돈 완료",완료,"[운송팀_3부두 CY]
- 폐기물, 잡초 등 정리정돈 필요","-폐기물, 잡초 등 정리정돈 완료",,0,1.0,직접판정,"정리정돈, 낮음",
200,2026-05-13,2026-05,부산지사,감천,INSPECTOR_08,EHS팀 책임,지사 주관,부산지사_ 감천,감전,감전,개선필요 [중],2.0,창고내 컨테이너 사무실 분전함 차단기 접촉 예방 조치 및 감전주의 표지 미흡,즉시처리,제거·차단,감전주의 표지 부착 및 차단기 접촉 방지 조치 완료,완료,창고내 컨테이너 사무실 분전함 차단기 접촉 예방 조치 및 감전주의 표지 미흡,감전주의 표지 부착 및 차단기 접촉 방지 조치 완료,,0,2.0,키워드보정,,
201,2026-05-13,2026-05,부산지사,감천,INSPECTOR_08,EHS팀 책임,지사 주관,부산지사_ 감천,충돌,충돌,개선필요 [중],2.0,"창고내 컨테이너 사무실 문개방시 랙방향에서 나오는 지게차와 충돌 위험 있으므로, 문개방 각도 제한 조치 필요",즉시처리,설치·구조물,도어클로저 설치로 문 개방 저항성을 올려 많이 열리지 못하고 문은 자동 닫히도록 조치,완료,"창고내 컨테이너 사무실 문개방시 랙방향에서 나오는 지게차와 충돌 위험 있으므로, 문개방 각도 제한 조치 필요",도어클로저 설치로 문 개방 저항성을 올려 많이 열리지 못하고 문은 자동 닫히도록 조치 ,,1,2.0,직접판정,"지게차 충돌위험, 원등급 유지",
202,2026-05-13,2026-05,경인지사,의왕,INSPECTOR_03,EHS팀 주임,지사 주관,경인지사_ 의왕,기타,기타,개선필요 [하],1.0,의왕CY 컨테이너 1단에 게시 중인 현수막이 파손되어 미관 저해 및 근로자 인식 불가 상태,즉시처리,제거·차단,"훼손 현수막 제거 완료, 추후 CY내 화물차량 통행 관련된 현수막 제작 및 재게시 예정",진행(조치 후),의왕CY 컨테이너 1단에 게시 중인 현수막이 파손되어 미관 저해 및 근로자 인식 불가 상태,"훼손 현수막 제거 완료, 추후 CY내 화물차량 통행 관련된 현수막 제작 및 재게시 예정",,0,1.0,키워드보정,,
203,2026-05-13,2026-05,경남지사,마산항,INSPECTOR_12,EHS팀 책임,지사 주관,경남지사_ 마산항,기타,기타,개선필요 [상],3.0,"4부두 선내 권하하여 안착된 화물을 지게차가 이동하는 과정에서 크레인화물이 권상되어 넘어 옴. 신호 불일치 , 크레인 운전원 주의 부족.",즉시처리,교육·지도,해당 내용 관리감독자에게 전파 및 항운노조원에게 신호 준수사항 공유,완료,"4부두 선내 권하하여 안착된 화물을 지게차가 이동하는 과정에서  크레인화물이 권상되어 넘어 옴. 
신호 불일치 , 크레인 운전원 주의 부족. ",해당 내용 관리감독자에게 전파 및 항운노조원에게 신호 준수사항 공유,"회전체·협착점인근, 화기·인화물인근",2,4.0,키워드보정,,
204,2026-05-12,2026-05,당진지사,당진지사,INSPECTOR_01,EHS팀 주임,지사 주관,당진지사,추락,추락,개선필요 [중],2.0,- 유연탄 2부두 SUMP PIT 준설작업 완료 후 그레이팅 설치 불량,즉시처리,설치·구조물,- 그레이팅 설치 완료 및 주무부서 및 준설업체 내용 전달 완료,완료,- 유연탄 2부두 SUMP PIT 준설작업 완료 후 그레이팅 설치 불량,- 그레이팅 설치 완료 및 주무부서 및 준설업체 내용 전달 완료,,0,2.0,직접판정,"PIT 그레이팅 불량, 단순개구부로 원등급 유지",
205,2026-05-12,2026-05,당진지사,당진지사,INSPECTOR_01,EHS팀 주임,지사 주관,당진지사,관리적미흡,관리적 미흡,개선필요 [하],1.0,- 유연탄 2부두 휴게실 부근 낙탄 다량 발생 정리 필요,즉시처리,제거·차단,- 해당업체 청소진행 요청 및 정리상태 확인 완료,완료,- 유연탄 2부두 휴게실 부근 낙탄 다량 발생 정리 필요,- 해당업체 청소진행 요청 및 정리상태 확인 완료,,0,1.0,키워드보정,,
206,2026-05-12,2026-05,강원지사,삼척,INSPECTOR_02,EHS팀 사원,지사 주관,강원지사_ 삼척,정리정돈,정리정돈,개선필요 [하],1.0,하역부두 이동구간 폐기물 방치로 정리정돈 필요 이동구간 내 폐기물로 방치로 인한 비산먼지(유연탄 분진) 발생 및 걸려 넘이짐 위험,즉시처리,제거·차단,이동구간 내 폐기물로 제거 및 관리상태 확인,완료,"<지적사항>
하역부두 이동구간 폐기물 방치로 정리정돈 필요
<위험요인>
이동구간 내 폐기물로 방치로 인한 비산먼지(유연탄 분진) 발생 및 걸려 넘이짐 위험",이동구간 내 폐기물로 제거 및 관리상태 확인,,0,1.0,키워드보정,,
207,2026-05-12,2026-05,부산지사,감천,INSPECTOR_14,EHS팀 선임,지사 주관,부산지사_ 감천,화재·폭발,화재,개선필요 [상],3.0,외부 공사업체 작업 시 소화기 비치 미흡 → 화기 취급 작업으로 소화기 비치 필요,즉시처리,기타,소화기 비치하여 화기 작업 실시 완료,완료,외부 공사업체 작업 시 소화기 비치 미흡 → 화기 취급 작업으로 소화기 비치 필요,소화기 비치하여 화기 작업 실시 완료,화기·인화물인근,1,4.0,키워드보정,,
208,2026-05-12,2026-05,부산지사,감천,INSPECTOR_14,EHS팀 선임,지사 주관,부산지사_ 감천,관리적미흡,관리적 미흡,개선필요 [중],2.0,하역도구 보관 컨테이너 교체로 인한 하역도구 야드 보관 → 금일 오후 우천으로 인한 녹 방지 조치 필요,즉시처리,설치·구조물,타포린 덮개 이용하여 녹 방지 조치 완료,완료,하역도구 보관 컨테이너 교체로 인한 하역도구 야드 보관 → 금일 오후 우천으로 인한 녹 방지 조치 필요,타포린 덮개 이용하여 녹 방지 조치 완료,,0,2.0,키워드보정,,
209,2026-05-11,2026-05,전북지사,군산항 부두,INSPECTOR_04,EHS팀 책임,지사 주관,전북지사_ 군산항 부두,기타,기타,개선필요 [하],1.0,위험물저장소 구역 내 안전 표지가 변색되어 식별이 어려우므로 교체가 필요함,즉시처리,설치·구조물,"MSDS관련표지, 위험물 경고표지 및 위험물 안전수칙표지 제작 후 현장에 설치 완료 함",완료,"[군산항 3부두]
위험물저장소 구역 내 안전 표지가 변색되어 식별이 어려우므로 교체가 필요함","MSDS관련표지, 위험물 경고표지 및 위험물 안전수칙표지 제작 후 현장에 설치 완료 함",,0,1.0,키워드보정,,
210,2026-05-11,2026-05,강원지사,안인,INSPECTOR_15,EHS팀 선임,지사 주관,강원지사_ 안인,관리적미흡,관리적 미흡,개선필요 [하],1.0,"건설기계(휠로더) 작업시 반사띠 부착 필요 반사띠 미부착시 충돌,협착,등 재해 위험 반사띠 부착 요청",즉시처리,기타,조치완료,완료,"<지적사항>
건설기계(휠로더) 작업시 반사띠 부착 필요
<위험요인>
반사띠 미부착시 충돌,협착,등 재해 위험
<조치요청>
반사띠 부착 요청",조치완료,,0,1.0,키워드보정,,
211,2026-05-11,2026-05,강원지사,삼척,INSPECTOR_02,EHS팀 사원,지사 주관,강원지사_ 삼척,관리적미흡,관리적 미흡,개선필요 [중],2.0,"출입통제조치 조치 관련 시건방식의 개선 및 게이트의 설치 필요 관계자 외 인원의 출입으로 인한 추가 재해(익수, 추락 등) 위험 발전소 화주사 하역부두 시설 게이트 설치건에 대한 안전성 검토 및 적용 가능성에 대한 요청 및 검토 중",즉시처리,설치·구조물,발전소 화주사 하역부두 시설 게이트 설치건에 대한 안전성 검토 완료 및 해당 구역 설치완료,완료,"<지적사항>
출입통제조치 조치 관련 시건방식의 개선 및 게이트의 설치 필요
<위험요인>
관계자 외 인원의 출입으로 인한 추가 재해(익수, 추락 등) 위험
<조치요청>
발전소 화주사 하역부두 시설 게이트 설치건에 대한 안전성 검토 및 적용 가능성에 대한 요청 및 검토 중 ",발전소 화주사 하역부두 시설 게이트 설치건에 대한 안전성 검토 완료 및 해당 구역 설치완료,,0,2.0,키워드보정,,
212,2026-05-08,2026-05,경인지사,의왕,INSPECTOR_03,EHS팀 주임,지사 주관,경인지사_ 의왕,전도,전도,개선필요 [하],1.0,"의왕CFS 식품창고 배수관과 연결되는 지게차 램프의 노면이 파손되어 해당 구멍에 발걸림, 넘어짐 위험 존재",즉시처리,설치·구조물,지게차 램프 노면 몰탈작업을 통한 보수 완료,진행(조치 후),"의왕CFS 식품창고 배수관과 연결되는 지게차 램프의 노면이 파손되어 해당 구멍에 발걸림, 넘어짐 위험 존재",지게차 램프 노면 몰탈작업을 통한 보수 완료,회전체·협착점인근,1,2.0,키워드보정,,
213,2026-05-08,2026-05,부산지사,우암,INSPECTOR_14,EHS팀 선임,지사 주관,부산지사_ 우암,충돌,충돌,개선필요 [상],3.0,외부 공사업체 작업 시 작업구역 표시 미흡 → 라바콘 등 활용하여 작업구역 표시,즉시처리,기타,라바콘 활용하여 작업구역 표시 및 작업 중 관리감독 완료,완료,외부 공사업체 작업 시 작업구역 표시 미흡 → 라바콘 등 활용하여 작업구역 표시,라바콘 활용하여 작업구역 표시 및 작업 중 관리감독 완료,,0,3.0,직접판정,"외부업체 작업구역 미흡, 원등급 유지",
214,2026-05-08,2026-05,부산지사,우암,INSPECTOR_14,EHS팀 선임,지사 주관,부산지사_ 우암,끼임·협착,끼임ㆍ협착,개선필요 [상],3.0,톤백 보수 시 작업자 깔림 위험 → 톤백거치대에 톤백 올린 후 작업 필요,즉시처리,교육·지도,톤백거치대 활용할 수 있도록 즉시 계도 조치 완료,완료,톤백 보수 시 작업자 깔림 위험 → 톤백거치대에 톤백 올린 후 작업 필요,톤백거치대 활용할 수 있도록 즉시 계도 조치 완료,,0,3.0,키워드보정,,
215,2026-05-08,2026-05,당진지사,당진지사,INSPECTOR_07,EHS팀 선임,지사 주관,당진지사,관리적미흡,관리적 미흡,개선필요 [상],3.0,- CSU B호기 하부 전기실 출입문 고리 파손 - 주무부서에 출입문 고리 교체 요청,,미분류,,진행(조치 전),"- CSU B호기 하부 전기실 출입문 고리 파손
- 주무부서에 출입문 고리 교체 요청",,,0,3.0,키워드보정,,
216,2026-05-08,2026-05,당진지사,당진지사,INSPECTOR_07,EHS팀 선임,지사 주관,당진지사,관리적미흡,관리적 미흡,개선필요 [중],2.0,- 1부두 옥외소화전 앞 장애물로 개방 간섭,즉시처리,제거·차단,- 옥외소화전 앞 장애물 제거,완료,- 1부두 옥외소화전 앞 장애물로 개방 간섭,- 옥외소화전 앞 장애물 제거,,0,2.0,키워드보정,,
217,2026-05-08,2026-05,부산지사,SBCD,INSPECTOR_08,EHS팀 책임,지사 주관,부산지사_ SBCD,관리적미흡,관리적 미흡,개선필요 [중],2.0,주간점검-용접기 주변 인화성 물체(락카) 비치,즉시처리,제거·차단,화기작업도구 주변 가연성 및 인화성 물질 정리 및 표지 부착,완료,주간점검-용접기 주변 인화성 물체(락카) 비치,화기작업도구 주변 가연성 및 인화성 물질 정리 및 표지 부착,화기·인화물인근,1,3.0,키워드보정,,
218,2026-05-08,2026-05,부산지사,SBCD,INSPECTOR_08,EHS팀 책임,지사 주관,부산지사_ SBCD,관리적미흡,관리적 미흡,관계법규 위반,4.0,주간점검-R/S 경광등 미점등으로 작업 수행,즉시처리,교육·지도,R/S 경광등 점등 지도 (현장 즉시 계도),완료,주간점검-R/S 경광등 미점등으로 작업 수행,R/S 경광등 점등 지도 (현장 즉시 계도),,0,4.0,키워드보정,,
219,2026-05-08,2026-05,부산지사,SBCD,INSPECTOR_08,EHS팀 책임,지사 주관,부산지사_ SBCD,관리적미흡,관리적 미흡,개선필요 [하],1.0,주간점검 - 미사용 작업도구 정리정돈 미흡,즉시처리,제거·차단,주간점검-미사용 작업도구 정리 및 정돈 완료,완료,주간점검 - 미사용 작업도구 정리정돈 미흡,주간점검-미사용 작업도구 정리 및 정돈 완료,,0,1.0,키워드보정,,
220,2026-05-08,2026-05,강원지사,동해,INSPECTOR_02,EHS팀 사원,지사 주관,강원지사_ 동해,정리정돈,정리정돈,개선필요 [하],1.0,물류창고 주변 폐기물 정리정돈 필요 정리정돈 및 환경위생 차원에서 폐기물 처리,즉시처리,제거·차단,물류창고 주변 폐기물 제거 및 정리정돈 완료,완료,"<지적사항>
물류창고 주변 폐기물 정리정돈 필요
<위험요인>
정리정돈 및 환경위생 차원에서 폐기물 처리",물류창고 주변 폐기물 제거 및 정리정돈 완료,,0,1.0,키워드보정,,
221,2026-05-08,2026-05,광양지사,LME/공컨장치장,INSPECTOR_10,EHS팀 책임,지사 주관,광양지사_ LME/공컨장치장,관리적미흡,관리적 미흡,개선필요 [하],1.0,현장 내 설치된 카메라가 견고하게 고정되어 있지 않아 탈락 우려가 있는 상태임. 카메라 탈락 시 작업자 및 통행자 충돌 위험 카메라 고정 or 제거 조치 필요,,미분류,,진행(조치 전),"<내용>
현장 내 설치된 카메라가 견고하게 고정되어 있지 않아 탈락 우려가 있는 상태임.
<위험요소>
카메라 탈락 시 작업자 및 통행자 충돌 위험
<요청사항>
카메라 고정 or 제거 조치 필요",,다수인원노출,1,2.0,키워드보정,,
222,2026-05-08,2026-05,광양지사,LME/공컨장치장,INSPECTOR_10,EHS팀 책임,지사 주관,광양지사_ LME/공컨장치장,충돌,충돌,관계법규 위반,4.0,"사업장 내 작업자용 별도 보행자 통로가 지정되어 있지 않은 상태임. 보행자와 차량·장비 동선이 혼재되어 충돌 및 협착 위험이 있음. 보행자 전용 통로를 지정·표시하고, 차량 및 장비 이동 동선과 분리하여 안전통행이 가능하도록 조치 필요.",,미분류,,진행(조치 전),"<내용>
사업장 내 작업자용 별도 보행자 통로가 지정되어 있지 않은 상태임.
<위험요소>
보행자와 차량·장비 동선이 혼재되어 충돌 및 협착 위험이 있음.
<요청사항>
보행자 전용 통로를 지정·표시하고, 차량 및 장비 이동 동선과 분리하여 안전통행이 가능하도록 조치 필요.",,다수인원노출,1,4.0,키워드보정,,
223,2026-05-08,2026-05,광양지사,LME/공컨장치장,INSPECTOR_10,EHS팀 책임,지사 주관,광양지사_ LME/공컨장치장,관리적미흡,관리적 미흡,개선필요 [하],1.0,현장 내 동정광 MSDS 경고표지가 훼손되어 표시사항 식별이 어려운 상태임. 화학물질 유해·위험정보 확인이 어려워 취급 부주의 및 비상상황 대응 지연 우려 있음. 훼손된 MSDS 경고표지 교체.,,미분류,,진행(조치 전),"<내용>
현장 내 동정광 MSDS 경고표지가 훼손되어 표시사항 식별이 어려운 상태임.
<위험요소>
화학물질 유해·위험정보 확인이 어려워 취급 부주의 및 비상상황 대응 지연 우려 있음.
<요청사항>
훼손된 MSDS 경고표지 교체.",,,0,1.0,키워드보정,,
224,2026-05-08,2026-05,삼천포지사,GGP,INSPECTOR_11,사원,지사 주관,삼천포지사_ GGP,충돌,충돌,개선필요 [중],2.0,휠로더 후면 반사판 탈락 상태로 야간이나 우천 시 장비 식별이 원활하지 않아 충돌 위험이 우려되어 반사판 재부착 필요성을 코칭.,즉시처리,기타,신규 반사판을 부착하여 차량 후방 식별성을 확보함.,완료,휠로더 후면 반사판 탈락 상태로 야간이나 우천 시 장비 식별이 원활하지 않아 충돌 위험이 우려되어 반사판 재부착 필요성을 코칭.,신규 반사판을 부착하여 차량 후방 식별성을 확보함.,,0,2.0,직접판정,"반사판 탈락, 원등급 유지",
225,2026-05-08,2026-05,삼천포지사,삼천포발전,INSPECTOR_06,사원,지사 주관,삼천포지사_ 삼천포발전,추락,추락,개선필요 [중],2.0,부두 내 추락위험 구간 체인 시건이 되어 있지 않고 추락주의 표지 미부착.,즉시처리,교육·지도,부두 내 추락위험 구간 체인 시건 및 추락주의 표지 부착.,완료,부두 내 추락위험 구간 체인 시건이 되어 있지 않고 추락주의 표지 미부착.,부두 내 추락위험 구간 체인 시건 및 추락주의 표지 부착.,다수인원노출,1,3.0,직접판정,부두 통행구간 체인시건 안됨 → 기본2+가중1=3,
226,2026-05-08,2026-05,전북지사,군산항역,INSPECTOR_09,EHS팀 선임,지사 주관,전북지사_ 군산항역,기타,기타,개선필요 [하],1.0,- 기온상승에 따른 관련 현수막으로 교체 필요,즉시처리,설치·구조물,-화물차 운전원 안전계몽 현수막으로 교체 완료,완료,"[운송팀_군산항역]
- 기온상승에 따른 관련 현수막으로 교체 필요",-화물차 운전원 안전계몽 현수막으로 교체 완료,,0,1.0,키워드보정,,
227,2026-05-07,2026-05,전북지사,군산항 부두,INSPECTOR_04,EHS팀 책임,지사 주관,전북지사_ 군산항 부두,관리적미흡,관리적 미흡,개선필요 [하],1.0,"1. 콤프레셔실 시건 장치 미흡 2. 임의 사용자의 잘못된 조작에 의한 사용 중 감전, 비래 등 위험 및 고장의 원인 발생 3. 각 부두 육상 담당자에 의한 부두내 콤프레셔실 시건장치 관리 철저",즉시처리,점검·확인,1. 콤프레셔실 시건장치 철저 관리 2. 사용이 필요한 경우 각 부두의 육상담당자를 통해 확인 후 사용토록 요청,완료,"[군산항 7부두]
1. 콤프레셔실 시건 장치 미흡
2. 임의 사용자의 잘못된 조작에 의한 사용 중 감전, 비래 등 위험 및 고장의 원인 발생
3. 각 부두 육상 담당자에 의한 부두내 콤프레셔실 시건장치 관리 철저","1. 콤프레셔실 시건장치 철저 관리
2. 사용이 필요한 경우 각 부두의 육상담당자를 통해 확인 후 사용토록 요청",다수인원노출,1,2.0,키워드보정,,
228,2026-05-07,2026-05,경남지사,마산항,INSPECTOR_12,EHS팀 책임,지사 주관,경남지사_ 마산항,관리적미흡,관리적 미흡,개선필요 [하],1.0,"4부두 야적장 작업구간 내 지게차 후면 부 충돌주의 표지 탈락. ( 도색 작업으로 인해 기존에 부착된 표지 제거 확인) 충돌주의 깃발은 부착되어 있으나, 시인성 확보를 위해 추가 표지 부착 필요.",즉시처리,기타,접근 금지 위험표지 부착 완료.,완료,"4부두 야적장 작업구간 내 지게차 후면 부 충돌주의 표지 탈락. ( 도색 작업으로 인해 기존에 부착된 표지 제거 확인) 
충돌주의 깃발은 부착되어 있으나, 시인성 확보를 위해 추가 표지 부착 필요.",접근 금지 위험표지 부착 완료.,회전체·협착점인근,1,2.0,키워드보정,,
229,2026-05-07,2026-05,부산지사,우암,INSPECTOR_14,EHS팀 선임,지사 주관,부산지사_ 우암,충돌,충돌,개선필요 [상],3.0,야드 배수로 고정된 철판 파손으로 충격으로 반등하여 근로자 충격 위험 → 파손된 철판 충격으로 반등하지 않도록 용접 필요,즉시처리,기타,파손된 철판 용접 완료,완료,야드 배수로 고정된 철판 파손으로 충격으로 반등하여 근로자 충격 위험 → 파손된 철판 충격으로 반등하지 않도록 용접 필요,파손된 철판 용접 완료,화기·인화물인근,1,4.0,키워드보정,,
230,2026-05-06,2026-05,전북지사,군산항 부두,INSPECTOR_04,EHS팀 책임,지사 주관,전북지사_ 군산항 부두,기타,기타,개선필요 [중],2.0,1. 콤르레셔 압력호스 이탈방지 와이어 임의 해체로 사용 중 비래에 의한 맞음 위험 2. 안전관련 시설 임의 해체 금지 및 해체시 재설치 요청,즉시처리,기타,고압호스부와 공기 배출부에 이탈방지와이어 체결 완료,완료,"[군산항 5부두]
1. 콤르레셔 압력호스 이탈방지 와이어 임의 해체로 사용 중 비래에 의한 맞음 위험
2. 안전관련 시설 임의 해체 금지 및 해체시 재설치 요청",고압호스부와 공기 배출부에 이탈방지와이어 체결 완료,,0,2.0,직접판정,"압력호스 이탈, 원등급 유지",
231,2026-05-06,2026-05,부산지사,용당,INSPECTOR_14,EHS팀 선임,지사 주관,부산지사_ 용당,충돌,충돌,개선필요 [중],2.0,건물 및 배수관 주변 볼라드 파손 → 볼라드 보수 필요,즉시처리,설치·구조물,볼라드 보수 완료,완료,건물 및 배수관 주변 볼라드 파손 → 볼라드 보수 필요  ,볼라드 보수 완료,,0,2.0,키워드보정,,
232,2026-05-06,2026-05,경남지사,마산항,INSPECTOR_12,EHS팀 책임,지사 주관,경남지사_ 마산항,관리적미흡,관리적 미흡,개선필요 [하],1.0,선내 라싱업체 화기 작업시 소화기 비치하였으나 상태 불량 확인. ( 선사 계약 업체),즉시처리,교육·지도,"현장에서 라싱업체 해당 내용 전파하여 화재 발생시 위험성에 대해 주지.( 소화기 압력게이지 불량, 호스 분리 ) 자동차 겸용 소화기 사용할 것 권고.",완료,선내 라싱업체 화기 작업시 소화기 비치하였으나 상태 불량 확인. ( 선사 계약 업체) ,"현장에서 라싱업체 해당 내용 전파하여 화재 발생시 위험성에 대해 주지.( 소화기 압력게이지 불량, 호스 분리 ) 
자동차 겸용 소화기 사용할 것 권고.",화기·인화물인근,1,2.0,키워드보정,,
233,2026-05-06,2026-05,부산지사,용당,INSPECTOR_14,EHS팀 선임,지사 주관,부산지사_ 용당,추락,추락,개선필요 [상],3.0,화물차량 운전원 안전모 미착용으로 안전수칙 위반 → 안전모 착용할 수 있도록 조치 필요,즉시처리,보호구지급,화물차량 운전원 즉시 안전모 착용 조치 완료,완료,화물차량 운전원 안전모 미착용으로 안전수칙 위반 → 안전모 착용할 수 있도록 조치 필요,화물차량 운전원 즉시 안전모 착용 조치 완료,,0,3.0,키워드보정,,
234,2026-05-04,2026-05,전북지사,완주복합물류센터,INSPECTOR_09,EHS팀 선임,지사 주관,전북지사_ 완주복합물류센터,기타,기타,개선필요 [하],1.0,- 봄철 기온상승에 따라 졸음운전 등 화물차운전원 대상 현수막 추가 설치 필요,즉시처리,설치·구조물,- 화물차 운전원 안전계몽 현수막으로 교체 설치 완료,완료,"[완주복합물류센터]
- 봄철 기온상승에 따라 졸음운전 등 화물차운전원 대상 현수막 추가 설치 필요",- 화물차 운전원 안전계몽 현수막으로 교체 설치 완료,,0,1.0,키워드보정,,
235,2026-05-04,2026-05,전북지사,전주 동산역,INSPECTOR_09,EHS팀 선임,지사 주관,전북지사_ 전주 동산역,기타,기타,개선필요 [하],1.0,- 기온상승에 따른 관련 현수막으로 교체 필요,즉시처리,설치·구조물,- 화물차 운전원 안전계몽 현수막으로 교체 설치 완료,완료,"[운송팀_동산역]
- 기온상승에 따른 관련 현수막으로 교체 필요",- 화물차 운전원 안전계몽 현수막으로 교체 설치 완료,,0,1.0,직접판정,"현수막 교체, 낮음",
236,2026-04-30,2026-04,당진지사,당진지사,INSPECTOR_01,EHS팀 주임,지사 주관,당진지사,추락,추락,개선필요 [중],2.0,- 유연탄 3부두 이동식 케빈 상부 손잡이 탈락으로 이동간 근로자 추락 위험,즉시처리,설치·구조물,- 이동식 케빈 상부 손잡이 설치 완료,완료,- 유연탄 3부두 이동식 케빈 상부 손잡이 탈락으로 이동간 근로자 추락 위험,- 이동식 케빈 상부 손잡이 설치 완료,"고소·상부작업, 다수인원노출",2,4.0,키워드보정,,
237,2026-04-30,2026-04,당진지사,당진지사,INSPECTOR_01,EHS팀 주임,지사 주관,당진지사,충돌,충돌,개선필요 [하],1.0,- 유연탄 3부두 이동식 케빈 측면 보조 손잡이 탈락으로 인양시 부딪힘 위험,즉시처리,설치·구조물,- 이동식 케빈 양측면 보조 손잡이 설치 완료,완료,- 유연탄 3부두 이동식 케빈 측면 보조 손잡이 탈락으로 인양시 부딪힘 위험,- 이동식 케빈 양측면 보조 손잡이 설치 완료,,0,1.0,직접판정,"손잡이 탈락, 낮음",
238,2026-04-30,2026-04,당진지사,당진지사,INSPECTOR_01,EHS팀 주임,지사 주관,당진지사,관리적미흡,관리적 미흡,개선필요 [하],1.0,- 유연탄 1부두 CSU 출입문 측면 기둥 탈락으로 잠금 불량,즉시처리,기타,- 측면 기둥 보강 완료,완료,- 유연탄 1부두 CSU 출입문 측면 기둥 탈락으로 잠금 불량,- 측면 기둥 보강 완료,,0,1.0,키워드보정,,
239,2026-04-30,2026-04,전북지사,군산항 부두,INSPECTOR_04,EHS팀 책임,지사 주관,전북지사_ 군산항 부두,관리적미흡,관리적 미흡,개선필요 [중],2.0,"1. 유압유 및 구리스 등 사용 후 MSDS보관 장소에 보관 미흡 2. 관련 물질 관리 미흡시 화재, 환경 오염(토지 및 수질 오염) 등 문제발생가 발생할 수 있음 3. 정비팀의 지속적인 요청으로 사용 후 잔량 관리 및 보관 철저 요청",즉시처리,설치·구조물,1. 해당 유압유 및 구리스 등 MSDS 지정 보관장소로 이동 조치 완료 2. 정비팀 뿐 아니라 장비운전원에게도 사용 후 제자리에 보관 될 수 있도록 요청함,완료,"[군산항 3부두]
1. 유압유 및 구리스 등 사용 후 MSDS보관 장소에 보관 미흡
2. 관련 물질 관리 미흡시 화재, 환경 오염(토지 및 수질 오염) 등 문제발생가 발생할 수 있음
3. 정비팀의 지속적인 요청으로 사용 후 잔량 관리 및 보관 철저 요청","1. 해당 유압유 및 구리스 등 MSDS 지정 보관장소로 이동 조치 완료
2. 정비팀 뿐 아니라 장비운전원에게도 사용 후 제자리에 보관 될 수 있도록 요청함",,0,2.0,키워드보정,,
240,2026-04-29,2026-04,당진지사,당진지사,INSPECTOR_01,EHS팀 주임,지사 주관,당진지사,관리적미흡,관리적 미흡,개선필요 [하],1.0,- 유연탄 3부두 옥외소화전 4EA 표시등 점등 불량,,미분류,,진행(조치 전),- 유연탄 3부두 옥외소화전 4EA 표시등 점등 불량,,,0,1.0,키워드보정,,
241,2026-04-29,2026-04,경남지사,마산항,INSPECTOR_12,EHS팀 책임,지사 주관,경남지사_ 마산항,끼임·협착,끼임ㆍ협착,개선필요 [중],2.0,지게차가 파이프 화물을 트럭에서 들어올린 후 작업인원이 차량의 받침목을 제거하는 과정에서 운전원과의 신호 불일치 등으로 인해 손부위가 깔리는 등 협착 사고 발생 위험.,즉시처리,교육·지도,지게차 운전원과의 신호 준수하에 작업수행 할수 있도록 관리감독자에게 현장 전파 교육,완료,"지게차가 파이프 화물을 트럭에서 들어올린 후 작업인원이 차량의 받침목을 제거하는 과정에서 운전원과의 신호 불일치 등으로 인해 
손부위가 깔리는 등 협착 사고 발생 위험.  ",지게차 운전원과의 신호 준수하에 작업수행 할수 있도록 관리감독자에게 현장 전파 교육 ,회전체·협착점인근,1,3.0,직접판정,지게차 작업중 협착사고 위험 → 기본2+가중1=3,
242,2026-04-29,2026-04,경남지사,사무실,INSPECTOR_12,EHS팀 책임,지사 주관,경남지사_ 사무실,관리적미흡,관리적 미흡,개선필요 [하],1.0,1층 컴프레셔 압력밸브 주기에 따른 드레인밸브 오픈 조치 필요. (압력용기 부식 및 파열 방지),즉시처리,교육·지도,드레인 밸브 오픈 조치 완료. 주 작업 관리감독자에게 해당 밸브 주기적 오픈 조치 할것을 전파.,완료,1층 컴프레셔 압력밸브 주기에 따른 드레인밸브 오픈 조치 필요. (압력용기 부식 및 파열 방지),드레인 밸브 오픈 조치 완료. 주 작업 관리감독자에게 해당 밸브 주기적 오픈 조치 할것을 전파. ,,0,1.0,키워드보정,,
243,2026-04-28,2026-04,전북지사,군산항 부두,INSPECTOR_04,EHS팀 책임,지사 주관,전북지사_ 군산항 부두,전도,전도,개선필요 [하],1.0,1. 코일 창고 내 타이어가 불안전하게 세워져 있어 구르거나 전도의 위험 2. 평탄한 지반에 눕혀서 보관하거나 타이어 보관 창고로 이동시킬 것,즉시처리,설치·구조물,정비팀 요청하여 해당 타이어 자재 보관 창고로 이동 조치 완료,완료,"[군산항 5부두]
1. 코일 창고 내 타이어가 불안전하게 세워져 있어 구르거나 전도의 위험
2. 평탄한 지반에 눕혀서 보관하거나 타이어 보관 창고로 이동시킬 것",정비팀 요청하여 해당 타이어 자재 보관 창고로 이동 조치 완료,,0,1.0,직접판정,"타이어 적치, 낮음",
244,2026-04-28,2026-04,전북지사,군산항 부두,INSPECTOR_04,EHS팀 책임,지사 주관,전북지사_ 군산항 부두,기타,기타,개선필요 [하],1.0,1. 근로자 휴게실 내 안전보건 안내표지 설치 필요 2. 산업안전보건법령요지 및 계절별 안전수칙 등 안전보건 안내표지 부착 요함,즉시처리,기타,산업안전보건법령요지 및 안전보건 관계 표지 부착 완료,완료,"[군산항 5·7부두]
1. 근로자 휴게실 내 안전보건 안내표지 설치 필요
2. 산업안전보건법령요지 및 계절별 안전수칙 등 안전보건 안내표지 부착 요함",산업안전보건법령요지 및 안전보건 관계 표지 부착 완료,,0,1.0,키워드보정,,
245,2026-04-28,2026-04,당진지사,당진지사,INSPECTOR_07,EHS팀 선임,지사 주관,당진지사,정리정돈,정리정돈,개선필요 [중],2.0,- 1부두 안전펜스 주변 정비업체 비계 방치 - 정해진 작업구역 내 보관 및 정리정돈 필요,즉시처리,설치·구조물,- 정비업체 요청하여 정리정돈 완료,완료,"- 1부두 안전펜스 주변 정비업체 비계 방치
- 정해진 작업구역 내 보관 및 정리정돈 필요",- 정비업체 요청하여 정리정돈 완료,고소·상부작업,2,4.0,키워드보정,,
246,2026-04-28,2026-04,전북지사,군산항역,INSPECTOR_09,EHS팀 선임,지사 주관,전북지사_ 군산항역,기타,기타,개선필요 [하],1.0,- 지게차 노후 표지 교체 필요 - 지게차용 깃발 부착 필요,즉시처리,기타,조치완료,완료,"[운송팀_군산항역]
- 지게차 노후 표지 교체 필요
- 지게차용 깃발 부착 필요",조치완료,회전체·협착점인근,1,2.0,키워드보정,,
247,2026-04-28,2026-04,전북지사,군산항역,INSPECTOR_09,EHS팀 선임,지사 주관,전북지사_ 군산항역,충돌,충돌,개선필요 [하],1.0,- 야드맨 철도 보행 중 충돌위험 방지를 위해 안전보건표지 부착 필요,즉시처리,기타,- 코레일 협조를 통해 안전보건표지 부착 완료,완료,"[운송팀_군산항역]
- 야드맨 철도 보행 중 충돌위험 방지를 위해 안전보건표지 부착 필요","[운송팀_군산항역]
- 코레일 협조를 통해 안전보건표지 부착 완료",,0,1.0,직접판정,"표지부착 필요, 낮음",
248,2026-04-27,2026-04,당진지사,당진지사,INSPECTOR_01,EHS팀 주임,지사 주관,당진지사,관리적미흡,관리적 미흡,개선필요 [하],1.0,- 유연탄 2부두 CSU 낙탄청소간 하부 통제 미흡,즉시처리,설치·구조물,- 안전띠 설치 및 관리감독자 비치,완료,- 유연탄 2부두 CSU 낙탄청소간 하부 통제 미흡,- 안전띠 설치 및 관리감독자 비치,,0,1.0,키워드보정,,
249,2026-04-27,2026-04,강원지사,안인,INSPECTOR_15,EHS팀 선임,지사 주관,강원지사_ 안인,관리적미흡,관리적 미흡,개선필요 [중],2.0,"TBM 일지 작성 시 실제 작업내용과 상이한 내용 기입 부적정한 서류 작성으로 인한 안전관리 신뢰성 저하 및 현장 위험요인 미반영 TBM 일지 작성 시 실제 작업내용을 기반으로 유해·위험요인 및 안전조치를 정확히 반영하여 작성하고, 관련 내용을 작업자에게 철저히 전파",즉시처리,점검·확인,- TBM 일지 작성 시 실제 작업내용 수정 및 동일확인 - 현장 위험요인 반영 확인,완료,"<지적사항>
TBM 일지 작성 시 실제 작업내용과 상이한 내용 기입
<위험요인>
부적정한 서류 작성으로 인한 안전관리 신뢰성 저하 및 현장 위험요인 미반영
<조치요청>
TBM 일지 작성 시 실제 작업내용을 기반으로 유해·위험요인 및 안전조치를 정확히 반영하여 작성하고, 관련 내용을 작업자에게 철저히 전파","<확인사항>
- TBM 일지 작성 시 실제 작업내용 수정 및 동일확인
- 현장 위험요인 반영 확인",,0,2.0,키워드보정,,
250,2026-04-27,2026-04,전북지사,완주복합물류센터,INSPECTOR_09,EHS팀 선임,지사 주관,전북지사_ 완주복합물류센터,정리정돈,정리정돈,개선필요 [하],1.0,- 소화전 앞 물건 적치 금지 (이동조치 필요),즉시처리,제거·차단,-정리정돈 완료,완료,"[완주복합물류센터]
- 소화전 앞 물건 적치 금지 (이동조치 필요)",-정리정돈 완료,,0,1.0,키워드보정,,
251,2026-04-27,2026-04,전북지사,완주복합물류센터,INSPECTOR_09,EHS팀 선임,지사 주관,전북지사_ 완주복합물류센터,화재·폭발,화재,개선필요 [하],1.0,- 폐기물정리장 내 쓰래기 정리정돈 필요,즉시처리,제거·차단,"-포대, 환경용품, 쓰레기 등 정리정돈",완료,"[완주복합물류센터]
- 폐기물정리장 내 쓰래기 정리정돈 필요","-포대, 환경용품, 쓰레기 등 정리정돈",,0,1.0,키워드보정,,
252,2026-04-27,2026-04,전북지사,전주 동산역,INSPECTOR_09,EHS팀 선임,지사 주관,전북지사_ 전주 동산역,화재·폭발,화재,개선필요 [하],1.0,-휀스 옆 보행자가 흡연 후 CY 내 쓰래기 및 담배꽁초 투척으로 인해 정리정돈 필요,즉시처리,기타,-즉시 청소 완료,완료,"[운송팀_동산역]
-휀스 옆 보행자가 흡연 후 CY 내 쓰래기 및 담배꽁초 투척으로 인해 정리정돈 필요",-즉시 청소 완료,,0,1.0,키워드보정,,
253,2026-04-27,2026-04,강원지사,안인,INSPECTOR_15,EHS팀 선임,지사 주관,강원지사_ 안인,화재·폭발,화재,개선필요 [상],3.0,차동식 열감지기 작동상태 불량 확인 화재 및 이상 온도 발생 시 감지 지연 또는 미작동으로 초기 대응 불가 불량 차동식 열감지기 교체 및 정상 작동 여부 점검 요청,즉시처리,설치·구조물,감지기 교체 및 정상 작동 확인,완료,"<지적사항>
차동식 열감지기 작동상태 불량 확인
<위험요인>
화재 및 이상 온도 발생 시 감지 지연 또는 미작동으로 초기 대응 불가
<조치요청>
불량 차동식 열감지기 교체 및 정상 작동 여부 점검 요청",감지기 교체 및 정상 작동 확인,,0,3.0,키워드보정,,
254,2026-04-27,2026-04,전북지사,군산항 부두,INSPECTOR_04,EHS팀 책임,지사 주관,전북지사_ 군산항 부두,추락,추락,개선필요 [중],2.0,1. 액체화물 취급 PIT 외부 접근금지 및 관리상태 미흡 2. OPEN된 구간 체인 재설 치 및 안전보건표지 등 설치 요함,즉시처리,설치·구조물,1. 액체화물 취급 담당자를 통해 OPEN구간 체인 설치 2. 접근금지 및 밀폐공간 안전보건표지 부착 완료 3. 야간용 델리네이터 설치 완료,완료,"[군산항 5부두]
1. 액체화물 취급 PIT 외부 접근금지 및 관리상태 미흡
2. OPEN된 구간 체인 재설 치 및 안전보건표지 등 설치 요함","1. 액체화물 취급 담당자를 통해 OPEN구간 체인 설치
2. 접근금지 및 밀폐공간 안전보건표지 부착 완료
3. 야간용 델리네이터 설치 완료",,0,2.0,키워드보정,,
255,2026-04-27,2026-04,당진지사,당진지사,INSPECTOR_07,EHS팀 선임,지사 주관,당진지사,관리적미흡,관리적 미흡,개선필요 [중],2.0,- 2부두 이동식운전원실 내 소화기 점검 미실시,즉시처리,점검·확인,- 이동식운전원실 내 소화기 점검 완료,완료,- 2부두 이동식운전원실 내 소화기 점검 미실시,- 이동식운전원실 내 소화기 점검 완료,화기·인화물인근,1,3.0,키워드보정,,
256,2026-04-27,2026-04,당진지사,당진지사,INSPECTOR_07,EHS팀 선임,지사 주관,당진지사,감전,감전,개선필요 [중],2.0,- 2부두 항운노조 환복실 콘센트 노출로 감전위험 - 콘센트 커버 부착을 통한 접촉방지,즉시처리,기타,- 콘센트커버 부착 완료,완료,"- 2부두 항운노조 환복실 콘센트 노출로 감전위험
- 콘센트 커버 부착을 통한 접촉방지",- 콘센트커버 부착 완료,충전부·고압인근,0,4.0,직접판정,콘센트 노출(충전부) → 기본2+가중2=4,
257,2026-04-27,2026-04,강원지사,동해,INSPECTOR_02,EHS팀 사원,지사 주관,강원지사_ 동해,추락,추락,개선필요 [중],2.0,작업현장 내 현문사다리 이동구간 해상 방면으로 위치하여 위치 조정 및 대책 필요 → 현문사다리 연장조치 실시,즉시처리,설치·구조물,현문사다리 연장 및 고정조치 완료,완료,작업현장 내 현문사다리 이동구간 해상 방면으로 위치하여 위치 조정 및 대책 필요 → 현문사다리 연장조치 실시,현문사다리 연장 및 고정조치 완료,고소·상부작업,2,4.0,키워드보정,,
258,2026-04-27,2026-04,강원지사,삼척,INSPECTOR_02,EHS팀 사원,지사 주관,강원지사_ 삼척,관리적미흡,관리적 미흡,개선필요 [중],2.0,응급구조 양중함 앞 적치물로 인한 응급구조 상황 시 골든타임 확보 미흡 → 적치물 정리정돈 및 이동 실시,즉시처리,제거·차단,적치물 정리정돈 및 이동 완료,완료,응급구조 양중함 앞 적치물로 인한 응급구조 상황 시 골든타임 확보 미흡 → 적치물 정리정돈 및 이동 실시,적치물 정리정돈 및 이동 완료,,0,2.0,키워드보정,,
259,2026-04-27,2026-04,강원지사,삼척,INSPECTOR_02,EHS팀 사원,지사 주관,강원지사_ 삼척,관리적미흡,관리적 미흡,개선필요 [하],1.0,CSU 장비 일부구간 야간 이동 시 충돌을 방지하기 위한 솔라라이트 설치필요 → 충돌방지용 솔라라이트 설치,즉시처리,기타,충돌방지용 솔라라이트 완료,완료,CSU 장비 일부구간 야간 이동 시 충돌을 방지하기 위한 솔라라이트 설치필요 → 충돌방지용 솔라라이트 설치,충돌방지용 솔라라이트 완료,,0,1.0,키워드보정,,
260,2026-04-24,2026-04,부산지사,우암,INSPECTOR_14,EHS팀 선임,지사 주관,부산지사_ 우암,추락,추락,개선필요 [상],3.0,외부업체 작업자 (비파괴검사) 추락방지 조치 미흡 → 이동식 작업대 사용하여 추락방지 조치 필요,즉시처리,기타,이동식 작업대 사용하여 추락방지 조치 완료,완료,외부업체 작업자 (비파괴검사) 추락방지 조치 미흡 → 이동식 작업대 사용하여 추락방지 조치 필요,이동식 작업대 사용하여 추락방지 조치 완료,고소·상부작업,0,4.0,직접판정,"이동식 작업대 필요=고소작업 명시, 기본3+가중2=4(상한)",
261,2026-04-23,2026-04,부산지사,우암,INSPECTOR_14,EHS팀 선임,지사 주관,부산지사_ 우암,관리적미흡,관리적 미흡,개선필요 [하],1.0,사업장 외곽 철도에 비치한 안내문(경고) 관리 미흡 → 코레일 확인 후 불필요 시 제거 필요,,미분류,,진행(조치 전),사업장 외곽 철도에 비치한 안내문(경고) 관리 미흡 → 코레일 확인 후 불필요 시 제거 필요,,,0,1.0,키워드보정,,
262,2026-04-23,2026-04,강원지사,삼척,INSPECTOR_02,EHS팀 사원,지사 주관,강원지사_ 삼척,정리정돈,정리정돈,개선필요 [하],1.0,폐기물 정리정돈 및 환경정리 필요 → 폐기물 정리 및 환경정리 실시,즉시처리,제거·차단,폐기물 정리정돈 및 환경정리 완료,완료,폐기물 정리정돈 및 환경정리 필요 → 폐기물 정리 및 환경정리 실시,폐기물 정리정돈 및 환경정리 완료,,0,1.0,키워드보정,,
263,2026-04-23,2026-04,경북지사,하역팀,INSPECTOR_13,EHS팀 선임,지사 주관,하역팀,낙하·비래·붕괴,낙하ㆍ붕괴,개선필요 [상],3.0,하역팀 도구방 내 와이어로프 정격하중 미기재,즉시처리,기타,와이어로프 정격하중 부착 완료,진행(조치 후),하역팀 도구방 내 와이어로프 정격하중 미기재,와이어로프 정격하중 부착 완료,,0,3.0,직접판정,"와이어로프 정격하중 미기재, 원등급 적절",
264,2026-04-22,2026-04,전북지사,전주 동산역,INSPECTOR_09,EHS팀 선임,지사 주관,전북지사_ 전주 동산역,전도,전도,개선필요 [하],1.0,- 야드 포트홀 (작은부분) 부분 보수 필요 * 큰 포트홀은 코레일 측에서 유지보수 예정,즉시처리,설치·구조물,- 야드 포트홀(작은부분) 보수 완료,완료,"[운송팀_동산역]
- 야드 포트홀 (작은부분) 부분 보수 필요
* 큰 포트홀은 코레일 측에서 유지보수 예정",- 야드 포트홀(작은부분) 보수 완료,,0,1.0,키워드보정,,
265,2026-04-22,2026-04,당진지사,당진지사,INSPECTOR_07,EHS팀 선임,지사 주관,당진지사,추락,추락,개선필요 [상],3.0,- CSU Main slew 안전난간 사이 추락위험 - 주무부서에 안전난간 길이 연장 요청,,미분류,,진행(조치 전),"- CSU Main slew 안전난간 사이 추락위험
- 주무부서에 안전난간 길이 연장 요청",,,0,3.0,키워드보정,,
266,2026-04-22,2026-04,전북지사,군산항 부두,INSPECTOR_04,EHS팀 책임,지사 주관,전북지사_ 군산항 부두,관리적미흡,관리적 미흡,개선필요 [중],2.0,1. 액체화물 취급 PIT 주변 식별가능항 위험표지 부착 상태 보완 필요 2. 주간 및 야간 이동 인원의 주의를 주기위한 안전보건표지 및 로프 등 교체 필요,즉시처리,설치·구조물,액체화물(위험물) 담당자와 안전로프 교체 및 밀폐와 접근금지 안전표지 부착 완료,완료,"[군산항 3부두]
1. 액체화물 취급 PIT 주변 식별가능항 위험표지 부착 상태 보완 필요
2. 주간 및 야간 이동 인원의 주의를 주기위한 안전보건표지 및 로프 등 교체 필요",액체화물(위험물) 담당자와 안전로프 교체 및 밀폐와 접근금지 안전표지 부착 완료,,0,2.0,직접판정,"PIT 표지보완, 원등급 유지",
267,2026-04-22,2026-04,강원지사,동해,INSPECTOR_02,EHS팀 사원,지사 주관,강원지사_ 동해,추락,추락,개선필요 [중],2.0,본선에서 육상으로 이어지는 현문사다리의 고정상태 개선 필요 → 현문사다리 추가 고정조치 또는 교체 요청(해당 모선 선원에게 요청 실시),즉시처리,설치·구조물,현문사다리 추가 고정조치 및 교체 완료,완료,본선에서 육상으로 이어지는 현문사다리의 고정상태 개선 필요 → 현문사다리 추가 고정조치 또는 교체 요청(해당 모선 선원에게 요청 실시),현문사다리 추가 고정조치 및 교체 완료,고소·상부작업,2,4.0,키워드보정,,
268,2026-04-22,2026-04,당진지사,당진지사,INSPECTOR_07,EHS팀 선임,지사 주관,당진지사,관리적미흡,관리적 미흡,개선필요 [중],2.0,- CSU Main slew 발끝막이판 탈락으로 낙하 위험 - 주무부서에 발끝막이판 재설치 요청,,미분류,,진행(조치 전),"- CSU Main slew 발끝막이판 탈락으로 낙하 위험
- 주무부서에 발끝막이판 재설치 요청",,,0,2.0,키워드보정,,
269,2026-04-22,2026-04,부산지사,용당,INSPECTOR_14,EHS팀 선임,지사 주관,부산지사_ 용당,추락,추락,개선필요 [상],3.0,화물차량 운전원 안전모 미착용으로 안전수칙 위반 → 안전모 착용할 수 있도록 조치,즉시처리,보호구지급,화물차량 운전원 즉시 안전모 착용 조치 완료,완료,화물차량 운전원 안전모 미착용으로 안전수칙 위반 → 안전모 착용할 수 있도록 조치,화물차량 운전원 즉시 안전모 착용 조치 완료,,0,3.0,키워드보정,,
270,2026-04-21,2026-04,광양지사,LME/공컨장치장,INSPECTOR_10,EHS팀 책임,지사 주관,광양지사_ LME/공컨장치장,화재·폭발,화재,개선필요 [하],1.0,창고 내부에 소화기가 비치되어 있으나 소화기 표지가 설치되어 있지 않아 위치 파악이 어려운 상태임 화재 발생 시 소화기 위치 파악 지연으로 초기 대응 실패 원거리에서도 식별 가능하도록 상부에 돌출 축광형 표지 설치 요함,,미분류,,진행(조치 전),"<내용>
창고 내부에 소화기가 비치되어 있으나 소화기 표지가 설치되어 있지 않아 위치 파악이 어려운 상태임
<위험요인>
화재 발생 시 소화기 위치 파악 지연으로 초기 대응 실패
<요청사항>
원거리에서도 식별 가능하도록 상부에 돌출 축광형 표지 설치 요함",,"고소·상부작업, 화기·인화물인근",2,3.0,키워드보정,,
271,2026-04-21,2026-04,광양지사,LME/공컨장치장,INSPECTOR_10,EHS팀 책임,지사 주관,광양지사_ LME/공컨장치장,추락,추락,개선필요 [하],1.0,사업장 내 추락 위험 구역에 설치된 추락주의 안전표지가 장기간 사용으로 인해 색상 퇴색 및 훼손되어 식별이 어려운 상태. 훼손 및 퇴색된 추락주의 안전표지 교체,즉시처리,설치·구조물,"훼손 및 퇴색된 추락주의 안전표지 교체를 위해 표지 구매요청을 완료하였으며, 주문한 표지 수령 후 즉시 교체할 예정입니다.",진행(조치 후),"<내용>
사업장 내 추락 위험 구역에 설치된 추락주의 안전표지가 장기간 사용으로 인해 색상 퇴색 및 훼손되어 식별이 어려운 상태.
<요청사항>
훼손 및 퇴색된 추락주의 안전표지 교체","훼손 및 퇴색된 추락주의 안전표지 교체를 위해 표지 구매요청을 완료하였으며, 주문한 표지 수령 후 즉시 교체할 예정입니다.",,0,1.0,키워드보정,,
272,2026-04-21,2026-04,부산지사,우암,INSPECTOR_14,EHS팀 선임,지사 주관,부산지사_ 우암,관리적미흡,관리적 미흡,개선필요 [상],3.0,작업 전 관리감독자 주관 TBM 시 출근시간으로 인한 검수 협력업체(범아상사) 직원 TBM 미참석 → 작업 전 교육 진행하지만 TBM 및 교육 진행한 증빙자료 작성 및 보관 필요 (범아상사 자체적으로 실시),즉시처리,교육·지도,검수 협력업체(범아상사) 자체적으로 작업 전 TBM 및 안전교육 실시,완료,작업 전 관리감독자 주관 TBM 시 출근시간으로 인한 검수 협력업체(범아상사) 직원 TBM 미참석 → 작업 전 교육 진행하지만 TBM 및 교육 진행한 증빙자료 작성 및 보관 필요 (범아상사 자체적으로 실시),검수 협력업체(범아상사) 자체적으로 작업 전 TBM 및 안전교육 실시,,0,3.0,키워드보정,,
273,2026-04-21,2026-04,당진지사,당진지사,INSPECTOR_01,EHS팀 주임,지사 주관,당진지사,화재·폭발,화재,개선필요 [중],2.0,- 유연탄 2부두 항운노조 대기실 바닥난방장치 컨트롤러 발열 - 점검간 필름형식 판넬 단선 및 과전류로 인한 발열 확인 - 사용중지 조치 및 판넬 및 전기 재공사 예정,,미분류,,진행(조치 전),"- 유연탄 2부두 항운노조 대기실 바닥난방장치 컨트롤러 발열
- 점검간 필름형식 판넬 단선 및 과전류로 인한 발열 확인
- 사용중지 조치 및 판넬 및 전기 재공사 예정",,충전부·고압인근,1,4.0,직접판정,과전류·전기설비 발열 → 기본2+가중2=4,
274,2026-04-21,2026-04,부산지사,양산,INSPECTOR_14,EHS팀 선임,지사 주관,부산지사_ 양산,충돌,충돌,개선필요 [상],3.0,기존 안전모 착용으로 근골격계질환 및 시야 미확보로 인한 충돌 위험 → 안전모 교체 필요,즉시처리,보호구지급,경량 및 챙 없는 안전모 구입하여 착용 완료,완료,기존 안전모 착용으로 근골격계질환 및 시야 미확보로 인한 충돌 위험 → 안전모 교체 필요,경량 및 챙 없는 안전모 구입하여 착용 완료,,0,3.0,키워드보정,,
275,2026-04-20,2026-04,강원지사,동해,INSPECTOR_15,EHS팀 선임,지사 주관,강원지사_ 동해,관리적미흡,관리적 미흡,개선필요 [중],2.0,"해당 위치는 화학물질 사용 장소가 아님에도 MSDS 게시판이 설치되어 있어 관리 기준에 부합하지 않으므로, 불필요한 게시판 제거필요",즉시처리,제거·차단,불필요한 게시판 제거 완료,완료,"해당 위치는 화학물질 사용 장소가 아님에도 MSDS 게시판이 설치되어 있어 관리 기준에 부합하지 않으므로, 불필요한 게시판 제거필요",불필요한 게시판 제거 완료,,0,2.0,키워드보정,,
276,2026-04-20,2026-04,강원지사,동해,INSPECTOR_15,EHS팀 선임,지사 주관,강원지사_ 동해,관리적미흡,관리적 미흡,개선필요 [중],2.0,"폐유가 보관된 유류통이 적치되어 있어 화재 및 환경오염 우려가 있으므로, 관련 법규에 따라 적정한 폐기처리가 필요",즉시처리,제거·차단,폐유가 보관된 유류통 폐기 완료,완료,"폐유가 보관된 유류통이 적치되어 있어 화재 및 환경오염 우려가 있으므로, 관련 법규에 따라 적정한 폐기처리가 필요",폐유가 보관된 유류통 폐기 완료,화기·인화물인근,0,3.0,직접판정,폐유(인화물) 적치 → 기본2+가중1=3,
277,2026-04-20,2026-04,강원지사,동해,INSPECTOR_15,EHS팀 선임,지사 주관,강원지사_ 동해,관리적미흡,관리적 미흡,개선필요 [하],1.0,"사용이 완료된 실리콘이 현장에 잔존하고 있어 환경오염 및 작업장 정리·정돈 저해 우려가 있으므로, 관련 기준에 따라 적정한 폐기처리 필요",즉시처리,제거·차단,폐기완료,완료,"사용이 완료된 실리콘이 현장에 잔존하고 있어 환경오염 및 작업장 정리·정돈 저해 우려가 있으므로, 관련 기준에 따라 적정한 폐기처리 필요",폐기완료,,0,1.0,키워드보정,,
278,2026-04-20,2026-04,강원지사,동해,INSPECTOR_15,EHS팀 선임,지사 주관,강원지사_ 동해,관리적미흡,관리적 미흡,개선필요 [하],1.0,사용 완료된 유류통에 대한 폐기처리가 필요,즉시처리,제거·차단,사용 완료된 유류통에 대한 폐기처리 실시 완료,완료,사용 완료된 유류통에 대한 폐기처리가 필요,사용 완료된 유류통에 대한 폐기처리 실시 완료,,0,1.0,키워드보정,,
279,2026-04-20,2026-04,당진지사,당진지사,INSPECTOR_01,EHS팀 주임,지사 주관,당진지사,관리적미흡,관리적 미흡,개선필요 [하],1.0,- 유연탄 2부두 인명구조함 1ea 경광등 미설치,즉시처리,기타,- 자석형 태양광 경광등 부착 완료,완료,- 유연탄 2부두 인명구조함 1ea 경광등 미설치,- 자석형 태양광 경광등 부착  완료,,0,1.0,키워드보정,,
280,2026-04-20,2026-04,경북지사,문덕창고,INSPECTOR_13,EHS팀 선임,지사 주관,문덕창고,낙하·비래·붕괴,낙하ㆍ붕괴,개선필요 [중],2.0,"4번창고 옆 그레이팅 노출에 따라 지게차 이동 시 그레이팅 붕괴, 지게차 전도위험",즉시처리,기타,그레이팅 상부 지게차 이동 시 붕괴위험부분 철판 덧대어 사고예방,진행(조치 후),"4번창고 옆 그레이팅 노출에 따라 지게차 이동 시 그레이팅 붕괴, 지게차 전도위험",그레이팅 상부 지게차 이동 시 붕괴위험부분 철판 덧대어 사고예방,회전체·협착점인근,1,3.0,키워드보정,,
281,2026-04-20,2026-04,전북지사,군산항 부두,INSPECTOR_04,EHS팀 책임,지사 주관,전북지사_ 군산항 부두,관리적미흡,관리적 미흡,개선필요 [중],2.0,1. 그랍 정비 시 사용한 유류드럼 및 윤활유통 현장 방치 2. MSDS관련 물질로 지정된 장소에 보관 필요하므로 해당 물질 수거요함,즉시처리,설치·구조물,정비팀에 요청하여 해당 유류드럼 및 윤활유통 수거조치 완료,완료,"[군산항 5부두]
1. 그랍 정비 시 사용한 유류드럼 및 윤활유통 현장 방치
2. MSDS관련 물질로 지정된 장소에 보관 필요하므로 해당 물질 수거요함",정비팀에 요청하여 해당 유류드럼 및 윤활유통 수거조치 완료,,0,2.0,키워드보정,,
282,2026-04-20,2026-04,강원지사,동해,INSPECTOR_15,EHS팀 선임,지사 주관,강원지사_ 동해,전도,전도,개선필요 [중],2.0,이동구간 안전조치 미흡 1) 타이어 고정조치 필요(전도 위험) 2) 주변 통제 필요 타이어 고정 및 주변 통제조치 필요,즉시처리,설치·구조물,1) 타이어 고정조치 완료 2) 주변 통제 완료,완료,"<지적사항>
이동구간 안전조치 미흡
<위험요인>
1) 타이어 고정조치 필요(전도 위험)
2) 주변 통제 필요
<조치요청>
타이어 고정 및 주변 통제조치 필요","1) 타이어 고정조치 완료
2) 주변 통제 완료",,0,2.0,키워드보정,,
283,2026-04-20,2026-04,강원지사,동해,INSPECTOR_15,EHS팀 선임,지사 주관,강원지사_ 동해,전도,전도,개선필요 [중],2.0,이동구간 미끄럼짐 위험 작업자 전도 위험 미끄럼방지조치 필요,즉시처리,기타,미끄럼방지조치 완료,완료,"<지적사항>
이동구간 미끄럼짐 위험
<위험요인>
작업자 전도 위험
<조치요청>
미끄럼방지조치 필요",미끄럼방지조치 완료,,0,2.0,키워드보정,,
284,2026-04-20,2026-04,강원지사,동해,INSPECTOR_15,EHS팀 선임,지사 주관,강원지사_ 동해,관리적미흡,관리적 미흡,개선필요 [하],1.0,"MSDS 보관함 관리 2개 중 1개 미사용으로 관리 혼선 미사용 MSDS 보관함, 제거 필요",즉시처리,제거·차단,제거 완료,완료,"<지적사항>
MSDS 보관함 관리
<위험요인>
2개 중 1개 미사용으로 관리 혼선
<조치요청>
미사용 MSDS 보관함, 제거 필요",제거 완료,,0,1.0,키워드보정,,
285,2026-04-20,2026-04,강원지사,동해,INSPECTOR_15,EHS팀 선임,지사 주관,강원지사_ 동해,관리적미흡,관리적 미흡,개선필요 [하],1.0,청소상태 불량 벌크 물질 및 분진·잔존 입자가 산재되어 있어 작업환경 저해 및 미끄럼·비산 위험 청소 및 정리정돈 필요,즉시처리,제거·차단,청소 및 정리정돈 완료,완료,"<지적사항>
청소상태 불량
<위험요인>
벌크 물질 및 분진·잔존 입자가 산재되어 있어 작업환경 저해 및 미끄럼·비산 위험
<조치요청>
청소 및 정리정돈 필요",청소 및 정리정돈 완료,,0,1.0,직접판정,"청소불량, 낮음",
286,2026-04-20,2026-04,강원지사,동해,INSPECTOR_15,EHS팀 선임,지사 주관,강원지사_ 동해,관리적미흡,관리적 미흡,개선필요 [하],1.0,폐기처분 대상(관리 필요) 구분·표기되어 있지 않아 관리상 혼선 우려 폐기 대상에 대한 명확한 표시 필요,즉시처리,제거·차단,폐기 대상에 대한 명확한 표시 완료,완료,"<지적사항>
폐기처분 대상(관리 필요)
<위험요인>
구분·표기되어 있지 않아 관리상 혼선 우려
<조치요청>
폐기 대상에 대한 명확한 표시 필요",폐기 대상에 대한 명확한 표시 완료,,0,1.0,키워드보정,,
287,2026-04-20,2026-04,강원지사,동해,INSPECTOR_15,EHS팀 선임,지사 주관,강원지사_ 동해,화재·폭발,화재,개선필요 [중],2.0,"베터리 충전 관리 미흡(지속적으로 충전 상태) 과충전 및 감전, 폭발(화재), 등 위험 충전기 분리 등 해제 조치 필요",즉시처리,점검·확인,충전기 분리 완료 및 수시 확인,완료,"<지적사항>
베터리 충전 관리 미흡(지속적으로 충전 상태)
<위험요인>
과충전 및 감전, 폭발(화재), 등 위험
<조치요청>
충전기 분리 등 해제 조치 필요",충전기 분리 완료 및 수시 확인,,0,2.0,키워드보정,,
288,2026-04-20,2026-04,강원지사,동해,INSPECTOR_15,EHS팀 선임,지사 주관,강원지사_ 동해,전도,전도,개선필요 [중],2.0,파레트가 적재된 구간 관리 미흡 파레트 전도 위험 접근 제한을 위한 통제구역 지정,즉시처리,제거·차단,접근 제한을 위한 통제구획 실시,완료,"<지적사항>
파레트가 적재된 구간 관리 미흡
<위험요인>
파레트 전도 위험
<조치요청>
접근 제한을 위한 통제구역 지정 ",접근 제한을 위한 통제구획 실시 ,,0,2.0,키워드보정,,
289,2026-04-20,2026-04,경인지사,의왕,INSPECTOR_03,EHS팀 주임,지사 주관,경인지사_ 의왕,충돌,충돌,개선필요 [중],2.0,"의왕CY 철도 선로 변 통행로 코너(선회구간) 시야 확보, 차량 간 충돌 방지를 위해 배치한 바리케이드가 컨테이너 전면으로 이동되어 본래의 목적에 맞게 사용되고 있지 않음",즉시처리,기타,코너(선회구간)에서 화물차들의 시야 확보가 가능하도록 이격하여 배치 조치 완료,진행(조치 후),"의왕CY 철도 선로 변 통행로 코너(선회구간) 시야 확보, 차량 간 충돌 방지를 위해 배치한 바리케이드가 컨테이너 전면으로 이동되어 본래의 목적에 맞게 사용되고 있지 않음",코너(선회구간)에서 화물차들의 시야 확보가 가능하도록 이격하여 배치 조치 완료,,1,2.0,직접판정,"바리케이드 이동, 원등급 유지",
290,2026-04-20,2026-04,경인지사,의왕,INSPECTOR_03,EHS팀 주임,지사 주관,경인지사_ 의왕,전도,전도,개선필요 [중],2.0,"의왕CFS 롤지, 기자재, 전지 등을 보관하는 보세창고 내 불안정한 랙 상부(3단)에 화물이 적재되어 있어 이동 조치가 필요함",즉시처리,기타,의왕CFS 전지 보세창고 내 불안정한 랙 상부(3단) 화물 이적 조치 완료 및 3단에 적재 금지 지속 관리 예정,진행(조치 후),"의왕CFS 롤지, 기자재, 전지 등을 보관하는 보세창고 내 불안정한 랙 상부(3단)에 화물이 적재되어 있어 이동 조치가 필요함",의왕CFS 전지 보세창고 내 불안정한 랙 상부(3단) 화물 이적 조치 완료 및 3단에 적재 금지 지속 관리 예정,고소·상부작업,2,4.0,키워드보정,,
291,2026-04-20,2026-04,강원지사,안인,INSPECTOR_15,EHS팀 선임,지사 주관,강원지사_ 안인,추락,추락,개선필요 [중],2.0,이동구간(갱웨이) 미끄럼방지 조치 필요,즉시처리,기타,이동구간(갱웨이) 미끄럼방지 조치 완료,완료,이동구간(갱웨이) 미끄럼방지 조치 필요,이동구간(갱웨이) 미끄럼방지 조치 완료,고소·상부작업,0,4.0,직접판정,갱웨이(고소이동통로) 미끄럼방지 필요 → 기본2+가중2=4,
292,2026-04-20,2026-04,강원지사,안인,INSPECTOR_15,EHS팀 선임,지사 주관,강원지사_ 안인,관리적미흡,관리적 미흡,개선필요 [하],1.0,건설기계 후방에 설치된 경고표지 훼손(오염·탈락·식별불량)에 따른 시인성 저하,즉시처리,교육·지도,경고표지 부착,완료,건설기계 후방에 설치된 경고표지 훼손(오염·탈락·식별불량)에 따른 시인성 저하,경고표지 부착,,0,1.0,직접판정,"경고표지 훼손, 낮음",
293,2026-04-20,2026-04,강원지사,안인,INSPECTOR_15,EHS팀 선임,지사 주관,강원지사_ 안인,감전,감전,개선필요 [중],2.0,릴선 처짐으로 인한 해수 접촉 위험,즉시처리,기타,릴선 처짐 저감 및 감전사고 예방을 위한 안전조치 시행,완료,릴선 처짐으로 인한 해수 접촉 위험,릴선 처짐 저감 및 감전사고 예방을 위한 안전조치 시행,,0,2.0,키워드보정,,
294,2026-04-20,2026-04,강원지사,동해,INSPECTOR_15,EHS팀 선임,지사 주관,강원지사_ 동해,화재·폭발,화재,개선필요 [중],2.0,분전함 내 청소 필요,즉시처리,설치·구조물,분전함 내 청소 및 콘센트 보호 캡 설치 완료,완료,분전함 내 청소 필요,분전함 내 청소 및 콘센트 보호 캡 설치 완료,,0,2.0,키워드보정,,
295,2026-04-17,2026-04,경인지사,안성 3센터,INSPECTOR_17,EHS팀 선임,지사 주관,경인지사_ 안성 3센터,관리적미흡,관리적 미흡,개선필요 [중],2.0,피난유도문 앞 지장물 간섭,,미분류,,진행(조치 전),피난유도문 앞 지장물 간섭,,,0,2.0,키워드보정,,
296,2026-04-17,2026-04,경인지사,안성 3센터,INSPECTOR_17,EHS팀 선임,지사 주관,경인지사_ 안성 3센터,관리적미흡,관리적 미흡,개선필요 [중],2.0,소방시설(소화기) 앞 팔레트 간섭으로 유사 시 사용 제한,,미분류,,진행(조치 전),소방시설(소화기) 앞 팔레트 간섭으로 유사 시 사용 제한,,화기·인화물인근,1,3.0,키워드보정,,
297,2026-04-17,2026-04,경인지사,안성 3센터,INSPECTOR_17,EHS팀 선임,지사 주관,경인지사_ 안성 3센터,관리적미흡,관리적 미흡,개선필요 [하],1.0,소화기 육안점검(4월) 미실시,,미분류,,진행(조치 전),소화기 육안점검(4월) 미실시,,,1,1.0,직접판정,"점검 미실시, 낮음",
298,2026-04-17,2026-04,경인지사,안성 3센터,INSPECTOR_17,EHS팀 선임,지사 주관,경인지사_ 안성 3센터,관리적미흡,관리적 미흡,개선필요 [중],2.0,지게차 시동키 보관함 시건상태 불량,즉시처리,점검·확인,시동키 보관함 시건상태 확인,완료,지게차 시동키 보관함 시건상태 불량,시동키 보관함 시건상태 확인,회전체·협착점인근,1,3.0,키워드보정,,
299,2026-04-17,2026-04,경인지사,의왕,INSPECTOR_03,EHS팀 주임,지사 주관,경인지사_ 의왕,관리적미흡,관리적 미흡,개선필요 [하],1.0,의왕CY 옥외 휴게실 컨테이너 내 체크리스트 상 일일점검이 진행되고 있지 않아 개선이 필요함,즉시처리,점검·확인,의왕CY 옥외 휴게실 점검 실시 및 지속 관리 예정,진행(조치 후),의왕CY 옥외 휴게실 컨테이너 내 체크리스트 상 일일점검이 진행되고 있지 않아 개선이 필요함,의왕CY 옥외 휴게실 점검 실시 및 지속 관리 예정,,0,1.0,키워드보정,,
300,2026-04-16,2026-04,당진지사,당진지사,INSPECTOR_07,EHS팀 선임,지사 주관,당진지사,추락,추락,개선필요 [중],2.0,- 본선 폐기물 수집업체 작업자 안전고리 미체결 - 안전고리 체결 후 작업 요청,즉시처리,점검·확인,- 안전고리 체결 후 작업 진행 확인,완료,"- 본선 폐기물 수집업체 작업자 안전고리 미체결
- 안전고리 체결 후 작업 요청",- 안전고리 체결 후 작업 진행 확인,,0,2.0,키워드보정,,
301,2026-04-16,2026-04,경남지사,마산항,INSPECTOR_12,EHS팀 책임,지사 주관,경남지사_ 마산항,관리적미흡,관리적 미흡,개선필요 [하],1.0,추락주의 표지의 노후. 신규 표지 부착 필요.,즉시처리,기타,신규 표지 부착 완료.,완료,추락주의 표지의 노후. 신규 표지 부착 필요. ,신규 표지 부착 완료.,,0,1.0,직접판정,"표지 노후, 낮음",
302,2026-04-16,2026-04,경북지사,문덕창고,INSPECTOR_13,EHS팀 선임,지사 주관,문덕창고,화재·폭발,화재,개선필요 [중],2.0,13번창고 내부 소화기 보관함이 화물에 막혀 사용 불가,즉시처리,기타,소화기보관함은 상시 사용 가능하도록 통로 확보 실시,진행(조치 후),13번창고 내부 소화기 보관함이 화물에 막혀 사용 불가,소화기보관함은 상시 사용 가능하도록 통로 확보 실시,,1,2.0,직접판정,"소화기 접근 불가, 원등급 유지",
303,2026-04-16,2026-04,경인지사,안성 1센터,INSPECTOR_17,EHS팀 선임,지사 주관,경인지사_ 안성 1센터,전도,전도,개선필요 [중],2.0,지게차 솔리드바퀴 균열발생으로 점검필요,,미분류,,진행(조치 전),지게차 솔리드바퀴 균열발생으로 점검필요,,회전체·협착점인근,1,3.0,키워드보정,,
304,2026-04-15,2026-04,전북지사,군산항 부두,INSPECTOR_04,EHS팀 책임,지사 주관,전북지사_ 군산항 부두,화재·폭발,화재,개선필요 [중],2.0,장비 운행 중 차량 내 흡연 후 담배꽁초를 밖으로 버림으로 인해 화재 발생 위험,즉시처리,교육·지도,장비 운전원 교육을 통해 원목 작업 및 인화성 화물 작업시 흡연 금지 및 담배꽁초 밖으로 던지지 않도록 교육 실시,완료,"[ 군산항 7부두 ]
장비 운행 중 차량 내 흡연 후 담배꽁초를 밖으로 버림으로 인해 화재 발생 위험",장비 운전원 교육을 통해 원목 작업 및 인화성 화물 작업시 흡연 금지 및 담배꽁초 밖으로 던지지 않도록 교육 실시,화기·인화물인근,0,3.0,직접판정,흡연·꽁초투기(화기) → 기본2+가중1=3,
305,2026-04-15,2026-04,전북지사,군산항 부두,INSPECTOR_04,EHS팀 책임,지사 주관,전북지사_ 군산항 부두,관리적미흡,관리적 미흡,개선필요 [하],1.0,동절기가 지났으나 겨울철 현수막이 게시중으로 시기에 맞는 현수막으로 교체 또는 철거 요함,즉시처리,설치·구조물,화재예방 강조 기간으로 화재예방 현수막으로 교체 설치 완료,완료,동절기가 지났으나 겨울철 현수막이 게시중으로 시기에 맞는 현수막으로 교체 또는 철거 요함,화재예방 강조 기간으로 화재예방 현수막으로 교체 설치 완료,,0,1.0,키워드보정,,
306,2026-04-14,2026-04,당진지사,당진지사,INSPECTOR_01,EHS팀 주임,지사 주관,당진지사,끼임·협착,끼임ㆍ협착,개선필요 [중],2.0,- CSU F호기 GANTRY CON'V 교체 작업 이후 방호망 원복상태 미흡,즉시처리,설치·구조물,- 방호망 체결 완료,완료,- CSU F호기 GANTRY CON'V 교체 작업 이후 방호망 원복상태 미흡,- 방호망 체결 완료,회전체·협착점인근,1,3.0,키워드보정,,
307,2026-04-14,2026-04,경북지사,문덕창고,INSPECTOR_13,EHS팀 선임,지사 주관,문덕창고,관리적미흡,관리적 미흡,개선필요 [하],1.0,문덕창고 4번창고 창문 테이핑 탈락분 제거조치 필요,즉시처리,제거·차단,4번창고 창문 테이핑 탈락분 제거,진행(조치 후),문덕창고 4번창고 창문 테이핑 탈락분 제거조치 필요,4번창고 창문 테이핑 탈락분 제거,,0,1.0,키워드보정,,
308,2026-04-14,2026-04,경북지사,문덕창고,INSPECTOR_13,EHS팀 선임,지사 주관,문덕창고,추락,추락,개선필요 [중],2.0,문덕창고 스피드도어 설치 외주작업자 안전벨트 고리 미 체결,즉시처리,교육·지도,안전고리 체결 후 작업 실시 지도,진행(조치 후),문덕창고 스피드도어 설치 외주작업자 안전벨트 고리 미 체결,안전고리 체결 후 작업 실시 지도,회전체·협착점인근,1,3.0,키워드보정,,
309,2026-04-14,2026-04,경인지사,의왕,INSPECTOR_03,EHS팀 주임,지사 주관,경인지사_ 의왕,충돌,충돌,개선필요 [상],3.0,"의왕CY 1군 게이트 기둥부의 플라스틱 우수관이 파손되어 상부만 연결되어 있는 상태로, 낙하물로 인한 보행자 사고의 위험성 존재 (해당 우수관을 제거하는 작업을 빠른 시일 내 실시, 이전까지는 출입금지 통제 조치 예정)",즉시처리,제거·차단,"플라스틱 우수관 수리 조치 완료, 수리 이전까지 해당 개소 출입 통제 및 안내문 게시",진행(조치 후),"의왕CY 1군 게이트 기둥부의 플라스틱 우수관이 파손되어 상부만 연결되어 있는 상태로, 낙하물로 인한 보행자 사고의 위험성 존재
(해당 우수관을 제거하는 작업을 빠른 시일 내 실시, 이전까지는 출입금지 통제 조치 예정)","플라스틱 우수관 수리 조치 완료, 수리 이전까지 해당 개소 출입 통제 및 안내문 게시",고소·상부작업,2,4.0,키워드보정,,
310,2026-04-14,2026-04,전북지사,군장신항만,INSPECTOR_04,EHS팀 책임,지사 주관,전북지사_ 군장신항만,관리적미흡,관리적 미흡,개선필요 [하],1.0,동절기 지났으나 겨울 현수막 게시중으로 철거 요함,즉시처리,설치·구조물,화재예방 강조기간으로 화재예방 현수막으로 교체 완료,완료,동절기 지났으나 겨울 현수막 게시중으로 철거 요함,화재예방 강조기간으로 화재예방 현수막으로 교체 완료,,0,1.0,키워드보정,,
311,2026-04-13,2026-04,전북지사,완주복합물류센터,INSPECTOR_09,EHS팀 선임,지사 주관,전북지사_ 완주복합물류센터,기타,기타,개선필요 [하],1.0,- 경비원 근무자 이름표 적절한 사이즈로 변경 필요 (감사대비),즉시처리,설치·구조물,-교체완료,완료,"[완주복합물류센터]
- 경비원 근무자 이름표 적절한 사이즈로 변경 필요 (감사대비)",-교체완료,,0,1.0,키워드보정,,
312,2026-04-13,2026-04,전북지사,완주복합물류센터,INSPECTOR_09,EHS팀 선임,지사 주관,전북지사_ 완주복합물류센터,기타,기타,개선필요 [하],1.0,- 봄철대비 화재 안전 현수막으로 교체 필요,즉시처리,설치·구조물,-현수막 교체 완료,완료,"[완주복합물류센터]
- 봄철대비 화재 안전 현수막으로 교체 필요",-현수막 교체 완료,,0,1.0,키워드보정,,
313,2026-04-13,2026-04,전북지사,완주복합물류센터,INSPECTOR_09,EHS팀 선임,지사 주관,전북지사_ 완주복합물류센터,충돌,충돌,개선필요 [중],2.0,- CAPM-2 옥외저장소 위험물 컨테이너 작업 중 적재구역 확인이 어려워 휀스등에 충돌위험 - 적재위치 표시가 필요함,즉시처리,기타,-조치완료,완료,"[완주복합물류센터]
- CAPM-2 옥외저장소 위험물 컨테이너 작업 중 적재구역 확인이 어려워 휀스등에 충돌위험
- 적재위치 표시가 필요함",-조치완료,,0,2.0,키워드보정,,
314,2026-04-13,2026-04,경북지사,하역팀,INSPECTOR_13,EHS팀 선임,지사 주관,하역팀,관리적미흡,관리적 미흡,개선필요 [중],2.0,구조용케이지 사용 관련 안내표지 등 미부착,즉시처리,기타,구조용케이지 사용방법 및 관리주체 등 표지판 부착,진행(조치 후),구조용케이지 사용 관련 안내표지 등 미부착,구조용케이지 사용방법 및 관리주체 등 표지판 부착,,0,2.0,키워드보정,,
315,2026-04-13,2026-04,당진지사,당진지사,INSPECTOR_01,EHS팀 주임,지사 주관,당진지사,전도,전도,개선필요 [중],2.0,- 유연탄 1부두 본선 유압배관 누유로 근로자 이동간 전도사고 위험,즉시처리,점검·확인,- 즉시 본선측 조치요청 및 조치상태 확인 완료,완료,- 유연탄 1부두 본선 유압배관 누유로 근로자 이동간 전도사고 위험,- 즉시 본선측 조치요청 및 조치상태 확인 완료,다수인원노출,1,3.0,키워드보정,,
316,2026-04-13,2026-04,전북지사,군산항 부두,INSPECTOR_04,EHS팀 책임,지사 주관,전북지사_ 군산항 부두,끼임·협착,끼임ㆍ협착,개선필요 [상],3.0,BAG화물의 불안정한 상태로 인해 접금하여 고리 걸이 작업 중인 근로자에게 뒤집혀 깔림 위험,즉시처리,기타,불안정한 BAG화물을 지게차로 먼저 안정되게 안착시킨 후 고리결이 작업 실시,완료,"[ 군산항 5부두 ]
BAG화물의 불안정한 상태로 인해 접금하여 고리 걸이 작업 중인 근로자에게 뒤집혀 깔림 위험",불안정한 BAG화물을 지게차로 먼저 안정되게 안착시킨 후 고리결이 작업 실시,,0,3.0,키워드보정,,
317,2026-04-13,2026-04,경인지사,의왕,INSPECTOR_03,EHS팀 주임,지사 주관,경인지사_ 의왕,화재·폭발,화재,개선필요 [중],2.0,의왕CY 정비고에서 용접 작업 시 노면에 까는 형식으로 방화포를 사용하고 있으나 해당 방화포가 노후화 및 KFI(소방용품 시험 인증) 여부가 확인되지 않아 교체 필요,즉시처리,설치·구조물,용접 작업 시 사용하는 방화포를 KFI(소방용품 시험 인증) 제품으로 교체하여 사용토록 조치,진행(조치 후),의왕CY 정비고에서 용접 작업 시 노면에 까는 형식으로 방화포를 사용하고 있으나 해당 방화포가 노후화 및 KFI(소방용품 시험 인증) 여부가 확인되지 않아 교체 필요,용접 작업 시 사용하는 방화포를 KFI(소방용품 시험 인증) 제품으로 교체하여 사용토록 조치,화기·인화물인근,1,3.0,직접판정,용접작업 방화포 노후 → 기본2+가중1=3,
318,2026-04-10,2026-04,강원지사,동해,INSPECTOR_02,EHS팀 사원,지사 주관,강원지사_ 동해,관리적미흡,관리적 미흡,개선필요 [하],1.0,공기압축기 점검일지를 외부에 부착하여 점검 전 확인 및 관리 필요 → 공기압축기 점검일지 부착,즉시처리,점검·확인,공기압축기 점검일지 부착 완료,완료,공기압축기 점검일지를 외부에 부착하여 점검 전 확인 및 관리 필요 → 공기압축기 점검일지 부착,공기압축기 점검일지 부착 완료,,0,1.0,키워드보정,,
319,2026-04-10,2026-04,강원지사,동해,INSPECTOR_02,EHS팀 사원,지사 주관,강원지사_ 동해,추락,추락,관계법규 위반,4.0,휠로더 승/하차 시 추락위험을 예방하기 위한 안전표지 부착 필요 → 추락주의 표지 부착 실시,즉시처리,교육·지도,추락주의 표지 부착 완료,완료,휠로더 승/하차 시 추락위험을 예방하기 위한 안전표지 부착 필요 → 추락주의 표지 부착 실시,추락주의 표지 부착 완료,,0,4.0,키워드보정,,
320,2026-04-10,2026-04,당진지사,당진지사,INSPECTOR_07,EHS팀 선임,지사 주관,당진지사,전도,전도,개선필요 [하],1.0,- 정비작업을 위한 CSU 벨트 안전펜스 불안전한 거치로 전도 위험 - 안전펜스 분리보관시 전도 방지 조치 요청,즉시처리,설치·구조물,- 안전펜스 이동조치 완료,완료,"- 정비작업을 위한 CSU 벨트 안전펜스 불안전한 거치로 전도 위험
- 안전펜스 분리보관시 전도 방지 조치 요청",- 안전펜스 이동조치 완료,회전체·협착점인근,1,2.0,키워드보정,,
321,2026-04-10,2026-04,당진지사,당진지사,INSPECTOR_07,EHS팀 선임,지사 주관,당진지사,관리적미흡,관리적 미흡,개선필요 [하],1.0,- 구조용케이지 주변 물호스 방치로 비상상황 발생시 이동 방해 - 주변 정리정돈 및 물호스 보관함 이동,즉시처리,제거·차단,- 정리정돈 및 물호스 이동조치 완료,완료,"- 구조용케이지 주변 물호스 방치로 비상상황 발생시 이동 방해
- 주변 정리정돈 및 물호스 보관함 이동",- 정리정돈 및 물호스 이동조치 완료,,0,1.0,직접판정,"호스방치, 낮음",
322,2026-04-10,2026-04,부산지사,우암,INSPECTOR_14,EHS팀 선임,지사 주관,부산지사_ 우암,관리적미흡,관리적 미흡,개선필요 [하],1.0,사업장 외벽 돌출된 수목 제거 요청 (코레일) → 외벽 돌출된 수목 제거 필요,즉시처리,제거·차단,외벽 돌출된 수목 제거 완료,완료,사업장 외벽 돌출된 수목 제거 요청 (코레일) → 외벽 돌출된 수목 제거 필요,외벽 돌출된 수목 제거 완료,,0,1.0,키워드보정,,
323,2026-04-10,2026-04,당진지사,당진지사,INSPECTOR_07,EHS팀 선임,지사 주관,당진지사,충돌,충돌,개선필요 [하],1.0,- CSU 이동구간에 주차금지구역에 차량 주차 - 차량 이동 및 주차금지 안내,즉시처리,기타,- 차량 이동조치 완료,완료,"- CSU 이동구간에 주차금지구역에 차량 주차
- 차량 이동 및 주차금지 안내",- 차량 이동조치 완료,,0,1.0,키워드보정,,
324,2026-04-10,2026-04,부산지사,우암,INSPECTOR_14,EHS팀 선임,지사 주관,부산지사_ 우암,관리적미흡,관리적 미흡,개선필요 [하],1.0,작업장 입구 안전 관련 윈드배너 손상 → 윈드배너 교체 필요,,미분류,,진행(조치 전),작업장 입구 안전 관련 윈드배너 손상 → 윈드배너 교체 필요,,,0,1.0,키워드보정,,
325,2026-04-10,2026-04,강원지사,삼척,INSPECTOR_02,EHS팀 사원,지사 주관,강원지사_ 삼척,정리정돈,정리정돈,개선필요 [하],1.0,작업 후 안전화의 청결상태를 유지하기 위한 조치 필요 → 안전화 털이개 설치 실시,즉시처리,설치·구조물,개인 위생을 위한 안전화 털이개 설치 완료,완료,작업 후 안전화의 청결상태를 유지하기 위한 조치 필요 → 안전화 털이개 설치 실시,개인 위생을 위한 안전화 털이개 설치 완료,,0,1.0,키워드보정,,
326,2026-04-10,2026-04,경인지사,의왕,INSPECTOR_03,EHS팀 주임,지사 주관,경인지사_ 의왕,화재·폭발,화재,개선필요 [하],1.0,경인지사 운영건물 옥상 흡연부스에 비치한 소화기의 압력 저하로 인해 사용이 불가하므로 빠른 시일 내 교체 필요,즉시처리,기타,"흡연장소는 화재의 위험이 비교적 높은 바, 옥상 바로 아래 계단참에 비치한 2개의 정상 압력 소화기 중 1개를 이동 비치(추후 계단참 소화기 보완 예정)",진행(조치 후),경인지사 운영건물 옥상 흡연부스에 비치한 소화기의 압력 저하로 인해 사용이 불가하므로 빠른 시일 내 교체 필요,"흡연장소는 화재의 위험이 비교적 높은 바, 옥상 바로 아래 계단참에 비치한 2개의 정상 압력 소화기 중 1개를 이동 비치(추후 계단참 소화기 보완 예정)","고소·상부작업, 화기·인화물인근",2,3.0,키워드보정,,
327,2026-04-10,2026-04,경인지사,의왕,INSPECTOR_03,EHS팀 주임,지사 주관,경인지사_ 의왕,관리적미흡,관리적 미흡,개선필요 [하],1.0,의왕CY 정비고에서 사용하는 염화칼슘이 지정된 보관 컨테이너 외 타 장소(유류컨테이너)에 있어 위치 변경하여 보관이 필요함,즉시처리,기타,지정된 염화칼슘 보관 컨테이너로 이적하여 보관 조치,진행(조치 후),의왕CY 정비고에서 사용하는 염화칼슘이 지정된 보관 컨테이너 외 타 장소(유류컨테이너)에 있어 위치 변경하여 보관이 필요함,지정된 염화칼슘 보관 컨테이너로 이적하여 보관 조치,,0,1.0,키워드보정,,
328,2026-04-10,2026-04,전북지사,군산항 부두,INSPECTOR_04,EHS팀 책임,지사 주관,전북지사_ 군산항 부두,관리적미흡,관리적 미흡,개선필요 [하],1.0,근로자 휴게실 간판 탈락으로 재설치 필요,즉시처리,설치·구조물,근로자 휴게실 간판 재설치 완료,완료,"[군산항 7부두]
근로자 휴게실 간판 탈락으로 재설치 필요",근로자 휴게실 간판 재설치 완료,,0,1.0,직접판정,"간판탈락, 낮음",
329,2026-04-09,2026-04,전북지사,완주복합물류센터,INSPECTOR_09,EHS팀 선임,지사 주관,전북지사_ 완주복합물류센터,추락,추락,개선필요 [하],1.0,-도크장 출입 중 조도확보가 되지 않은 상태에서 추락 위험이 있음,즉시처리,설치·구조물,-라바콘에 깜빡이 설치 완료,완료,"[완주복합물류센터]
-도크장 출입 중 조도확보가 되지 않은 상태에서 추락 위험이 있음","[완주복합물류센터]
-라바콘에 깜빡이 설치 완료",,0,1.0,키워드보정,,
330,2026-04-09,2026-04,당진지사,당진지사,INSPECTOR_01,EHS팀 주임,지사 주관,당진지사,추락,추락,개선필요 [상],3.0,- 유연탄 3부두 캣워크 그레이팅 유격발생으로 안전사고 위험,즉시처리,기타,- 개선완료,완료,- 유연탄 3부두 캣워크 그레이팅 유격발생으로 안전사고 위험,- 개선완료,,0,3.0,키워드보정,,
331,2026-04-09,2026-04,당진지사,당진지사,INSPECTOR_01,EHS팀 주임,지사 주관,당진지사,관리적미흡,관리적 미흡,개선필요 [하],1.0,- 인명구조함 경광등 파손,즉시처리,설치·구조물,- 파손된 경광등 폐기처리 및 자석형 태양광 경광등 설치 완료,완료,- 인명구조함 경광등 파손,- 파손된 경광등 폐기처리 및 자석형 태양광 경광등 설치 완료,,0,1.0,키워드보정,,
332,2026-04-09,2026-04,경인지사,안성 3센터,INSPECTOR_17,EHS팀 선임,지사 주관,경인지사_ 안성 3센터,관리적미흡,관리적 미흡,개선필요 [중],2.0,피난문 주변 지장물 간섭으로 화재 시 대피 제한,즉시처리,제거·차단,피난문 주변 정리상태 확인,완료,피난문 주변 지장물 간섭으로 화재 시 대피 제한,피난문 주변 정리상태 확인,,0,2.0,키워드보정,,
333,2026-04-09,2026-04,경인지사,안성 3센터,INSPECTOR_17,EHS팀 선임,지사 주관,경인지사_ 안성 3센터,화재·폭발,화재,개선필요 [중],2.0,콘센트 분진 침적으로 화재위험,즉시처리,점검·확인,멀티콘센트 분진 청소상태 확인,완료,콘센트 분진 침적으로 화재위험,멀티콘센트 분진 청소상태 확인,,0,2.0,키워드보정,,
334,2026-04-08,2026-04,강원지사,삼척,INSPECTOR_02,EHS팀 사원,지사 주관,강원지사_ 삼척,관리적미흡,관리적 미흡,개선필요 [하],1.0,공기압축기의 월간점검일지 부착 필요,즉시처리,점검·확인,공기압축기의 월간점검일지 부착 완료,완료,공기압축기의 월간점검일지 부착 필요,공기압축기의 월간점검일지 부착 완료,,0,1.0,키워드보정,,
335,2026-04-08,2026-04,강원지사,삼척,INSPECTOR_02,EHS팀 사원,지사 주관,강원지사_ 삼척,기타,기타,개선필요 [하],1.0,밀폐공간 작업계획서 내 안전보호구의 명칭 개선 필요 → 공기호흡기로 명칭 수정,즉시처리,보호구지급,"안전보호구 범례 명칭 안전보호구(공기호흡기, 측정기, 산소캔) 수정완료",완료,밀폐공간 작업계획서 내 안전보호구의 명칭 개선 필요 → 공기호흡기로 명칭 수정,"안전보호구 범례 명칭 안전보호구(공기호흡기, 측정기, 산소캔) 수정완료",밀폐공간,2,3.0,키워드보정,,
336,2026-04-08,2026-04,강원지사,동해,INSPECTOR_02,EHS팀 사원,지사 주관,강원지사_ 동해,관리적미흡,관리적 미흡,개선필요 [하],1.0,전시시설의 관리책임자 정/부 수정 필요 → 관리책임자에 대한 담당자 수정 조치,즉시처리,기타,관리책임자에 대한 담당자 수정 완료,완료,전시시설의 관리책임자 정/부 수정 필요 → 관리책임자에 대한 담당자 수정 조치,관리책임자에 대한 담당자 수정 완료,,0,1.0,키워드보정,,
337,2026-04-08,2026-04,강원지사,동해,INSPECTOR_02,EHS팀 사원,지사 주관,강원지사_ 동해,관리적미흡,관리적 미흡,관계법규 위반,4.0,소방펌프실의 문구 노후화로 인해 해당 시설의 명칭 확인 불가 → 소방펌프실 명칭 재부착,즉시처리,기타,소방펌프실 명칭 재부착 완료,완료,소방펌프실의 문구 노후화로 인해 해당 시설의 명칭 확인 불가 → 소방펌프실 명칭 재부착,소방펌프실 명칭 재부착 완료,,0,2.0,직접판정,"소방펌프실 명칭확인불가는 표지문제 - 원본4점은 과대책정, 하향",
338,2026-04-08,2026-04,강원지사,동해,INSPECTOR_02,EHS팀 사원,지사 주관,강원지사_ 동해,전도,전도,개선필요 [하],1.0,하역도구 창고 주변 및 출입구의 미끄럼 방지 추가 조치 필요 → 미끄럼 방지패드 추가 설치,즉시처리,설치·구조물,미끄럼 방지패드 추가 설치 완료,완료,하역도구 창고 주변 및 출입구의 미끄럼 방지 추가 조치 필요 → 미끄럼 방지패드 추가 설치,미끄럼 방지패드 추가 설치 완료,,0,1.0,키워드보정,,
339,2026-04-08,2026-04,강원지사,동해,INSPECTOR_02,EHS팀 사원,지사 주관,강원지사_ 동해,관리적미흡,관리적 미흡,개선필요 [하],1.0,하역도구 창고 내 염화칼슘의 MSDS 게시 필요 → MSDS 자료 게시,즉시처리,기타,MSDS 자료 게시완료,완료,하역도구 창고 내 염화칼슘의 MSDS 게시 필요 → MSDS 자료 게시,MSDS 자료 게시완료,,0,1.0,키워드보정,,
340,2026-04-08,2026-04,부산지사,용당,INSPECTOR_14,EHS팀 선임,지사 주관,부산지사_ 용당,관리적미흡,관리적 미흡,개선필요 [하],1.0,위험물안전관리자 변경 및 표지 노후 → 표지 제작하여 부착 필요,즉시처리,설치·구조물,스티커 교체 완료,완료,위험물안전관리자 변경 및 표지 노후 → 표지 제작하여 부착 필요,스티커 교체 완료,,0,1.0,직접판정,"표지 노후, 낮음",
341,2026-04-08,2026-04,강원지사,삼척,INSPECTOR_02,EHS팀 사원,지사 주관,강원지사_ 삼척,관리적미흡,관리적 미흡,관계법규 위반,4.0,부두 하역작업 시 관계자 또는 출입 세부 안전수칙의 게시 필요 → 세부 안전수칙을 포함한 하역 중 출입금지 표지 신규 제작 실시,즉시처리,설치·구조물,세부 안전수칙을 포함한 하역 중 출입금지 표지 신규 제작 및 설치완료,완료,부두 하역작업 시 관계자 또는 출입 세부 안전수칙의 게시 필요 → 세부 안전수칙을 포함한 하역 중 출입금지 표지 신규 제작 실시,세부 안전수칙을 포함한 하역 중 출입금지 표지 신규 제작 및 설치완료,,0,4.0,키워드보정,,
342,2026-04-08,2026-04,강원지사,삼척,INSPECTOR_02,EHS팀 사원,지사 주관,강원지사_ 삼척,관리적미흡,관리적 미흡,개선필요 [하],1.0,휠로더 부속품 관리책임자 명판 제거 필요 → 세방의 관리책임의 주체가 아니므로 제거 실시,즉시처리,점검·확인,관리책임 주체 발전소측 확인,완료,휠로더 부속품 관리책임자 명판 제거 필요 → 세방의 관리책임의 주체가 아니므로 제거 실시,관리책임 주체 발전소측 확인,,0,1.0,직접판정,"명판제거 요청, 낮음",
343,2026-04-08,2026-04,전북지사,완주복합물류센터,INSPECTOR_09,EHS팀 선임,지사 주관,전북지사_ 완주복합물류센터,충돌,충돌,개선필요 [하],1.0,- 차량게이트 화물차 운전기사 충돌위험 방지를 위해 도색작업 필요,즉시처리,기타,- 차량게이트 화물차 운전기사 충돌위험 방지를 위해 도색작업 완료,완료,"[완주복합물류센터]
- 차량게이트 화물차 운전기사 충돌위험 방지를 위해 도색작업 필요","	[완주복합물류센터]
- 차량게이트 화물차 운전기사 충돌위험 방지를 위해 도색작업 완료",,0,1.0,키워드보정,,
344,2026-04-07,2026-04,강원지사,동해,INSPECTOR_02,EHS팀 사원,지사 주관,강원지사_ 동해,정리정돈,정리정돈,개선필요 [하],1.0,유류저장소 외부 사용하지 않는 MSDS 보관함 분리 및 폐기 → 사용하지 않는 MSDS 보관함 분리 및 폐기 실시,즉시처리,제거·차단,사용하지 않는 MSDS 보관함 분리 및 폐기 완료,완료,유류저장소 외부 사용하지 않는 MSDS 보관함 분리 및 폐기 → 사용하지 않는 MSDS 보관함 분리 및 폐기 실시,사용하지 않는 MSDS 보관함 분리 및 폐기 완료,,0,1.0,키워드보정,,
345,2026-04-07,2026-04,강원지사,동해,INSPECTOR_02,EHS팀 사원,지사 주관,강원지사_ 동해,정리정돈,정리정돈,개선필요 [하],1.0,휴게실 내 휴게실 점검표 및 사용수칙을 게시하여 관리 필요 → 휴게실 점검표 및 사용수칙 부착 실시,즉시처리,점검·확인,휴게실 점검표 및 사용수칙 부착 완료,완료,휴게실 내 휴게실 점검표 및 사용수칙을 게시하여 관리 필요 → 휴게실 점검표 및 사용수칙 부착 실시,휴게실 점검표 및 사용수칙 부착 완료,,0,1.0,키워드보정,,
346,2026-04-07,2026-04,강원지사,동해,INSPECTOR_02,EHS팀 사원,지사 주관,강원지사_ 동해,추락,추락,개선필요 [중],2.0,강원지사 사무동 물류창고 지붕 출입구 시건 및 안전표지 노후화로 인한 교체 필요 → 출입구 시건 및 안전표지 교체 실시,즉시처리,설치·구조물,출입구 시건 및 안전표지 교체 완료,완료,강원지사 사무동 물류창고 지붕 출입구 시건 및 안전표지 노후화로 인한 교체 필요 → 출입구 시건 및 안전표지 교체 실시,출입구 시건 및 안전표지 교체 완료,고소·상부작업,2,4.0,키워드보정,,
347,2026-04-07,2026-04,강원지사,동해,INSPECTOR_02,EHS팀 사원,지사 주관,강원지사_ 동해,화재·폭발,화재,개선필요 [하],1.0,강원지사 사무동 내 소화기 점검 필요 → 소화기 점검 후 소화기 점검일지 작성,즉시처리,점검·확인,소화기 점검 후 소화기 점검일지 작성 완료,완료,강원지사 사무동 내 소화기 점검 필요  → 소화기 점검 후 소화기 점검일지 작성,소화기 점검 후 소화기 점검일지 작성 완료,화기·인화물인근,1,2.0,키워드보정,,
348,2026-04-07,2026-04,강원지사,동해,INSPECTOR_02,EHS팀 사원,지사 주관,강원지사_ 동해,감전,감전,개선필요 [하],1.0,전기실 외부 안전표지의 노후화로 인한 교체 필요 → 안전표지 교체 실시,즉시처리,설치·구조물,안전표지 교체 완료,완료,전기실 외부 안전표지의 노후화로 인한 교체 필요 → 안전표지 교체 실시,안전표지 교체 완료,,0,1.0,키워드보정,,
349,2026-04-07,2026-04,강원지사,안인,INSPECTOR_15,EHS팀 선임,지사 주관,강원지사_ 안인,추락,추락,개선필요 [중],2.0,미끄럼조치 훼손,즉시처리,기타,보완 완료,완료,미끄럼조치 훼손,보완 완료,,0,2.0,직접판정,"미끄럼조치 훼손, 원등급 유지",
350,2026-04-07,2026-04,강원지사,안인,INSPECTOR_15,EHS팀 선임,지사 주관,강원지사_ 안인,관리적미흡,관리적 미흡,개선필요 [하],1.0,안전보건표지 훼손,즉시처리,설치·구조물,교체 완료,완료,안전보건표지 훼손,교체 완료,,0,1.0,키워드보정,,
351,2026-04-07,2026-04,강원지사,안인,INSPECTOR_15,EHS팀 선임,지사 주관,강원지사_ 안인,관리적미흡,관리적 미흡,개선필요 [하],1.0,공기호흡기 보관함 식별조치 필요,즉시처리,점검·확인,점검표 케이스 부착 및 식별조치,완료,공기호흡기 보관함 식별조치 필요,점검표 케이스 부착 및 식별조치,,0,1.0,키워드보정,,
352,2026-04-07,2026-04,전북지사,군산항 부두,INSPECTOR_04,EHS팀 책임,지사 주관,전북지사_ 군산항 부두,관리적미흡,관리적 미흡,개선필요 [하],1.0,1. 코일창고 내 소화기함에 비치된 소화기 1개 누락 2. 누락된 소화기 사용여부 확인 결과 액체화물 작업시 1개를 작업장 비치 후 넣어 놓지 않음 3. 다시 비치토록 요청,즉시처리,점검·확인,1. 소화기 재 비치 완료 2. 육상 담당자를 통해 소화기 보관장소 정기점검으로 누락 및 압력 상태 확인,완료,"[군산항 5부두]
1. 코일창고 내 소화기함에 비치된 소화기 1개 누락
2. 누락된 소화기 사용여부 확인 결과 액체화물 작업시 1개를 작업장 비치 후 넣어 놓지 않음
3. 다시 비치토록 요청","1. 소화기 재 비치 완료
2. 육상 담당자를 통해 소화기 보관장소 정기점검으로 누락 및 압력 상태 확인",,1,1.0,직접판정,"소화기 누락, 낮음",
353,2026-04-07,2026-04,경남지사,마산항,INSPECTOR_12,EHS팀 책임,지사 주관,경남지사_ 마산항,기타,기타,개선필요 [하],1.0,tbm 작업전 전달사항에 동절기 방한철저등 현재 상황에 해당되지 않는 전파 사항 기재되어 있음. 현재 시점과 해당이 안되는 사항은 서류에서 제외하여 기재 필요.,즉시처리,점검·확인,계절과 적합하지 않는 내용의 기록 변경조치 확인.,완료,"tbm 작업전 전달사항에 동절기 방한철저등 현재 상황에 해당되지 않는 전파 사항 기재되어 있음.
현재 시점과 해당이 안되는 사항은 서류에서 제외하여 기재 필요.

",계절과 적합하지 않는 내용의 기록 변경조치 확인.,,0,1.0,키워드보정,,
354,2026-04-06,2026-04,경남지사,중량(해송),INSPECTOR_12,EHS팀 책임,지사 주관,경남지사_ 중량(해송),관리적미흡,관리적 미흡,개선필요 [상],3.0,"세방20001호 선박 내 언패스트닝 작업간 데크크리닝 작업을 진행하는 과정에서 바닥에 비치된 산소 및lpg 가스의 호스위로 중량 크레인 장비가 이동 함. 장비가 호스위로 이동시 호스의 내부 부강충이 끊어지거나 파손으로 인해 가스 누출 위험이 있으며, 가스 흐름이 순간적으로 막히거나 압력 밸런스의 무너짐으로 인해 토치(화구)쪽에서 불꽃이 호스를 타고 가스통 쪽으로 거꾸로 들어가는 역화 현상이 발생하며 화재 발생 및 작업자 화상 위험 있음. 추후 동일한 상황의 재발 방지를 위해 해당 내용을 작업 전 TBM 교육을 실시하고 기록 할 수 있도록 조치 필요.",즉시처리,기타,4월 협의체회의진행시 해당 내용에 대한 위험성평가 진행 및 위험감소대착에 대한 회의 진행.,완료,"세방20001호 선박 내 언패스트닝 작업간 데크크리닝 작업을 진행하는 과정에서 바닥에 비치된 산소 및lpg 가스의 호스위로 중량 크레인 장비가 이동 함. 
장비가 호스위로 이동시 호스의 내부 부강충이 끊어지거나 파손으로 인해 가스 누출 위험이 있으며,
가스 흐름이 순간적으로 막히거나 압력 밸런스의 무너짐으로 인해 토치(화구)쪽에서 불꽃이 호스를 타고 가스통 쪽으로 거꾸로 들어가는 역화 현상이 발생하며 화재 발생 및 작업자 화상 위험 있음.
추후 동일한 상황의 재발 방지를 위해 해당 내용을 작업 전 TBM 교육을 실시하고 기록 할 수 있도록 조치 필요.
","4월 협의체회의진행시 해당 내용에 대한 위험성평가 진행 및 
위험감소대착에 대한 회의 진행.",회전체·협착점인근,1,4.0,키워드보정,,
355,2026-04-06,2026-04,강원지사,안인,INSPECTOR_15,EHS팀 선임,지사 주관,강원지사_ 안인,관리적미흡,관리적 미흡,관계법규 위반,4.0,휴게시설에 대기실 명판으로 부착되어있음.,즉시처리,설치·구조물,휴게실 명판으로 교체 완료,완료,휴게시설에 대기실 명판으로 부착되어있음.,휴게실 명판으로 교체 완료,,0,4.0,키워드보정,,
356,2026-04-06,2026-04,강원지사,안인,INSPECTOR_15,EHS팀 선임,지사 주관,강원지사_ 안인,추락,추락,개선필요 [상],3.0,추락위험,즉시처리,설치·구조물,세이프 로프 설치완료,완료,추락위험,세이프 로프 설치완료,,0,3.0,키워드보정,,
357,2026-04-03,2026-04,당진지사,당진지사,INSPECTOR_07,EHS팀 선임,지사 주관,당진지사,충돌,충돌,개선필요 [하],1.0,- 유연탄 부두 Mooring hook 풋스위치 CSU 레일 위치 - CSU 이동중 파손 위험으로 이동필요,즉시처리,기타,- Mooring hook 풋스위치 이동조치 완료,완료,"- 유연탄 부두 Mooring hook 풋스위치 CSU 레일 위치
- CSU 이동중 파손 위험으로 이동필요",- Mooring hook 풋스위치 이동조치 완료,,0,1.0,키워드보정,,
358,2026-04-03,2026-04,당진지사,당진지사,INSPECTOR_07,EHS팀 선임,지사 주관,당진지사,감전,감전,개선필요 [하],1.0,- 2부두 환복실 콘센트 커버 미설치 - 유연탄 분진 유입으로 인한 화재 위험,즉시처리,기타,- 콘센트 커버 부착 완료,완료,"- 2부두 환복실 콘센트 커버 미설치
- 유연탄 분진 유입으로 인한 화재 위험",- 콘센트 커버 부착 완료,충전부·고압인근,0,3.0,직접판정,콘센트커버 미설치(충전부)+분진 → 기본1+가중2=3,
359,2026-04-03,2026-04,당진지사,당진지사,INSPECTOR_07,EHS팀 선임,지사 주관,당진지사,관리적미흡,관리적 미흡,개선필요 [하],1.0,- 1부두 휴게실 내 휴대용 산소마스크 사용기한 만료,즉시처리,제거·차단,- 휴대용 산소마스크 폐기 및 정리정돈,완료,- 1부두 휴게실 내 휴대용 산소마스크 사용기한 만료,- 휴대용 산소마스크 폐기 및 정리정돈,,0,1.0,키워드보정,,
360,2026-04-02,2026-04,경북지사,문덕창고,INSPECTOR_13,EHS팀 선임,지사 주관,문덕창고,추락,추락,개선필요 [상],3.0,문덕창고 이동식계단 상부 추락방지를 위한 경고표지 필요,즉시처리,설치·구조물,이동식계단 계단위험 포인트존 표지판 설치,진행(조치 후),문덕창고 이동식계단 상부 추락방지를 위한 경고표지 필요,이동식계단 계단위험 포인트존 표지판 설치,고소·상부작업,2,4.0,키워드보정,,
361,2026-04-02,2026-04,당진지사,당진지사,INSPECTOR_01,EHS팀 주임,지사 주관,당진지사,추락,추락,개선필요 [상],3.0,- 해치커버 상부 작업간 작업자 안전대 미 착용,즉시처리,보호구지급,- 작업중지 조치 및 안전대 착용상태 확인 후 작업재개 실시,완료,- 해치커버 상부 작업간 작업자 안전대 미 착용,- 작업중지 조치 및 안전대 착용상태 확인 후 작업재개 실시,고소·상부작업,2,4.0,키워드보정,,
362,2026-04-02,2026-04,강원지사,동해,INSPECTOR_02,EHS팀 사원,지사 주관,강원지사_ 동해,전도,전도,개선필요 [하],1.0,작업 본선 이동구간 내 일부 시설물의 돌출로 인한 걸려 넘어질 위험 → 해당 시설물로 인한 전도 위험을 예방하기 위한 시각적 전달 필요,즉시처리,설치·구조물,해당 시설물로 인한 전도 위험을 예방하기 위한 세이프티 라인 설치 및 시각적 전달 완료,완료,작업 본선 이동구간 내 일부 시설물의 돌출로 인한 걸려 넘어질 위험 → 해당 시설물로 인한 전도 위험을 예방하기 위한 시각적 전달 필요,해당 시설물로 인한 전도 위험을 예방하기 위한 세이프티 라인 설치 및 시각적 전달 완료,,0,1.0,키워드보정,,
363,2026-04-02,2026-04,강원지사,동해,INSPECTOR_02,EHS팀 사원,지사 주관,강원지사_ 동해,관리적미흡,관리적 미흡,개선필요 [하],1.0,강원지사 사무동 내 소화기 관리를 위한 커버 보관 필요 → 소화기 커버 설치를 통한 소화기 관리 용이,즉시처리,설치·구조물,커버 설치 후 소화기 관리 실시,완료,강원지사 사무동 내 소화기 관리를 위한 커버 보관 필요 → 소화기 커버 설치를 통한 소화기 관리 용이,커버 설치 후 소화기 관리 실시,,1,1.0,직접판정,"커버 보관, 낮음",
364,2026-04-02,2026-04,전북지사,군산항 부두,INSPECTOR_04,EHS팀 책임,지사 주관,전북지사_ 군산항 부두,정리정돈,정리정돈,개선필요 [하],1.0,1. 근로자 휴게실 컨테이너 내부 정리 후 필요없는 물건에 외부에 방치한 상태로 2일간 방치함 2. 필요없는 자재 및 물건에 대해 즉시 정리 요함,즉시처리,제거·차단,7부두 육상 담당자를 통해 해당 폐기용품 즉시 정리 완료,완료,"[군산항 7부두]
1. 근로자 휴게실 컨테이너 내부 정리 후 필요없는 물건에 외부에 방치한 상태로 2일간 방치함
2. 필요없는 자재 및 물건에 대해 즉시 정리 요함",7부두 육상 담당자를 통해 해당 폐기용품 즉시 정리 완료,,0,1.0,직접판정,"물건방치, 낮음",
365,2026-04-01,2026-04,경북지사,문덕창고,INSPECTOR_13,EHS팀 선임,지사 주관,문덕창고,낙하·비래·붕괴,낙하ㆍ붕괴,개선필요 [중],2.0,문덕창고 컨테이너 적재 시 적재불량에 따른 추락위험 존재,즉시처리,기타,컨테이너 적재 시 붕괴위험이 없도록 바르게 적재 실시,진행(조치 후),문덕창고 컨테이너 적재 시 적재불량에 따른 추락위험 존재,컨테이너 적재 시 붕괴위험이 없도록 바르게 적재 실시,,0,2.0,키워드보정,,
366,2026-04-01,2026-04,경북지사,문덕창고,INSPECTOR_13,EHS팀 선임,지사 주관,문덕창고,전도,전도,개선필요 [중],2.0,문덕창고 야적장 복포작업 후 정리정돈 불량에 따른 보행자 넘어짐 위험,즉시처리,제거·차단,"복포작업 후 정리정돈 철저, 주변보행로 확보 철저",진행(조치 후),문덕창고 야적장 복포작업 후 정리정돈 불량에 따른 보행자 넘어짐 위험,"복포작업 후 정리정돈 철저, 주변보행로 확보 철저",,0,2.0,직접판정,"정리정돈불량, 원등급 유지",
367,2026-04-01,2026-04,강원지사,동해,INSPECTOR_02,EHS팀 사원,지사 주관,강원지사_ 동해,기타,기타,개선필요 [하],1.0,26. 04. 01 부 인사명령에 따른 비상연락망 및 조직도 전반적인 수정 필요(재해 또는 비상상황 발생 시 대응을 위한 개선) → 비상연락체계 인원 수정 및 강원지사 전 인원 관련 내용 배포,즉시처리,기타,비상연락체계 인원 수정 후 게시판 및 휴게실 부착 및 강원지사 전 인원 관련 내용 메일 발송 완료,완료,26. 04. 01 부 인사명령에 따른 비상연락망 및 조직도 전반적인 수정 필요(재해 또는 비상상황 발생 시 대응을 위한 개선) → 비상연락체계 인원 수정 및 강원지사 전 인원 관련 내용 배포,비상연락체계 인원 수정 후 게시판 및 휴게실 부착 및 강원지사 전 인원 관련 내용 메일 발송 완료,,0,1.0,키워드보정,,
368,2026-04-01,2026-04,부산지사,SBCD,INSPECTOR_08,EHS팀 책임,지사 주관,부산지사_ SBCD,정리정돈,정리정돈,개선필요 [중],2.0,EIR 검사장 난간대에 설치된 작업도구 홀더 하나에 여러개의 작업도구 보관 -> 작업도구 빼면서 다른 도구가 아래로 떨어지면서 사고 발생 위험 -> 작업도구 홀더를 수량에 맞게 추가 설치 또는 작업도구함 설치 필요,즉시처리,설치·구조물,작업도구 수량별 홀더(고리) 추가 설치 완료,완료,EIR 검사장 난간대에 설치된 작업도구 홀더 하나에 여러개의 작업도구 보관 -> 작업도구 빼면서 다른 도구가 아래로 떨어지면서 사고 발생 위험 -> 작업도구 홀더를 수량에 맞게 추가 설치 또는 작업도구함 설치 필요,작업도구 수량별 홀더(고리) 추가 설치 완료,,0,2.0,키워드보정,,
369,2026-04-01,2026-04,당진지사,당진지사,INSPECTOR_01,EHS팀 주임,지사 주관,당진지사,충돌,충돌,개선필요 [하],1.0,- 유연탄 1부두 본선 7번 HOLD 진입구 고정핀 설치시에도 완전개방 안되어 근로자 진입간 부딪힘 위험,즉시처리,설치·구조물,- 로프로 고정조치 실시,완료,"- 유연탄 1부두 본선 7번 HOLD 진입구 고정핀 설치시에도 완전개방 안되어
  근로자 진입간 부딪힘 위험",- 로프로 고정조치 실시,,0,1.0,키워드보정,,
370,2026-03-31,2026-03,부산지사,감천,INSPECTOR_14,EHS팀 선임,지사 주관,부산지사_ 감천,충돌,충돌,개선필요 [상],3.0,당사와 관계없는 화물차량 출입으로 충돌 위험 → 해당 업체 공문 작성하여 출입구 명확하게 전달 요청 필요,즉시처리,기타,해당 업체에 공문 작성하여 전달 완료,완료,당사와 관계없는 화물차량 출입으로 충돌 위험 → 해당 업체 공문 작성하여 출입구 명확하게 전달 요청 필요,해당 업체에 공문 작성하여 전달 완료,,0,3.0,직접판정,"무관계차량 출입, 원등급 유지",
371,2026-03-31,2026-03,경인지사,안성 3센터,INSPECTOR_17,EHS팀 선임,지사 주관,경인지사_ 안성 3센터,충돌,충돌,개선필요 [중],2.0,"지정된 작업구역 외 작업은 장비와의 충돌 위험이 높으므로 작업대를 지정된 작업구역으로 이동, 해당 구역에서만 포장작업 진행",즉시처리,점검·확인,작업대 철수여부 확인/D구역 포장작업구역으로 작업대 이동,완료,"지정된 작업구역 외 작업은 장비와의 충돌 위험이 높으므로 작업대를 지정된 작업구역으로 이동, 해당 구역에서만 포장작업 진행",작업대 철수여부 확인/D구역 포장작업구역으로 작업대 이동,,0,2.0,키워드보정,,
372,2026-03-31,2026-03,경인지사,안성 3센터,INSPECTOR_17,EHS팀 선임,지사 주관,경인지사_ 안성 3센터,화재·폭발,화재,개선필요 [중],2.0,배터리 누출물질 확인필요(전해액 여부),즉시처리,점검·확인,단순 이물질로 확인완료,완료,배터리 누출물질 확인필요(전해액 여부),단순 이물질로 확인완료,,0,2.0,키워드보정,,
373,2026-03-31,2026-03,경인지사,의왕,INSPECTOR_03,EHS팀 주임,지사 주관,경인지사_ 의왕,화재·폭발,화재,개선필요 [하],1.0,"의왕CFS 보세창고는 분진 및 먼지가 다소 많이 발생하는 바, 식품 보세창고 내 설치된 멀티콘센트에 먼지 유입으로 인한 누전 화재 위험성 존재",즉시처리,기타,식품 보세창고 내 미사용 콘센트에 먼지 유입을 방지하기 위하여 콘센트커버 장착 완료,진행(조치 후),"의왕CFS 보세창고는 분진 및 먼지가 다소 많이 발생하는 바, 식품 보세창고 내 설치된 멀티콘센트에 먼지 유입으로 인한 누전 화재 위험성 존재",식품 보세창고 내 미사용 콘센트에 먼지 유입을 방지하기 위하여 콘센트커버 장착 완료,,0,1.0,키워드보정,,
374,2026-03-31,2026-03,경인지사,안성 1센터,INSPECTOR_17,EHS팀 선임,지사 주관,경인지사_ 안성 1센터,추락,추락,개선필요 [중],2.0,"일자형 사다리 및 전도방지대 없는 사다리는 사용 불가, 반출 또는 폐기 필요",즉시처리,제거·차단,사다리 폐기완료,완료,"일자형 사다리 및 전도방지대 없는 사다리는 사용 불가, 반출 또는 폐기 필요",사다리 폐기완료,고소·상부작업,2,4.0,키워드보정,,
375,2026-03-31,2026-03,경인지사,안성 3센터,INSPECTOR_17,EHS팀 선임,지사 주관,경인지사_ 안성 3센터,관리적미흡,관리적 미흡,개선필요 [중],2.0,"수도권 3물류 상온 2층 하이리치 지게차 안전띠 사용불능 상태, 사용할 수 있도록 조치 필요",즉시처리,점검·확인,안전띠 원상복구 완료 확인,완료,"수도권 3물류 상온 2층 하이리치 지게차 안전띠 사용불능 상태,

사용할 수 있도록 조치 필요",안전띠 원상복구 완료 확인,,1,2.0,직접판정,"안전띠(추락방지장구) 사용불능 - 회전체아닌 추락위험, 원등급 유지",추락
376,2026-03-31,2026-03,경인지사,의왕,INSPECTOR_03,EHS팀 주임,지사 주관,경인지사_ 의왕,기타,기타,개선필요 [중],2.0,CY정비고 신규 컨테이너 내부에 신규 화학물질(구리스)를 소량 입고하였으나 MSDS 자료를 컨테이너 내 비치하고 있지 않아 화학물질의 유해성을 인지하기 어려움,즉시처리,기타,컨테이너(보관장소) 내 해당 화학물질 MSDS자료 비치 완료,진행(조치 후),CY정비고 신규 컨테이너 내부에 신규 화학물질(구리스)를 소량 입고하였으나 MSDS 자료를 컨테이너 내 비치하고 있지 않아 화학물질의 유해성을 인지하기 어려움,컨테이너(보관장소) 내 해당 화학물질 MSDS자료 비치 완료,,0,2.0,키워드보정,,
377,2026-03-31,2026-03,경인지사,의왕,INSPECTOR_03,EHS팀 주임,지사 주관,경인지사_ 의왕,기타,기타,개선필요 [중],2.0,"CY정비고 신규 컨테이너 내부에 요소수를 소분하여 저장하였으나 소분용기(말통)에 물질명, MSDS 경고표지가 없어 화학물질의 종류 및 유해성을 인지하기 어려움",즉시처리,교육·지도,"보관 컨테이너 내 소분용기(말통) 중 3EA만 요소수 보관 예정인 관계로 해당 소분용기에 MSDS경고표지 부착 완료, 추후 타 화학물질 사용 시 추적 관리 예정",진행(조치 후),"CY정비고 신규 컨테이너 내부에 요소수를 소분하여 저장하였으나 소분용기(말통)에 물질명, MSDS 경고표지가 없어 화학물질의 종류 및 유해성을 인지하기 어려움","보관 컨테이너 내 소분용기(말통) 중 3EA만 요소수 보관 예정인 관계로 해당 소분용기에 MSDS경고표지 부착 완료, 추후 타 화학물질 사용 시 추적 관리 예정",,0,2.0,직접판정,"MSDS 경고표지 없음, 원등급 유지",
378,2026-03-31,2026-03,전북지사,군산항 부두,INSPECTOR_04,EHS팀 책임,지사 주관,전북지사_ 군산항 부두,감전,감전,개선필요 [하],1.0,1. 액체화물 자재보관 컨테이너 외부 전선의 처짐으로 인한 끝단부의 단선 및 전선 노출로 인한 감전 위험 2. 액체화물 자재보관 컨테이너의 외부 전선이 처지지 않도록 정리 요함,즉시처리,제거·차단,처진 전선 정리 완료,완료,"[군산항 3부두]
1. 액체화물 자재보관 컨테이너 외부 전선의 처짐으로 인한 끝단부의 단선 및 전선 노출로 인한 감전 위험
2. 액체화물 자재보관 컨테이너의 외부 전선이 처지지 않도록 정리 요함",처진 전선 정리 완료,,0,1.0,키워드보정,,
379,2026-03-30,2026-03,경북지사,하역팀,INSPECTOR_13,EHS팀 선임,지사 주관,하역팀,추락,추락,개선필요 [상],3.0,하역팀 호퍼상부 추락방지를 위한 경고표지 부착 및 출입금지조치(쇠사슬) 필요,즉시처리,설치·구조물,"호퍼 이동용 계단 입구 쇠사슬 설치, 추락위험 타포린 표지판 부착, 계단조심 포인트존 표지판 부착",진행(조치 후),하역팀 호퍼상부 추락방지를 위한 경고표지 부착 및 출입금지조치(쇠사슬) 필요,"호퍼 이동용 계단 입구 쇠사슬 설치, 추락위험 타포린 표지판 부착, 계단조심 포인트존 표지판 부착",고소·상부작업,2,4.0,키워드보정,,
380,2026-03-30,2026-03,전북지사,군산항 부두,INSPECTOR_04,EHS팀 책임,지사 주관,전북지사_ 군산항 부두,감전,감전,개선필요 [중],2.0,1. 3부두 계근대 사물실 내 누전차단기함 덮개 미설치로 인해 조작 중 감전 위험 2. 누전차단기함을 덮개가 있는 제품으로 새로 교체 요함,즉시처리,설치·구조물,누전차단기함 신규 제품으로 설치 완료,완료,"[군산항 3부두]
1. 3부두 계근대 사물실 내 누전차단기함 덮개 미설치로 인해 조작 중 감전 위험
2. 누전차단기함을 덮개가 있는 제품으로 새로 교체 요함",누전차단기함 신규 제품으로 설치 완료,충전부·고압인근,0,4.0,직접판정,누전차단기함 덮개미설치(충전부) → 기본2+가중2=4,
381,2026-03-27,2026-03,경북지사,문덕창고,INSPECTOR_13,EHS팀 선임,지사 주관,문덕창고,추락,추락,개선필요 [상],3.0,안전발판대 상부 추락위험 존재에 따른 경고표지 부착 및 추락방지조치 필요,즉시처리,설치·구조물,"안전발판대 상부 추락방지를 위한 쇠사슬 설치, 타포린 추락위험 표지 부착",진행(조치 후),안전발판대 상부 추락위험 존재에 따른 경고표지 부착 및 추락방지조치 필요,"안전발판대 상부 추락방지를 위한 쇠사슬 설치, 타포린 추락위험 표지 부착",고소·상부작업,2,4.0,키워드보정,,
382,2026-03-27,2026-03,전북지사,전주 동산역,INSPECTOR_09,EHS팀 선임,지사 주관,전북지사_ 전주 동산역,충돌,충돌,개선필요 [하],1.0,- 화물차 운전기사 안전의식 제고를 위해 제한속도 도색작업 필요,즉시처리,기타,- 제한속도 도색작업 완료,완료,"[운송팀_전주 동산역]
- 화물차 운전기사 안전의식 제고를 위해 제한속도 도색작업 필요","[운송팀_전주 동산역]
- 제한속도 도색작업 완료",,0,1.0,직접판정,"제한속도 도색, 낮음",
383,2026-03-27,2026-03,전북지사,전주 동산역,INSPECTOR_09,EHS팀 선임,지사 주관,전북지사_ 전주 동산역,충돌,충돌,개선필요 [하],1.0,-보행자통로 도색작업 필요,즉시처리,기타,- 보행자통로 도색작업 완료,완료,"[운송팀_전주 동산역]
-보행자통로 도색작업 필요","[운송팀_전주 동산역]
- 보행자통로 도색작업 완료",,0,1.0,키워드보정,,
384,2026-03-27,2026-03,전북지사,전주 동산역,INSPECTOR_09,EHS팀 선임,지사 주관,전북지사_ 전주 동산역,충돌,충돌,개선필요 [하],1.0,- 화물차 운전기사 콘체결 임시하차장 도색 작업 필요,즉시처리,기타,- 화물차 운전기사 콘체결 임시하차장 도색 작업 완료,완료,"[운송팀_전주 동산역]
- 화물차 운전기사 콘체결 임시하차장 도색 작업 필요","[운송팀_전주 동산역]
- 화물차 운전기사 콘체결 임시하차장 도색 작업 완료",,0,1.0,키워드보정,,
385,2026-03-27,2026-03,전북지사,전주 동산역,INSPECTOR_09,EHS팀 선임,지사 주관,전북지사_ 전주 동산역,충돌,충돌,개선필요 [하],1.0,- 근로자 주차구역과 컨테이너 선적구역 구분을 위해 주차구역 도색작업 필요,즉시처리,기타,- 주차구역 도색작업 완료,완료,"[운송팀_전주 동산역]
- 근로자 주차구역과 컨테이너 선적구역 구분을 위해 주차구역 도색작업 필요","[운송팀_전주 동산역]
- 주차구역 도색작업 완료",,0,1.0,키워드보정,,
386,2026-03-26,2026-03,강원지사,동해,INSPECTOR_02,EHS팀 사원,지사 주관,강원지사_ 동해,충돌,충돌,개선필요 [하],1.0,물류창고 입구 볼라드 노후화로 인한 일부 탈락으로 차량 충돌 또는 전도 위험 → 볼라드 수리 및 보강 실시,즉시처리,기타,볼라드 수리 및 보강완료,완료,물류창고 입구 볼라드 노후화로 인한 일부 탈락으로 차량 충돌 또는 전도 위험 → 볼라드 수리 및 보강 실시,볼라드 수리 및 보강완료,,0,1.0,키워드보정,,
387,2026-03-26,2026-03,강원지사,안인,INSPECTOR_15,EHS팀 선임,지사 주관,강원지사_ 안인,관리적미흡,관리적 미흡,개선필요 [중],2.0,근로자 안내용 표지판 부착필요,즉시처리,교육·지도,근로자 안내용 표지판 부착 완료,완료,근로자 안내용 표지판 부착필요,근로자 안내용 표지판 부착 완료,,0,2.0,직접판정,"표지부착 필요, 원등급 유지",
388,2026-03-26,2026-03,강원지사,동해,INSPECTOR_15,EHS팀 선임,지사 주관,강원지사_ 동해,관리적미흡,관리적 미흡,개선필요 [하],1.0,락카 방치 확인 폐기처분 필요,즉시처리,제거·차단,락카 폐기처분 완료,완료,"락카 방치 확인 
폐기처분 필요",락카 폐기처분 완료,,0,1.0,키워드보정,,
389,2026-03-26,2026-03,당진지사,당진지사,INSPECTOR_01,EHS팀 주임,지사 주관,당진지사,추락,추락,개선필요 [상],3.0,- 유연탄 1부두 CSU 상부 출입문 고정장치 파손으로 안전사고 위험,,미분류,,진행(조치 전),- 유연탄 1부두 CSU 상부 출입문 고정장치 파손으로 안전사고 위험,,고소·상부작업,2,4.0,키워드보정,,
390,2026-03-26,2026-03,경인지사,안성 2센터,INSPECTOR_17,EHS팀 선임,지사 주관,경인지사_ 안성 2센터,정리정돈,정리정돈,개선필요 [중],2.0,폐기예정 파레트 정리정돈 및 바리게이트 정렬배치 필요,즉시처리,제거·차단,파레트 정돈 및 바리게이트 정렬 상태 확인/폐기 파레트 일정물량 채워지면 반출 예정,완료,폐기예정 파레트 정리정돈 및 바리게이트 정렬배치 필요,파레트 정돈 및 바리게이트 정렬 상태 확인/폐기 파레트 일정물량 채워지면 반출 예정,,0,2.0,키워드보정,,
391,2026-03-26,2026-03,경인지사,안성 1센터,INSPECTOR_17,EHS팀 선임,지사 주관,경인지사_ 안성 1센터,관리적미흡,관리적 미흡,개선필요 [중],2.0,지게차 시동키 분리 미흡/시동키 분리 및 시건함에 보관 필요,즉시처리,점검·확인,시동키 보관상태 확인,완료,지게차 시동키 분리 미흡/시동키 분리 및 시건함에 보관 필요,시동키 보관상태 확인,,1,2.0,직접판정,"무단운행 위험, 원등급 유지",
392,2026-03-26,2026-03,경인지사,안성 3센터,INSPECTOR_17,EHS팀 선임,지사 주관,경인지사_ 안성 3센터,관리적미흡,관리적 미흡,개선필요 [하],1.0,안전모 착용 표지 탈락으로 재부착 필요,즉시처리,기타,표지 재부착 완료,완료,안전모 착용 표지 탈락으로 재부착 필요,표지 재부착 완료,,0,1.0,키워드보정,,
393,2026-03-25,2026-03,경북지사,문덕창고,INSPECTOR_13,EHS팀 선임,지사 주관,문덕창고,전도,전도,개선필요 [중],2.0,문덕창고 사무동 내 계단 핸드레일 사용토록 주의표지 필요,즉시처리,기타,문덕창고 사무동 계단 계단조심 표지 부착,진행(조치 후),문덕창고 사무동 내 계단 핸드레일 사용토록 주의표지 필요,문덕창고 사무동 계단 계단조심 표지 부착,,0,2.0,키워드보정,,
394,2026-03-25,2026-03,전북지사,완주복합물류센터,INSPECTOR_09,EHS팀 선임,지사 주관,전북지사_ 완주복합물류센터,추락,추락,개선필요 [중],2.0,-옥상 수직사다리 출입금지 조치 필요 -위험물 저장소 수직사다리 자물쇠로 관건조치 필요,즉시처리,제거·차단,-옥상 수직사다리 출입금지 조치 완료 -위험물 저장소 수직사다리 자물쇠로 관건조치 완료,완료,"[완주복합물류센터]
-옥상 수직사다리 출입금지 조치 필요
-위험물 저장소 수직사다리 자물쇠로 관건조치 필요","	[완주복합물류센터]
-옥상 수직사다리 출입금지 조치 완료
-위험물 저장소 수직사다리 자물쇠로 관건조치 완료",고소·상부작업,2,4.0,직접판정,옥상(명확한 고소) 사다리 출입관리 미흡 → 기본2+가중2=4,
395,2026-03-25,2026-03,광양지사,태인동,INSPECTOR_10,EHS팀 책임,지사 주관,광양지사_ 태인동,기타,기타,개선필요 [하],1.0,"""혹서기 체감온도 확인하기"" 표지판 부착(고정) 필요 창고 외벽 부착시 복사열로 인해 측정값 왜곡 우려가 있으므로 창고 내부 기둥에 부착 요함",즉시처리,설치·구조물,"""혹서기 체감온도 확인하기"" 표지판 정위치(창고 내부 기둥) 고정 완료",완료,"<요청사항>
""혹서기 체감온도 확인하기"" 표지판 부착(고정) 필요 
창고 외벽 부착시 복사열로 인해 측정값 왜곡 우려가 있으므로 창고 내부 기둥에 부착 요함  ","""혹서기 체감온도 확인하기"" 표지판 정위치(창고 내부 기둥) 고정 완료",,0,1.0,키워드보정,,
396,2026-03-25,2026-03,광양지사,태인동,INSPECTOR_10,EHS팀 책임,지사 주관,광양지사_ 태인동,추락,추락,개선필요 [중],2.0,"사업장 내 맨홀이 부식되어 구조적 강도가 저하된 상태, 임시조치로 상부에 철판 및 그레이팅을 덮어 놓음 작업자 통행 시 미끄러짐 위험(그레이팅 미 고정 상태) 및 부식된 맨홀 구간 근로자 추락 위험 임시조치 구역 작업자 식별 가능하도록 안전콘 등으로 위험구간 표시 부식된 맨홀 교체",즉시처리,설치·구조물,맨홀 뚜껑 제작·설치 기존 그레이팅 제거 미끄러짐 및 추락 가능성 제거,완료,"<내용>
사업장 내 맨홀이 부식되어 구조적 강도가 저하된 상태, 임시조치로 상부에 철판 및 그레이팅을 덮어 놓음
<위험요인>
작업자 통행 시 미끄러짐 위험(그레이팅 미 고정 상태) 및 부식된 맨홀 구간 근로자 추락 위험
<요청사항>
임시조치 구역 작업자 식별 가능하도록 안전콘 등으로 위험구간 표시 
부식된 맨홀 교체 ","맨홀 뚜껑 제작·설치
기존 그레이팅 제거
미끄러짐 및 추락 가능성 제거","고소·상부작업, 밀폐공간, 다수인원노출",2,4.0,키워드보정,,
397,2026-03-25,2026-03,경남지사,마산항,INSPECTOR_12,EHS팀 책임,지사 주관,경남지사_ 마산항,충돌,충돌,개선필요 [중],2.0,지게차로 화물을 선측으로 운반하는 반경내 정면위치에 항운노조원이 휴식을 취하기 위해 앉아 있음. 화물의 선측 안착위치를 통제하더라도 휴식 공간 이동조치 필요.,즉시처리,교육·지도,측면으로 위치이동하여 휴식 취할수 있도록 현장 교육 및 즉시 개선조치.,완료,"지게차로 화물을 선측으로 운반하는 반경내 정면위치에 항운노조원이 휴식을 취하기 위해 앉아 있음.
화물의 선측 안착위치를 통제하더라도 휴식 공간 이동조치 필요.
",측면으로 위치이동하여 휴식 취할수 있도록 현장 교육 및 즉시 개선조치.,회전체·협착점인근,1,3.0,키워드보정,,
398,2026-03-25,2026-03,당진지사,당진지사,INSPECTOR_01,EHS팀 주임,지사 주관,당진지사,추락,추락,개선필요 [상],3.0,- 유연탄 3부두 CSU F호기 사다리 덮개 파손으로 근로자 이동간 추락 위험 - 임시조치 진행 및 출입금지 표지 부착 완료. - 정비요청 진행 완료 및 해당부두 운전원들 내용 전파 완료.,,미분류,,진행(조치 전),"- 유연탄 3부두 CSU F호기 사다리 덮개 파손으로 근로자 이동간 추락 위험
- 임시조치 진행 및 출입금지 표지 부착 완료.
- 정비요청 진행 완료 및 해당부두 운전원들 내용 전파 완료.",,"고소·상부작업, 다수인원노출",2,4.0,키워드보정,,
399,2026-03-24,2026-03,경북지사,영일만물류센터,INSPECTOR_13,EHS팀 선임,지사 주관,영일만물류센터,전도,전도,개선필요 [중],2.0,영일만 물류센터 사무동 내 계단 핸드레일 사용토록 주의표지 필요,즉시처리,기타,사무동 내 계단 추락위험 표지부착,진행(조치 후),영일만 물류센터 사무동 내 계단 핸드레일 사용토록 주의표지 필요,사무동 내 계단 추락위험 표지부착,,0,2.0,직접판정,"계단 핸드레일 주의표지, 원등급 유지",
400,2026-03-24,2026-03,경인지사,의왕,INSPECTOR_03,EHS팀 주임,지사 주관,경인지사_ 의왕,충돌,충돌,개선필요 [중],2.0,의왕CY 철도 선로변 선회(코너)구간에 샤시가 이중으로 주차되어 있어 차량 선회 중 충돌의 위험성 존재,즉시처리,기타,선회구간에 위치한 샤시 이동하여 차량-샤시 간 충돌 위험성 저감,진행(조치 후),의왕CY 철도 선로변 선회(코너)구간에 샤시가 이중으로 주차되어 있어 차량 선회 중 충돌의 위험성 존재,선회구간에 위치한 샤시 이동하여 차량-샤시 간 충돌 위험성 저감,,0,2.0,키워드보정,,
401,2026-03-24,2026-03,부산지사,우암,INSPECTOR_14,EHS팀 선임,지사 주관,부산지사_ 우암,관리적미흡,관리적 미흡,개선필요 [중],2.0,외부인원 지게차 사용 위험 → 지게차 미사용 시 키 별도 보관 필요,즉시처리,제거·차단,지게차 키 제거 및 협력업체 사무실 보관 완료,완료,외부인원 지게차 사용 위험 → 지게차 미사용 시 키 별도 보관 필요,지게차 키 제거 및 협력업체 사무실 보관 완료,,1,2.0,직접판정,"외부인 지게차사용위험, 원등급 유지",
402,2026-03-24,2026-03,경인지사,의왕,INSPECTOR_03,EHS팀 주임,지사 주관,경인지사_ 의왕,관리적미흡,관리적 미흡,개선필요 [중],2.0,의왕CFS 클램프 지게차 현장 운용 시 후미에 공구(절단기)를 올려두고 있어 낙하의 위험이 있음,즉시처리,기타,"클램프 지게차 후미에 공구(절단기) 이동 조치 완료, 지속 관리 예정",진행(조치 후),의왕CFS 클램프 지게차 현장 운용 시 후미에 공구(절단기)를 올려두고 있어 낙하의 위험이 있음,"클램프 지게차 후미에 공구(절단기) 이동 조치 완료, 지속 관리 예정",회전체·협착점인근,1,3.0,직접판정,클램프지게차 후미 절단기 낙하위험 → 기본2+가중1=3,
403,2026-03-24,2026-03,당진지사,당진지사,INSPECTOR_07,EHS팀 선임,지사 주관,당진지사,관리적미흡,관리적 미흡,개선필요 [하],1.0,"- 휠로더 5761, 5762호 우측 전조등 미점등 - 상부 작업등 설치로 작업 조도는 충분하나 교체 필요",,미분류,,진행(조치 전),"- 휠로더 5761, 5762호 우측 전조등 미점등
- 상부 작업등 설치로 작업 조도는 충분하나 교체 필요",,고소·상부작업,2,3.0,키워드보정,,
404,2026-03-24,2026-03,당진지사,당진지사,INSPECTOR_07,EHS팀 선임,지사 주관,당진지사,관리적미흡,관리적 미흡,관계법규 위반,4.0,- CSU A호기 상부 비상스위치 탈락,즉시처리,설치·구조물,- CSU A호기 상부 비상스위치 설치 완료,완료,- CSU A호기 상부 비상스위치 탈락,- CSU A호기 상부 비상스위치 설치 완료,고소·상부작업,2,4.0,키워드보정,,
405,2026-03-24,2026-03,당진지사,당진지사,INSPECTOR_07,EHS팀 선임,지사 주관,당진지사,기타,기타,개선필요 [하],1.0,- CSU A호기 포탈 발끝막이판 변형 발생,,미분류,,진행(조치 전),- CSU A호기 포탈 발끝막이판 변형 발생,,,0,1.0,직접판정,"발끝막이판 변형, 낮음",
406,2026-03-24,2026-03,당진지사,당진지사,INSPECTOR_07,EHS팀 선임,지사 주관,당진지사,충돌,충돌,개선필요 [하],1.0,- 휠로더 8563호 인체감지장치중 스피커 탈락 - 작업자 주변 접근시 알림음 미송출,즉시처리,점검·확인,- 휠로더 8563호 인체감지장치중 스피커 장착 - 알림음 정상 송출 확인,완료,"- 휠로더 8563호 인체감지장치중 스피커 탈락
- 작업자 주변 접근시 알림음 미송출","- 휠로더 8563호 인체감지장치중 스피커 장착
- 알림음 정상 송출 확인",,0,1.0,키워드보정,,
407,2026-03-23,2026-03,경북지사,문덕창고,INSPECTOR_13,EHS팀 선임,지사 주관,문덕창고,관리적미흡,관리적 미흡,개선필요 [중],2.0,7번창고 안전보건표지 노후화에따른 탈락,즉시처리,설치·구조물,7번창고 앞 안전표지 탈락분 교체 실시,진행(조치 후),7번창고 안전보건표지 노후화에따른 탈락,7번창고 앞 안전표지 탈락분 교체 실시,,0,2.0,키워드보정,,
408,2026-03-23,2026-03,경북지사,문덕창고,INSPECTOR_13,EHS팀 선임,지사 주관,문덕창고,화재·폭발,화재,개선필요 [하],1.0,소방호스 사용 후 정리정돈이 편리하도록 거치대 설치,즉시처리,설치·구조물,"소방호스 걸이대 설치 및 보관, 관리 실시",진행(조치 후),소방호스 사용 후 정리정돈이 편리하도록 거치대 설치,"소방호스 걸이대 설치 및 보관, 관리 실시",,0,1.0,키워드보정,,
409,2026-03-23,2026-03,당진지사,당진지사,INSPECTOR_01,EHS팀 주임,지사 주관,당진지사,관리적미흡,관리적 미흡,개선필요 [하],1.0,- 유연탄 3부두 CSU F호기 최상부 비상정지 스위치 작동 불량,즉시처리,설치·구조물,- 정비진행상태 확인 완료,완료,- 유연탄 3부두 CSU F호기 최상부 비상정지 스위치 작동 불량,- 정비진행상태 확인 완료,고소·상부작업,2,3.0,직접판정,CSU 최상부 비상정지스위치 불량 → 기본1+가중2=3,
410,2026-03-23,2026-03,강원지사,동해,INSPECTOR_02,EHS팀 사원,지사 주관,강원지사_ 동해,질식,질식,개선필요 [중],2.0,밀폐공간 질식 사고 및 산업재해 발생 시 응급구조 양중함을 이용한 재해자의 신속한 구출 필요 → 와이어 로프(Y자 형식)를 교체하여 인양시간의 단축 및 골든타임 확보,즉시처리,설치·구조물,와이어 로프 교체완료 확인,완료,밀폐공간 질식 사고 및 산업재해 발생 시 응급구조 양중함을 이용한 재해자의 신속한 구출 필요 → 와이어 로프(Y자 형식)를 교체하여 인양시간의 단축 및 골든타임 확보,와이어 로프 교체완료 확인,밀폐공간,2,4.0,키워드보정,,
411,2026-03-23,2026-03,부산지사,우암,INSPECTOR_14,EHS팀 선임,지사 주관,부산지사_ 우암,전도,전도,개선필요 [상],3.0,톤백 무너짐으로 인한 작업자 깔림 위험 → 톤백 주변 작업자 대기금지 및 깔림주의 표지 설치 필요,즉시처리,설치·구조물,깔림주의 표지 설치 완료,완료,톤백 무너짐으로 인한 작업자 깔림 위험 → 톤백 주변 작업자 대기금지 및 깔림주의 표지 설치 필요,깔림주의 표지 설치 완료,,0,3.0,키워드보정,,
412,2026-03-23,2026-03,경인지사,안성 2센터,INSPECTOR_17,EHS팀 선임,지사 주관,경인지사_ 안성 2센터,충돌,충돌,개선필요 [중],2.0,창고 출입구 충돌방지 반사경 수리 필요,즉시처리,점검·확인,반사경 파손부 조치 확인,완료,창고 출입구 충돌방지 반사경 수리 필요,반사경 파손부 조치 확인,,0,2.0,키워드보정,,
413,2026-03-23,2026-03,경인지사,안성 1센터,INSPECTOR_17,EHS팀 선임,지사 주관,경인지사_ 안성 1센터,화재·폭발,화재,개선필요 [하],1.0,피난유도등 덮개 유도스티커 교체 필요(피난방향과 반대 방향으로 되어 있음),즉시처리,설치·구조물,유도등 덮개 방향 변경조치 확인,완료,피난유도등 덮개 유도스티커 교체 필요(피난방향과 반대 방향으로 되어 있음),유도등 덮개 방향 변경조치 확인,,0,1.0,직접판정,"피난유도등 방향오류, 대응력저하 원등급 유지",
414,2026-03-23,2026-03,경인지사,안성 1센터,INSPECTOR_17,EHS팀 선임,지사 주관,경인지사_ 안성 1센터,관리적미흡,관리적 미흡,개선필요 [하],1.0,소화기 월점검 누락(해당 소화기 점검표에 서명 및 점검사항 기재,즉시처리,점검·확인,소화기 육안점검여부 확인,완료,소화기 월점검 누락(해당 소화기 점검표에 서명 및 점검사항 기재,소화기 육안점검여부 확인,화기·인화물인근,1,2.0,키워드보정,,
415,2026-03-20,2026-03,당진지사,당진지사,INSPECTOR_01,EHS팀 주임,지사 주관,당진지사,관리적미흡,관리적 미흡,개선필요 [하],1.0,- 유연탄 2부두 CSU D호기 상부 라이트 변색으로 인한 조도 확보 불량 야간작업자 이동간 사고 위험,즉시처리,설치·구조물,- 정비진행 상태 확인 완료,완료,- 유연탄 2부두 CSU D호기 상부 라이트 변색으로 인한 조도 확보 불량 야간작업자 이동간 사고 위험,- 정비진행 상태 확인 완료,,2,1.0,직접판정,"라이트 위치일뿐 작업자 상부작업 아님, 원등급 유지",
416,2026-03-20,2026-03,당진지사,당진지사,INSPECTOR_01,EHS팀 주임,지사 주관,당진지사,관리적미흡,관리적 미흡,개선필요 [하],1.0,- 유연탄 2부두 CSU D호기 상부 비상정지 스위치 작동 불량,즉시처리,설치·구조물,교체 진행 완료 확인,완료,- 유연탄 2부두 CSU D호기 상부 비상정지 스위치 작동 불량,교체 진행 완료 확인,고소·상부작업,2,3.0,키워드보정,,
417,2026-03-20,2026-03,당진지사,당진지사,INSPECTOR_01,EHS팀 주임,지사 주관,당진지사,관리적미흡,관리적 미흡,개선필요 [하],1.0,- 유연탄 2부두 CSU D호기 발판 변형 발생,,미분류,,진행(조치 전),- 유연탄 2부두 CSU D호기 발판 변형 발생,,,0,1.0,직접판정,"발판변형, 낮음",
418,2026-03-20,2026-03,당진지사,당진지사,INSPECTOR_01,EHS팀 주임,지사 주관,당진지사,관리적미흡,관리적 미흡,개선필요 [하],1.0,- 유연탄 3부두 CSU E호기 BOOM CON'V 비상정지장치 고착으로 작동 불,즉시처리,설치·구조물,정비부서 정비요청 및 23일 교체진행 확인 완료,완료,- 유연탄 3부두 CSU E호기 BOOM CON'V 비상정지장치 고착으로 작동 불,정비부서 정비요청 및 23일 교체진행 확인 완료,회전체·협착점인근,1,2.0,키워드보정,,
419,2026-03-20,2026-03,당진지사,당진지사,INSPECTOR_07,EHS팀 선임,지사 주관,당진지사,전도,전도,개선필요 [하],1.0,- CSU C호기 하부 전기실 주변 통로 작업도구 방치,즉시처리,제거·차단,- CSU C호기 하부 전기실 주변 통로 정리정돈,완료,- CSU C호기 하부 전기실 주변 통로 작업도구 방치,- CSU C호기 하부 전기실 주변 통로 정리정돈,,0,1.0,키워드보정,,
420,2026-03-20,2026-03,당진지사,당진지사,INSPECTOR_07,EHS팀 선임,지사 주관,당진지사,관리적미흡,관리적 미흡,개선필요 [하],1.0,- 항운노조 안전모 건조기 지급후 미사용 - 항운노조에 도보 출퇴근시 착용 및 건조기 상시 사용 전달,즉시처리,보호구지급,- 항운노조 안전모 건조기 사용 확인 - 도보 출퇴근시 착용 확인 및 지속 점검,완료,"- 항운노조 안전모 건조기 지급후 미사용
- 항운노조에 도보 출퇴근시 착용 및 건조기 상시 사용 전달","- 항운노조 안전모 건조기 사용 확인
- 도보 출퇴근시 착용 확인 및 지속 점검",,0,1.0,키워드보정,,
421,2026-03-20,2026-03,경인지사,의왕,INSPECTOR_03,EHS팀 주임,지사 주관,경인지사_ 의왕,충돌,충돌,개선필요 [상],3.0,"1) CY부지를 공유하는 타사(천일정기화물)의 경우, 해당 업체의 운전원 편의를 위해 1군 게이트 진출입로 내에 위치한 함을 통해 씰을 주고받는 행위가 이루어지고 있어(보행자가 게이트에 직접 들어가서 씰을 넣어두면 운전원이 하차하지 않고 씰을 가져가는 시스템), 기존에 이미 개선을 진행함 (안전관리자 점검일지, '26.01.16 지적, 개선사항) 2) 건물 내 보관해두던 씰 전달함이 이후 분실되어 약 1주일 가량 이전과 같이 진출입로로 보행자가 들어가서 창틀에 씰을 두고 천일정기화물 기사들에게 전달하고 있는 정황을 확인 / 개선 필요",즉시처리,점검·확인,"타사(천일정기화물) 화물차량 씰 및 배차지시서 전달을 위해 현재는 게이트 사이 공간을 보행하여 들어가는 행위를 하지 않고 있음을 확인, 운영건물 내부의 안전한 위치(별도 보관함)에 씰 및 배차지시서를 전달하고 있는 것으로 확인 완료, 재발 방지 지속 관리 예정",진행(조치 후),"1) CY부지를 공유하는 타사(천일정기화물)의 경우, 해당 업체의 운전원 편의를 위해 1군 게이트 진출입로 내에 위치한 함을 통해 씰을 주고받는 행위가 이루어지고 있어(보행자가 게이트에 직접 들어가서 씰을 넣어두면 운전원이 하차하지 않고 씰을 가져가는 시스템), 기존에 이미 개선을 진행함 (안전관리자 점검일지, '26.01.16 지적, 개선사항)

2) 건물 내 보관해두던 씰 전달함이 이후 분실되어 약 1주일 가량 이전과 같이 진출입로로 보행자가 들어가서 창틀에 씰을 두고 천일정기화물 기사들에게 전달하고 있는 정황을 확인 / 개선 필요","타사(천일정기화물) 화물차량 씰 및 배차지시서 전달을 위해 현재는 게이트 사이 공간을 보행하여 들어가는 행위를 하지 않고 있음을 확인, 운영건물 내부의 안전한 위치(별도 보관함)에 씰 및 배차지시서를 전달하고 있는 것으로 확인 완료, 재발 방지 지속 관리 예정",,0,3.0,키워드보정,,
422,2026-03-20,2026-03,강원지사,안인,INSPECTOR_15,EHS팀 선임,지사 주관,강원지사_ 안인,추락,추락,개선필요 [상],3.0,간이운전실 최상부 견인고리 체결 해제 및 작업시 추락 위험,즉시처리,설치·구조물,미끄럼방지 패드 설치,완료,간이운전실 최상부 견인고리 체결 해제 및 작업시 추락 위험,미끄럼방지 패드 설치,고소·상부작업,2,4.0,키워드보정,,
423,2026-03-20,2026-03,강원지사,안인,INSPECTOR_15,EHS팀 선임,지사 주관,강원지사_ 안인,추락,추락,개선필요 [중],2.0,탄 제거 작업시 실족위험,즉시처리,설치·구조물,작업발판 설치,완료,탄 제거 작업시 실족위험,작업발판 설치,,0,2.0,키워드보정,,
424,2026-03-19,2026-03,광양지사,SBC광주공장,INSPECTOR_10,EHS팀 책임,지사 주관,광양지사_ SBC광주공장,관리적미흡,관리적 미흡,개선필요 [중],2.0,"전동지제차 충전기가 별도의 장치 없이 사용 중, 화재 발생 시 초기 확산을 억제할 수 있는 조치 미흡 화재 초기 확산 방지를 위한 자동확산방지 장치가 설치된 전용 보관함 설치 필요 '참고'",즉시처리,설치·구조물,호남센터 전동지게차 충전기 자동확산방지 장치가 설치된 전용 보관함 설치 완료,진행(조치 후),"<내용>
전동지제차 충전기가 별도의 장치 없이 사용 중, 화재 발생 시 초기 확산을 억제할 수 있는 조치 미흡
<요구 사항>
화재 초기 확산 방지를 위한 자동확산방지 장치가 설치된 전용 보관함 설치 필요 '참고'
",호남센터 전동지게차 충전기 자동확산방지 장치가 설치된 전용 보관함 설치 완료,화기·인화물인근,0,3.0,직접판정,전동지게차 충전기 화재확산방지 미흡 → 기본2+가중1=3,
425,2026-03-19,2026-03,광양지사,SBC광주공장,INSPECTOR_10,EHS팀 책임,지사 주관,광양지사_ SBC광주공장,화재·폭발,화재,개선필요 [하],1.0,콘센트에 안전덮개가 설치되어 있지 않음 분진 및 이물질 유입으로 인한 합선 위험 안전덮개 설치 필요,즉시처리,설치·구조물,안전덮개 설치,완료,"[내용]
콘센트에 안전덮개가 설치되어 있지 않음
[위험요인]
분진 및 이물질 유입으로 인한 합선 위험
[요청사항]
안전덮개 설치 필요",안전덮개 설치 ,충전부·고압인근,0,3.0,직접판정,콘센트 안전덮개 없음(충전부) → 기본1+가중2=3,
426,2026-03-19,2026-03,광양지사,하남CY,INSPECTOR_10,EHS팀 책임,지사 주관,광양지사_ 하남CY,추락,추락,개선필요 [상],3.0,안정성이 확보되지 않은 훼손된 사다리가 작업장에 비치 (전도방지 조치 X) 불안정한 사다리 사용으로 사다리 전도에 의한 작업자 떨어짐 위험 훼손된 사다리 폐기 필요시 안정성이 확보된 사다리 구매 및 사용,즉시처리,제거·차단,사다리 미사용으로 인한 폐기 진행 추 후 필요시 안정성 확보된 사다리 구매 예정,진행(조치 후),"<내용>
안정성이 확보되지 않은 훼손된 사다리가 작업장에 비치 (전도방지 조치 X)
<위험요인>
불안정한 사다리 사용으로 사다리 전도에 의한 작업자 떨어짐 위험
<요청사항>
훼손된 사다리 폐기 
필요시 안정성이 확보된 사다리 구매 및 사용 ","사다리 미사용으로 인한 폐기 진행
추 후 필요시 안정성 확보된 사다리 구매 예정",고소·상부작업,2,4.0,키워드보정,,
427,2026-03-19,2026-03,광양지사,하남CY,INSPECTOR_10,EHS팀 책임,지사 주관,광양지사_ 하남CY,관리적미흡,관리적 미흡,관계법규 위반,4.0,"MSDS 경고표지에 공급자 정보가 누락되어 있으며, 게시된 물질안전보건자료(MSDS)는 훼손되어 주요 내용 확인이 어려운 상태 공금자 정보 기입 훼손된 MSDS 최신본으로 재출력 후 재게시",즉시처리,기타,공급자 정보 기입 MSDS 공급자로 부터 전달 받아 출력 후 개시,완료,"<내용>
MSDS 경고표지에 공급자 정보가 누락되어 있으며, 게시된 물질안전보건자료(MSDS)는 훼손되어 주요 내용 확인이 어려운 상태
<요청사항>
공금자 정보 기입
훼손된 MSDS 최신본으로 재출력 후 재게시","공급자 정보 기입
MSDS 공급자로 부터 전달 받아 출력 후 개시",,0,3.0,직접판정,"MSDS 훼손은 비상대응력 저해요인이나 직접노출사고는 아님 - 원본4점 다소 과대, 3으로 조정",
428,2026-03-19,2026-03,광양지사,하남CY,INSPECTOR_10,EHS팀 책임,지사 주관,광양지사_ 하남CY,관리적미흡,관리적 미흡,관계법규 위반,4.0,"TBM 실시 후 일지를 작성하고 있으나, 근로자 서명이 누락 TBM 실시 시 전원 참여 확인 후 본인 자필 서명 원칙 준수",즉시처리,교육·지도,TBM 실시 후 근로자 서명 작성 3월30일부로 김민석 주임 추가 교육 및 서명 작성,완료,"[내용]
TBM 실시 후 일지를 작성하고 있으나, 근로자 서명이 누락
[요청사항]
TBM 실시 시 전원 참여 확인 후 본인 자필 서명 원칙 준수","TBM 실시 후 근로자 서명 작성
3월30일부로 김민석 주임 추가 교육 및 서명 작성",,0,4.0,키워드보정,,
429,2026-03-19,2026-03,광양지사,SLB광주공장,INSPECTOR_10,EHS팀 책임,지사 주관,광양지사_ SLB광주공장,끼임·협착,끼임ㆍ협착,개선필요 [상],3.0,지게차 운행 시 일부 운전자가 운전석 문을 닫지 않고 개방한 상태로 운행 급회전·요철 통과 시 운전자 신체 이탈로 인한 전도 시 협착·깔림 사고 지게차 운행 시 운전석 문 닫힘 상태 유지 의무화 교육 실시 운전석 문 개방 운행 시 작업중지 및 반목 위반자 관리 강화,즉시처리,교육·지도,신체 이탈 위험 중점 교육 및 반복 위반자 경고장 발부,완료,"<내용>
지게차 운행 시 일부 운전자가 운전석 문을 닫지 않고 개방한 상태로 운행
<위험요인>
급회전·요철 통과 시 운전자 신체 이탈로 인한 전도 시 협착·깔림 사고
<요청사항>
지게차 운행 시 운전석 문 닫힘 상태 유지 의무화 교육 실시
운전석 문 개방 운행 시 작업중지 및 반목 위반자 관리 강화","신체 이탈 위험 중점 교육 및 반복 위반자 경고장 발부
",회전체·협착점인근,1,4.0,키워드보정,,
430,2026-03-19,2026-03,광양지사,SLB광주공장,INSPECTOR_10,EHS팀 책임,지사 주관,광양지사_ SLB광주공장,충돌,충돌,개선필요 [중],2.0,랩핑 작업 시 파레트를 고정할 수 있는 별도의 고정장치가 없어 작업 중 파레트가 미끄러지거나 위치가 이탈할 가능성이 있는 상태. 회전 중 파레트 이탈로 인한 적재물 낙하 및 작업자와의 충돌 위험 랩핑 작업 시 이탈방지를 위한 조치 필요 (랩핑기 바닥면에 미끄럼 방지 패드 또는 고마찰 테이프 부착 등),즉시처리,설치·구조물,회전판 바닥 고성능 미끄럼 방지 테이프 부착 및 고정 강화,완료,"<내용>
랩핑 작업 시 파레트를 고정할 수 있는 별도의 고정장치가 없어 작업 중 파레트가 미끄러지거나 위치가 이탈할 가능성이 있는 상태.
<위험요소>
회전 중 파레트 이탈로 인한 적재물 낙하 및 작업자와의 충돌 위험
<요청사항>
 랩핑 작업 시 이탈방지를 위한 조치 필요 (랩핑기 바닥면에 미끄럼 방지 패드 또는 고마찰 테이프 부착 등) ","회전판 바닥 고성능 미끄럼 방지 테이프 부착 및 고정 강화
",,0,2.0,키워드보정,,
431,2026-03-19,2026-03,광양지사,SLB광주공장,INSPECTOR_10,EHS팀 책임,지사 주관,광양지사_ SLB광주공장,기타,기타,개선필요 [하],1.0,"작업 시 손 베임 및 제품 손상 방지를 위해 지정된 안전칼을 사용하도록 되어 있으나, 일부 근로자가 칼날만 분리하여 테이프로 임의 손잡이를 제작해 사용하고 있음. 작업 중 베임 지정된 안전칼 사용 및 관리방안 모색 필요",즉시처리,제거·차단,"전수 조사 및 회수 폐기, 위반 시 내규 벌점제 엄격 적용, 안전교육 실시",완료,"<내용>
작업 시 손 베임 및 제품 손상 방지를 위해 지정된 안전칼을 사용하도록 되어 있으나, 일부 근로자가 칼날만 분리하여 테이프로 임의 손잡이를 제작해 사용하고 있음.
<위험요인>
작업 중 베임
<요청사항>
지정된 안전칼 사용 및 관리방안 모색 필요","전수 조사 및 회수 폐기, 위반 시 내규 벌점제 엄격 적용, 안전교육 실시
",,0,1.0,직접판정,"안전칼 임의개조, 절차미준수 원등급 유지",
432,2026-03-19,2026-03,광양지사,SLB광주공장,INSPECTOR_10,EHS팀 책임,지사 주관,광양지사_ SLB광주공장,끼임·협착,끼임ㆍ협착,개선필요 [상],3.0,"자동 공정 출입문은 개방 시 설비가 자동 정지되는 인터록 구조로 되어 있으나, 출입문 옆 틈 공간을 통해 근로자가 출입하여 문을 열지 않고 이동하는 사례가 발생 출입문을 통한 정상 진입이 아닌 틈을 이용할 경우 인터록이 작동하지 않아 설비 가동 중 상태에서 근로자 진입하여 끼임/협착/충동 위험 출입문 옆 틈 공간 완전 밀폐 작업자 대상 위험성 및 금지사항 교육 실시",중장기(계획),제거·차단,"안전테이프 임시 진입 차단 및 시설팀 폐쇄 작업 요청, 안전교육 실시",완료,"<내용>
자동 공정 출입문은 개방 시 설비가 자동 정지되는 인터록 구조로 되어 있으나, 출입문 옆 틈 공간을 통해 근로자가 출입하여 문을 열지 않고 이동하는 사례가 발생
<위험요인>
출입문을 통한 정상 진입이 아닌 틈을 이용할 경우 인터록이 작동하지 않아 설비 가동 중 상태에서 근로자 진입하여 끼임/협착/충동 위험
<요청사항>
출입문 옆 틈 공간 완전 밀폐
작업자 대상 위험성 및 금지사항 교육 실시 ","안전테이프 임시 진입 차단 및 시설팀 폐쇄 작업 요청, 안전교육 실시
",밀폐공간,2,4.0,키워드보정,,
433,2026-03-19,2026-03,경북지사,문덕창고,INSPECTOR_13,EHS팀 선임,지사 주관,문덕창고,화재·폭발,화재,개선필요 [상],3.0,문덕창고 내 정차중인 분진청소차량 내 경유로 의심되는 말통 3EA 보관,즉시처리,교육·지도,내부 미등록 위험물 처리조치 실시. 위험물 보관 시 사전 보고 후 위험물보관함에 보관하도록 지도,진행(조치 후),문덕창고 내 정차중인 분진청소차량 내 경유로 의심되는 말통 3EA 보관,내부 미등록 위험물 처리조치 실시. 위험물 보관 시 사전 보고 후 위험물보관함에 보관하도록 지도,,0,3.0,키워드보정,,
434,2026-03-19,2026-03,전북지사,군산항 부두,INSPECTOR_04,EHS팀 책임,지사 주관,전북지사_ 군산항 부두,기타,기타,개선필요 [중],2.0,1. 57창고 상부 우수받이 노후화로 인해 지지부 불안정으로 낙하 위험 2. 우수받이 역할을 할수 없는 상태로 교체 필요,즉시처리,설치·구조물,우수받이 및 지지부 교체작업 완료,완료,"[군산항 5부두]
1. 57창고 상부 우수받이 노후화로 인해 지지부 불안정으로 낙하 위험
2. 우수받이 역할을 할수 없는 상태로 교체 필요",우수받이 및 지지부 교체작업 완료,고소·상부작업,2,4.0,키워드보정,,
435,2026-03-19,2026-03,전북지사,군산항 부두,INSPECTOR_04,EHS팀 책임,지사 주관,전북지사_ 군산항 부두,관리적미흡,관리적 미흡,개선필요 [하],1.0,1. 33창고 내 소화기 압력게이지 부적합 2. 압력게이지 부적합 소화기 폐기 및 새 소화기 비치 요함,즉시처리,제거·차단,압력게이지 불량 소화기 폐기 및 신규 소화기 비치 완료,완료,"[군산항 3부두]
1. 33창고 내 소화기 압력게이지 부적합
2. 압력게이지 부적합 소화기 폐기 및 새 소화기 비치 요함",압력게이지 불량 소화기 폐기 및 신규 소화기 비치 완료,화기·인화물인근,1,2.0,키워드보정,,
436,2026-03-19,2026-03,강원지사,삼척,INSPECTOR_02,EHS팀 사원,지사 주관,강원지사_ 삼척,관리적미흡,관리적 미흡,개선필요 [하],1.0,CABIN 외부 세방 핵심안전수칙 부착물 탈락으로 인한 재부착 필요 → 세방 핵심안전수칙 부착물 재부착 실시,즉시처리,기타,세방 핵심안전수칙 부착물 재부착 완료,완료,CABIN 외부 세방 핵심안전수칙 부착물 탈락으로 인한 재부착 필요 → 세방 핵심안전수칙 부착물 재부착 실시,세방 핵심안전수칙 부착물 재부착 완료,,0,1.0,키워드보정,,
437,2026-03-18,2026-03,당진지사,당진지사,INSPECTOR_07,EHS팀 선임,지사 주관,당진지사,관리적미흡,관리적 미흡,개선필요 [하],1.0,- 부두 소화기 점검을 진행하였으나 변색되어 식별 어려움 - 3월 소화기 점검시 재표기 요청,즉시처리,점검·확인,- 3월 소화기 점검시 변색부분 재표기 완료,완료,"- 부두 소화기 점검을 진행하였으나 변색되어 식별 어려움
- 3월 소화기 점검시 재표기 요청 ",- 3월 소화기 점검시 변색부분 재표기 완료,화기·인화물인근,1,2.0,키워드보정,,
438,2026-03-18,2026-03,경북지사,영일만물류센터,INSPECTOR_13,EHS팀 선임,지사 주관,영일만물류센터,정리정돈,정리정돈,개선필요 [하],1.0,도크창고 내 분진청소 미흡,즉시처리,기타,도크창고 내 침적분진 청소 실시,진행(조치 후),도크창고 내 분진청소 미흡,도크창고 내 침적분진 청소 실시,,0,1.0,키워드보정,,
439,2026-03-17,2026-03,당진지사,당진지사,INSPECTOR_01,EHS팀 주임,지사 주관,당진지사,관리적미흡,관리적 미흡,개선필요 [하],1.0,- 유연탄 2부두 SUMP PUMP 내부 슬러지로 인해 작동 불,즉시처리,점검·확인,- SUMP PUMP(배수펌프) 준설 진행 요청 및 준설 완료 확인,완료,- 유연탄 2부두 SUMP PUMP 내부 슬러지로 인해 작동 불,- SUMP PUMP(배수펌프) 준설 진행 요청 및 준설 완료 확인,,0,1.0,키워드보정,,
440,2026-03-17,2026-03,당진지사,당진지사,INSPECTOR_07,EHS팀 선임,지사 주관,당진지사,관리적미흡,관리적 미흡,개선필요 [하],1.0,"- 부두 환복실 내 안전보호구(방진복,안전장화) 정리정돈 미흡 - 개별 사물함 외 상부에 보관중으로 현장 전파 진행",즉시처리,제거·차단,"- 유연탄 3부두 환복실 내 안전보호구(분진복,안전장화) 정리정돈 진행",완료,"- 부두 환복실 내 안전보호구(방진복,안전장화) 정리정돈 미흡
- 개별 사물함 외 상부에 보관중으로 현장 전파 진행","- 유연탄 3부두 환복실 내 안전보호구(분진복,안전장화) 정리정돈 진행",고소·상부작업,2,3.0,키워드보정,,
441,2026-03-17,2026-03,당진지사,당진지사,INSPECTOR_07,EHS팀 선임,지사 주관,당진지사,전도,전도,개선필요 [하],1.0,- 1부두 현장사무실 입구 발판에 내부 탄가루 방지를 위한 종이박스 거치 - 근로자 이동중 전도 위험,즉시처리,제거·차단,- 1부두 현장사무실 입구 발판 종이박스 제거 및 청소 진행,완료,"- 1부두 현장사무실 입구 발판에 내부 탄가루 방지를 위한 종이박스 거치
- 근로자 이동중 전도 위험",- 1부두 현장사무실 입구 발판 종이박스 제거 및 청소 진행,,0,1.0,키워드보정,,
442,2026-03-17,2026-03,부산지사,우암,INSPECTOR_14,EHS팀 선임,지사 주관,부산지사_ 우암,관리적미흡,관리적 미흡,개선필요 [하],1.0,지게차 충전기 안전수칙 미부착으로 감전 등 위험 → 안전수칙 부착 필요,즉시처리,기타,지게차 충전기 안전수칙 부착 완료,완료,지게차 충전기 안전수칙 미부착으로 감전 등 위험 → 안전수칙 부착 필요,지게차 충전기 안전수칙 부착 완료,충전부·고압인근,1,3.0,직접판정,지게차 충전기 안전수칙 미부착(충전부) → 기본1+가중2=3,
443,2026-03-17,2026-03,경북지사,문덕창고,INSPECTOR_13,EHS팀 선임,지사 주관,문덕창고,기타,기타,개선필요 [하],1.0,5번창고 분진과다에 따른 작업자 호흡기질환 위험,즉시처리,기타,분진청소차량 청소실시 완료,진행(조치 후),5번창고 분진과다에 따른 작업자 호흡기질환 위험,분진청소차량 청소실시 완료,,0,1.0,키워드보정,,
444,2026-03-17,2026-03,부산지사,용당,INSPECTOR_14,EHS팀 선임,지사 주관,부산지사_ 용당,관리적미흡,관리적 미흡,개선필요 [하],1.0,랩핑기 미사용 중 전원 미차단으로 고장 위험 → 미사용 시 전원 차단 필요,즉시처리,제거·차단,랩핑기 미사용 시 전원 차단 완료,완료,랩핑기 미사용 중 전원 미차단으로 고장 위험 → 미사용 시 전원 차단 필요,랩핑기 미사용 시 전원 차단 완료,,0,1.0,키워드보정,,
445,2026-03-17,2026-03,당진지사,당진지사,INSPECTOR_01,EHS팀 주임,지사 주관,당진지사,감전,감전,개선필요 [중],2.0,- CSU 이동용 운전실 전원용 플러그 마감조치 미흡으로 분진 및 물 유입으로 감전 위험,즉시처리,설치·구조물,- 불량 플러그 폐기 및 교체 진행 완료,완료,- CSU 이동용 운전실 전원용 플러그 마감조치 미흡으로 분진 및 물 유입으로 감전 위험,- 불량 플러그 폐기 및 교체 진행 완료,,0,2.0,키워드보정,,
446,2026-03-17,2026-03,강원지사,동해,INSPECTOR_02,EHS팀 사원,지사 주관,강원지사_ 동해,화재·폭발,화재,개선필요 [하],1.0,창고 내/외부 흡연으로 인한 화재 위험 예방을 위한 안전표지 부착 필요 → 안전표지 제작 및 부착 실시,즉시처리,기타,안전표지 제작 및 부착 완료,완료,창고 내/외부 흡연으로 인한 화재 위험 예방을 위한 안전표지 부착 필요 → 안전표지 제작 및 부착 실시,안전표지 제작 및 부착 완료,화기·인화물인근,0,2.0,직접판정,창고 흡연(화기) → 기본1+가중1=2,
447,2026-03-16,2026-03,경인지사,의왕,INSPECTOR_03,EHS팀 주임,지사 주관,경인지사_ 의왕,관리적미흡,관리적 미흡,개선필요 [하],1.0,"의왕CY 정비고 작업 특성 상 유류(엔진오일) 소분 용기를 사용하고 있으나, MSDS경고표지가 부착되지 않아 유해성 인식 미흡 우려",즉시처리,교육·지도,유류(엔진오일) 소분 용기 손잡이에 MSDS경고표지를 부착하여 근로자가 해당 물질의 종류와 유해성을 인지하도록 개선 완료,진행(조치 후),"의왕CY 정비고 작업 특성 상 유류(엔진오일) 소분 용기를 사용하고 있으나, MSDS경고표지가 부착되지 않아 유해성 인식 미흡 우려",유류(엔진오일) 소분 용기 손잡이에 MSDS경고표지를 부착하여 근로자가 해당 물질의 종류와 유해성을 인지하도록 개선 완료,,0,1.0,키워드보정,,
448,2026-03-16,2026-03,부산지사,우암,INSPECTOR_14,EHS팀 선임,지사 주관,부산지사_ 우암,화재·폭발,화재,개선필요 [하],1.0,콘센트 먼지 및 분진으로 인한 화재 위험 → 미사용 콘센트 마개 부착 필요,즉시처리,기타,미사용 콘센트 마개 부착 완료,완료,콘센트 먼지 및 분진으로 인한 화재 위험 → 미사용 콘센트 마개 부착 필요,미사용 콘센트 마개 부착 완료,,0,1.0,키워드보정,,
449,2026-03-16,2026-03,부산지사,우암,INSPECTOR_14,EHS팀 선임,지사 주관,부산지사_ 우암,감전,감전,개선필요 [중],2.0,분전함 감전주의 표지 및 충전부 마감 미흡으로 인한 감전 위험 → 감전주의 표지 부착 및 충전부 방호조치 필요,즉시처리,설치·구조물,감전주의 표지 부착 및 충전부 방호조치 완료,완료,분전함 감전주의 표지 및 충전부 마감 미흡으로 인한 감전 위험  → 감전주의 표지 부착 및 충전부 방호조치 필요,감전주의 표지 부착 및 충전부 방호조치 완료,충전부·고압인근,2,4.0,키워드보정,,
450,2026-03-16,2026-03,강원지사,안인,INSPECTOR_15,EHS팀 선임,지사 주관,강원지사_ 안인,충돌,충돌,개선필요 [중],2.0,이동구간 코너(모서리) 부분 총돌,즉시처리,설치·구조물,충돌보호 가드 설치,완료,이동구간 코너(모서리) 부분 총돌,충돌보호 가드 설치,,0,2.0,키워드보정,,
451,2026-03-16,2026-03,경북지사,문덕창고,INSPECTOR_13,EHS팀 선임,지사 주관,문덕창고,관리적미흡,관리적 미흡,개선필요 [중],2.0,소방펌프실 지속적 누수발생에 따른 수리 필요,즉시처리,설치·구조물,소방펌프실 누수 발생에 따른 펌프 교체 실시,진행(조치 후),소방펌프실 지속적 누수발생에 따른 수리 필요,소방펌프실 누수 발생에 따른 펌프 교체 실시,,0,2.0,직접판정,"소방펌프실 누수, 원등급 유지",
452,2026-03-16,2026-03,강원지사,안인,INSPECTOR_15,EHS팀 선임,지사 주관,강원지사_ 안인,관리적미흡,관리적 미흡,개선필요 [중],2.0,공기호흡기 관리상태 미흡,즉시처리,설치·구조물,공기호흡기 보관함 설치,완료,공기호흡기 관리상태 미흡,공기호흡기 보관함 설치,,0,2.0,키워드보정,,
453,2026-03-16,2026-03,경인지사,의왕,INSPECTOR_03,EHS팀 주임,지사 주관,경인지사_ 의왕,기타,기타,개선필요 [하],1.0,"CFS보세창고 주변 노면에 담배꽁초 등 폐기물 무단 투기로 인한 미관 저해, 관리 필요",즉시처리,기타,"창고 측면 외벽에 무단 투기 금지 관련 현수막 게시, 투기여부 지속 관리 예정",진행(조치 후),"CFS보세창고 주변 노면에 담배꽁초 등 폐기물 무단 투기로 인한 미관 저해, 관리 필요","창고 측면 외벽에 무단 투기 금지 관련 현수막 게시, 투기여부 지속 관리 예정",,0,1.0,키워드보정,,
454,2026-03-16,2026-03,강원지사,동해,INSPECTOR_02,EHS팀 사원,지사 주관,강원지사_ 동해,정리정돈,정리정돈,개선필요 [하],1.0,일부 안전보건 포스터 노후화로 인한 제거 및 폐기 필요 → 안전보건 포스터 제거 및 폐기 실시,즉시처리,제거·차단,안전보건 포스터 노후화로 인한 제거 및 폐기 실시 완료,완료,일부 안전보건 포스터 노후화로 인한 제거 및 폐기 필요 → 안전보건 포스터 제거 및 폐기 실시,안전보건 포스터 노후화로 인한 제거 및 폐기 실시 완료,,0,1.0,직접판정,"포스터 폐기, 낮음",
455,2026-03-14,2026-03,경북지사,보세파트,INSPECTOR_13,EHS팀 선임,지사 주관,보세파트,충돌,충돌,,,포스코 보세 2STS합금철 창고 입구에서 TI-SPONGE 팔레트 화물 하역 시 전방 시야 미확보에 따른 충돌 사고 위험,즉시처리,제거·차단,"톤백화물이 아닌 파레트 화물 창고 입고 시 지게차 전방시야확보 불량에 따라 반드시 운행구간 관리감독자 통제 필요. 지게차 전방시야 확보 불량 시 창고 내 작업자 진입을 전면 차단하여야 하며, 부득이하게 작업자가 진입하여 작업할 경우 신호수를 두어 충돌사고 예방조치를 실시하도록 지도함.",진행(조치 후),포스코 보세 2STS합금철 창고 입구에서 TI-SPONGE 팔레트 화물 하역 시 전방 시야 미확보에 따른 충돌 사고 위험,"톤백화물이 아닌 파레트 화물 창고 입고 시  지게차 전방시야확보 불량에 따라 반드시 운행구간 관리감독자 통제 필요.
지게차 전방시야 확보 불량 시 창고 내 작업자 진입을 전면 차단하여야 하며, 부득이하게 작업자가 진입하여 작업할 경우 신호수를 두어
충돌사고 예방조치를 실시하도록 지도함.",,0,1.0,키워드보정,,
456,2026-03-13,2026-03,강원지사,동해,INSPECTOR_02,EHS팀 사원,지사 주관,강원지사_ 동해,정리정돈,정리정돈,개선필요 [중],2.0,응급구조양중함 앞 사이드네트 적치물로 인해 응급 및 비상상황 시 즉각적인 대처의 어려움 → 사이드네트 적치물 양중함 이동경로 외 위치 이동,즉시처리,제거·차단,사이드네트 적치물 양중함 이동경로 외 위치 이동 및 정리정돈 실시,완료,응급구조양중함 앞 사이드네트 적치물로 인해 응급 및 비상상황 시 즉각적인 대처의 어려움 → 사이드네트 적치물 양중함 이동경로 외 위치 이동,사이드네트 적치물 양중함 이동경로 외 위치 이동 및 정리정돈 실시,,0,2.0,키워드보정,,
457,2026-03-13,2026-03,경남지사,중량(해송),INSPECTOR_12,EHS팀 책임,지사 주관,경남지사_ 중량(해송),전도,전도,개선필요 [중],2.0,"윈치 스테이션과 부선 데크 간 단차 이동 시 정식 승강 설비 대신 임시 목재를 사용하고 있어 매우 불안전한 상태로 확인. 로프 파단 등 비상 대피 시 전도 위험을 확인하였고, 평상시에도 근골격계 질환 발생 우려가 높음. 안전한 통행과 신속한 대피를 위해 규격화된 정식 소형 이동용 계단 제작 및 비치 필요.",즉시처리,기타,소형 계단 비치하여 윈치스테이션과 갑판 이동간 전도 위험 방지 조치.,완료,"윈치 스테이션과 부선 데크 간 단차 이동 시 정식 승강 설비 대신 임시 목재를 사용하고 있어 매우 불안전한 상태로 확인.
로프 파단 등 비상 대피 시 전도 위험을 확인하였고, 평상시에도 근골격계 질환 발생 우려가 높음.
안전한 통행과 신속한 대피를 위해 규격화된 정식 소형 이동용 계단 제작 및 비치 필요.",소형 계단 비치하여 윈치스테이션과 갑판 이동간 전도 위험 방지 조치.,"고소·상부작업, 다수인원노출",2,4.0,키워드보정,,
458,2026-03-13,2026-03,경남지사,중량(해송),INSPECTOR_12,EHS팀 책임,지사 주관,경남지사_ 중량(해송),기타,기타,개선필요 [중],2.0,선박 익수자 비상대응 훈련 진행 간 선미 익수자 구조 상황 발생시 구명부환이 선수측에 있음으로 인한 대응 지연 상황 발생 우려. 선미 측에 구명 부환 추가 비치 필요.,즉시처리,기타,"선미구간 좌, 우현 구명부환 추가 비치완료.",완료,"선박 익수자 비상대응 훈련 진행 간 선미 익수자 구조 상황 발생시 구명부환이 선수측에 있음으로 인한 대응 지연 상황 발생 우려.
선미 측에 구명 부환 추가 비치 필요. ","선미구간 좌, 우현 구명부환 추가 비치완료.",,0,2.0,키워드보정,,
459,2026-03-13,2026-03,부산지사,용당,INSPECTOR_14,EHS팀 선임,지사 주관,부산지사_ 용당,관리적미흡,관리적 미흡,개선필요 [하],1.0,작업장 내 속도제한 표지 노후화 → 신규 부착 필요,즉시처리,기타,속도제한 스티커 신규 부착 완료,완료,"작업장 내 속도제한 표지 노후화 → 신규 부착 필요
","속도제한 스티커 신규 부착 완료
",,0,1.0,키워드보정,,
460,2026-03-13,2026-03,경인지사,안성 3센터,INSPECTOR_17,EHS팀 선임,지사 주관,경인지사_ 안성 3센터,관리적미흡,관리적 미흡,개선필요 [중],2.0,냉장챔버 내부 비상개폐장치 표지 탈락으로 재부착 필요,즉시처리,교육·지도,내부 도어개폐버튼 안내표지 재부착 완료,완료,냉장챔버 내부 비상개폐장치 표지 탈락으로 재부착 필요,내부 도어개폐버튼 안내표지 재부착 완료,,0,2.0,키워드보정,,
461,2026-03-13,2026-03,당진지사,당진지사,INSPECTOR_07,EHS팀 선임,지사 주관,당진지사,전도,전도,개선필요 [하],1.0,부두 사무실 주변 물호스 방치로 근로자 전도 위험,즉시처리,제거·차단,부두 사무실 주변 물호스 정리정돈,완료,부두 사무실 주변 물호스 방치로 근로자 전도 위험,부두 사무실 주변 물호스 정리정돈,,0,1.0,키워드보정,,
462,2026-03-12,2026-03,광양지사,여수,INSPECTOR_10,EHS팀 책임,지사 주관,광양지사_ 여수,충돌,충돌,개선필요 [상],3.0,리치스태커에 설치된 영상인식장치의 경고음 볼륨이 낮게 설정되어 있어 장비 운행 중 경고음이 명확히 전달되지 않는 상태였음,즉시처리,기타,장치 볼륨을 최대 수준으로 조정 조치.,완료,리치스태커에 설치된 영상인식장치의 경고음 볼륨이 낮게 설정되어 있어 장비 운행 중 경고음이 명확히 전달되지 않는 상태였음,장치 볼륨을 최대 수준으로 조정 조치.,,0,3.0,직접판정,"경고음 볼륨낮음, 원등급 유지",
463,2026-03-12,2026-03,당진지사,당진지사,INSPECTOR_01,EHS팀 주임,지사 주관,당진지사,낙하·비래·붕괴,낙하ㆍ붕괴,개선필요 [하],1.0,- 석회석 CSU BOOM 이동통로 내 정비 후 폐기물 방치로 근로자 이동간 전도위험,즉시처리,제거·차단,- 이동통로 내 폐기물 즉시 제거 완료,완료,- 석회석 CSU BOOM 이동통로 내 정비 후 폐기물 방치로 근로자 이동간 전도위험,- 이동통로 내 폐기물 즉시 제거 완료,다수인원노출,1,2.0,키워드보정,,
464,2026-03-12,2026-03,전북지사,군산항역,INSPECTOR_09,EHS팀 선임,지사 주관,전북지사_ 군산항역,충돌,충돌,개선필요 [하],1.0,- 콘체결 현장 작업자 레일 이동 중 충돌위험이 있어 유도선 도색이 필요함,즉시처리,기타,-유도선 도색작업 완료,완료,"[운송팀_군산항역]
- 콘체결 현장 작업자 레일 이동 중 충돌위험이 있어 유도선 도색이 필요함","[운송팀_군산항역]
-유도선 도색작업 완료",,0,1.0,키워드보정,,
465,2026-03-12,2026-03,전북지사,군산항 부두,INSPECTOR_04,EHS팀 책임,지사 주관,전북지사_ 군산항 부두,화재·폭발,화재,관계법규 위반,4.0,근로자 휴게실 전기로 인한 화재를 대비한 확산소화기 미설치,즉시처리,설치·구조물,근로자 휴게실 내 확산소화기 설치 완료,완료,"[군산항 3부두]
근로자 휴게실 전기로 인한 화재를 대비한 확산소화기 미설치",근로자 휴게실 내 확산소화기 설치 완료,화기·인화물인근,1,4.0,키워드보정,,
466,2026-03-11,2026-03,당진지사,당진지사,INSPECTOR_01,EHS팀 주임,지사 주관,당진지사,낙하·비래·붕괴,낙하ㆍ붕괴,개선필요 [상],3.0,- CSU 운전원실 인양 간 후크해지장치 상태 불량,즉시처리,점검·확인,- 즉시 작업중지 후 후크해지장치 정상상태 확인 후 작업 재개,완료,- CSU 운전원실 인양 간 후크해지장치 상태 불량,- 즉시 작업중지 후 후크해지장치 정상상태 확인 후 작업 재개,,0,3.0,키워드보정,,
467,2026-03-11,2026-03,경남지사,SBC창원공장,INSPECTOR_12,EHS팀 책임,지사 주관,경남지사_ SBC창원공장,관리적미흡,관리적 미흡,개선필요 [하],1.0,세방전지 납창고에 비치되어 있는 대부분의 msds의 최종 개정일자가 2022년도로 확인됨. msds 개정본 유무 확인하여 비치 및 보유 물질을 리스트화 하여 관리할 수 있도록 할 것.,즉시처리,점검·확인,개정 된 MSDS 및 물질 리스트화 하여 비치 관리 확인.,완료,"세방전지 납창고에 비치되어 있는 대부분의 msds의 최종 개정일자가 2022년도로 확인됨.
msds 개정본 유무 확인하여 비치 및 보유 물질을 리스트화 하여 관리할 수 있도록 할 것.  ",개정 된  MSDS 및 물질 리스트화 하여 비치 관리 확인.  ,,0,1.0,직접판정,"MSDS 개정일 오래됨, 낮음",
468,2026-03-11,2026-03,경남지사,SBC창원공장,INSPECTOR_12,EHS팀 책임,지사 주관,경남지사_ SBC창원공장,기타,기타,개선필요 [하],1.0,협력사(한국해운) 사무실에 비치된 당사의 안전보건경영방침에 대한 위치 이동 필요.,즉시처리,기타,세방전지 경남센터의 당사 사무실 내 위치 변경 조치 완료.,완료,"협력사(한국해운) 사무실에 비치된 당사의 안전보건경영방침에 대한 위치 이동 필요.
",세방전지 경남센터의 당사 사무실 내 위치 변경 조치 완료.,,0,1.0,직접판정,"방침 위치이동, 매우낮음",
469,2026-03-11,2026-03,경남지사,SBC창원공장,INSPECTOR_12,EHS팀 책임,지사 주관,경남지사_ SBC창원공장,기타,기타,개선필요 [하],1.0,"현재 한국해운 협력사의 경우 지게차 점검 체크리스트를 지게차에 비치하여 작업전 점검 실시 진행중이며, 별도의 지게차 점검 및 안전수칙 준수유무에 대해 서명을 하여 사무실에서 리스트 관리를 하고 있는 중. 리스트 관리하는 것에 대한 취지는 좋으나, 해당 서명을 하는 이유에 대한 목적을 서류상에 명시하여 기록관리할 필요 있음. 예) 작업 전 지게차 점검을 실시 하고 안전수칙을 준수하였음을 확인함.",즉시처리,점검·확인,지게차 안전작업수칙을 확인할 수 있도록 첨부하였음을 확인.,완료,"현재 한국해운 협력사의 경우 지게차 점검 체크리스트를 지게차에 비치하여 작업전 점검 실시 진행중이며, 
별도의 지게차 점검 및 안전수칙 준수유무에 대해 서명을 하여 사무실에서 리스트 관리를 하고 있는 중.
리스트 관리하는 것에 대한 취지는 좋으나, 해당 서명을 하는 이유에 대한 목적을 서류상에 명시하여 기록관리할 필요 있음.

예) 작업 전 지게차 점검을 실시 하고 안전수칙을 준수하였음을 확인함.   ",지게차 안전작업수칙을 확인할 수 있도록 첨부하였음을 확인.,회전체·협착점인근,1,2.0,키워드보정,,
470,2026-03-11,2026-03,경남지사,SBC창원공장,INSPECTOR_12,EHS팀 책임,지사 주관,경남지사_ SBC창원공장,기타,기타,개선필요 [하],1.0,협력사 안전보건교육일지 내용 중 특별 교육 및 MSDS 교육에 대한 일지에 대한 기록이 신규채용시교육으로 체크하여 기록 관리중.,즉시처리,교육·지도,별도의 교육 실시 내역에 대한 리스트를 관리하고 있으나 일지상 기록 표기를 제대로 할것. ( 신규 → 특별교육 ) MSDS 교육의 경우 기타로 분류하여 표기할 것을 협력사 관리감독자에게 교육 전파 완료.,완료,"협력사 안전보건교육일지 내용 중 특별 교육 및 MSDS 교육에 대한 일지에 대한 기록이 신규채용시교육으로 체크하여 기록 관리중.
","별도의 교육 실시 내역에 대한 리스트를 관리하고 있으나 일지상 기록 표기를 제대로 할것. ( 신규 → 특별교육 ) 
MSDS 교육의 경우 기타로 분류하여 표기할 것을 협력사 관리감독자에게 교육 전파 완료. 
",,0,1.0,키워드보정,,
471,2026-03-11,2026-03,경남지사,SBC창원공장,INSPECTOR_12,EHS팀 책임,지사 주관,경남지사_ SBC창원공장,관리적미흡,관리적 미흡,개선필요 [하],1.0,"한국해운 25년 하반기 수급업체 평가 자료 취합시 관리감독자 지정서(임명장)자료를 확인하였었으나, 현장 방문시 서류에 대한 부분을 확인 할수가 없었으며, 관리감독자 16시간 교육의 경우 8시간 교육실시 한 부분에 대해서만 자료 확인. 임명장 및 관리감독자 교육 실시 확인서에 대한 서류를 현장에서 기록 관리 할 수 있도록 지도.",즉시처리,교육·지도,1.전년도 무재해 사업장으로 8시간 집체 교육만 수강 확인. 2.임명장 및 관리감독자 교육 실시 확인서 동시 서류철 유무 확인.,완료,"한국해운 25년 하반기 수급업체 평가 자료 취합시 관리감독자 지정서(임명장)자료를 확인하였었으나,
현장 방문시 서류에 대한 부분을 확인 할수가 없었으며, 관리감독자 16시간 교육의 경우 8시간 교육실시 한 부분에 대해서만 자료 확인.
임명장 및 관리감독자 교육 실시 확인서에 대한 서류를 현장에서 기록 관리 할 수 있도록 지도.   ","1.전년도 무재해 사업장으로 8시간 집체 교육만 수강 확인. 
2.임명장 및 관리감독자 교육 실시 확인서 동시 서류철 유무 확인. ",,0,1.0,키워드보정,,
472,2026-03-11,2026-03,강원지사,안인,INSPECTOR_15,EHS팀 선임,지사 주관,강원지사_ 안인,추락,추락,개선필요 [상],3.0,미끄럼 방지 조치 필요,즉시처리,기타,미끄럼 방지 조치 실시,완료,미끄럼 방지 조치 필요,미끄럼 방지 조치 실시,,0,3.0,직접판정,"미끄럼방지조치, 원등급 유지",
473,2026-03-11,2026-03,강원지사,안인,INSPECTOR_15,EHS팀 선임,지사 주관,강원지사_ 안인,추락,추락,개선필요 [상],3.0,미끄럼 방지조치 필요,즉시처리,기타,미끄럼 방지 조치 실시,완료,미끄럼 방지조치 필요,미끄럼 방지 조치 실시,,0,3.0,직접판정,"동일패턴, 원등급 유지",
474,2026-03-11,2026-03,당진지사,당진지사,INSPECTOR_07,EHS팀 선임,지사 주관,당진지사,끼임·협착,끼임ㆍ협착,개선필요 [하],1.0,CSU F호기 컨베이어벨트 라인 방호울 탈락,즉시처리,설치·구조물,CSU F호기 컨베이어벨트 라인 방호울 장착,완료,CSU F호기 컨베이어벨트 라인 방호울 탈락,CSU F호기 컨베이어벨트 라인 방호울 장착,회전체·협착점인근,1,2.0,키워드보정,,
475,2026-03-11,2026-03,당진지사,당진지사,INSPECTOR_07,EHS팀 선임,지사 주관,당진지사,관리적미흡,관리적 미흡,개선필요 [하],1.0,- 항운노조에 지급된 무전기 환복실 내 방치후 퇴근 - 분실 위험 및 미충전으로 작업일 사용불가,즉시처리,기타,- 무전기 현장사무실 보관 및 전달 - 항운노조에 무전기 관리 강화 요청,완료,"- 항운노조에 지급된 무전기 환복실 내 방치후 퇴근
- 분실 위험 및 미충전으로 작업일 사용불가","- 무전기 현장사무실 보관 및 전달
- 항운노조에 무전기 관리 강화 요청",,0,1.0,키워드보정,,
476,2026-03-11,2026-03,당진지사,당진지사,INSPECTOR_01,EHS팀 주임,지사 주관,당진지사,관리적미흡,관리적 미흡,개선필요 [하],1.0,"- CSU BELT 교체 공사 진행 후 폐자재 부두 방치 - 담당부서 내용전달 완료, 정리 예정 확인",즉시처리,제거·차단,- 정리정돈 완료,완료,"- CSU BELT 교체 공사 진행 후 폐자재 부두 방치
- 담당부서 내용전달 완료, 정리 예정 확인",- 정리정돈 완료,,0,1.0,키워드보정,,
477,2026-03-11,2026-03,경북지사,문덕창고,INSPECTOR_13,EHS팀 선임,지사 주관,문덕창고,낙하·비래·붕괴,낙하ㆍ붕괴,,,문덕창고 13번 창고 판넬 주변으로 톤백이 높게 적재되어 판넬 전원 조작 시 톤백이 붕괴되어 협착위험 존재,즉시처리,기타,전등 ON/OFF를 위해 진입해야하는 통로는 충분한 공간을 확보할 수 있도록 화물 적재 실시,진행(조치 후),문덕창고 13번 창고 판넬 주변으로 톤백이 높게 적재되어 판넬 전원 조작 시 톤백이 붕괴되어 협착위험 존재,전등 ON/OFF를 위해 진입해야하는 통로는 충분한 공간을 확보할 수 있도록 화물 적재 실시,,0,1.0,키워드보정,,
478,2026-03-10,2026-03,강원지사,동해,INSPECTOR_02,EHS팀 사원,지사 주관,강원지사_ 동해,정리정돈,정리정돈,개선필요 [하],1.0,사업장 이동구간 및 물류창고 주변 폐기물 정리정돈 및 처리 필요 → 정리정돈 실시,즉시처리,제거·차단,폐기물 처리 및 정리정돈 완료,완료,사업장 이동구간 및 물류창고 주변 폐기물 정리정돈 및 처리 필요 → 정리정돈 실시,폐기물 처리 및 정리정돈 완료,,0,1.0,키워드보정,,
479,2026-03-10,2026-03,부산지사,용당,INSPECTOR_14,EHS팀 선임,지사 주관,부산지사_ 용당,관리적미흡,관리적 미흡,개선필요 [중],2.0,(용당센터) 위험물창고 및 일반창고 사이 안전펜스 파손 → 안전펜스 및 그레이팅 고정 필요,즉시처리,설치·구조물,안전펜스 및 그레이팅 고정 완료,완료,(용당센터) 위험물창고 및 일반창고 사이 안전펜스 파손 → 안전펜스 및 그레이팅 고정 필요,안전펜스 및 그레이팅 고정 완료,,0,2.0,키워드보정,,
480,2026-03-10,2026-03,부산지사,용당,INSPECTOR_14,EHS팀 선임,지사 주관,부산지사_ 용당,관리적미흡,관리적 미흡,개선필요 [하],1.0,창고 내 유리창 파손으로 강풍 시 깨짐 위험 → 유리창 교체 필요,즉시처리,설치·구조물,유리창 교체 완료,완료,창고 내 유리창 파손으로 강풍 시 깨짐 위험 → 유리창 교체 필요,유리창 교체 완료,,0,1.0,키워드보정,,
481,2026-03-10,2026-03,당진지사,당진지사,INSPECTOR_01,EHS팀 주임,지사 주관,당진지사,충돌,충돌,개선필요 [하],1.0,- 시료채취 제출 컨테이너 주변 조도 불량으로 야간 이동시 소화전 충돌 위험,,미분류,,진행(조치 전),- 시료채취 제출 컨테이너 주변 조도 불량으로 야간 이동시 소화전 충돌 위험,,,0,1.0,직접판정,"조도불량 소화전 충돌위험, 낮음",
482,2026-03-10,2026-03,전북지사,군산항 부두,INSPECTOR_04,EHS팀 책임,지사 주관,전북지사_ 군산항 부두,화재·폭발,화재,관계법규 위반,4.0,근로자 휴게실 전기로 인한 화재를 대비한 확산소화기 미설치,즉시처리,설치·구조물,휴게실 확산소화기 설치 완료,완료,"[군산항 5부두]
근로자 휴게실 전기로 인한 화재를 대비한 확산소화기 미설치",휴게실 확산소화기 설치 완료,화기·인화물인근,1,4.0,키워드보정,,
483,2026-03-09,2026-03,경인지사,안성 3센터,INSPECTOR_17,EHS팀 선임,지사 주관,경인지사_ 안성 3센터,충돌,충돌,개선필요 [하],1.0,"지게차 안전표지(작업반경 접근금지, 안전모 착용 등) 부착필요",즉시처리,기타,지게차 안전표지(작업반경 접근금지 등) 부착 완료,완료,"지게차 안전표지(작업반경 접근금지, 안전모 착용 등) 부착필요 ",지게차 안전표지(작업반경 접근금지 등) 부착 완료,회전체·협착점인근,1,2.0,키워드보정,,
484,2026-03-09,2026-03,부산지사,용당,INSPECTOR_14,EHS팀 선임,지사 주관,부산지사_ 용당,기타,기타,개선필요 [중],2.0,수출 화물 보관구역 내 기둥 충돌(외부 화물차량 운전원)로 기둥 파손 → 기둥 보수 필요,즉시처리,설치·구조물,기둥 보수 완료,완료,수출 화물 보관구역 내 기둥 충돌(외부 화물차량 운전원)로 기둥 파손 → 기둥 보수 필요,기둥 보수 완료,,0,2.0,키워드보정,,
485,2026-03-09,2026-03,경북지사,문덕창고,INSPECTOR_13,EHS팀 선임,지사 주관,문덕창고,추락,추락,,,야적장 복포작업 중 톤백 승하강 시 사다리 사용 미흡,즉시처리,설치·구조물,톤백 작업 시 아웃트리거 설치 사다리 사용 지도,진행(조치 후),야적장 복포작업 중 톤백 승하강 시 사다리 사용 미흡,톤백 작업 시 아웃트리거 설치 사다리 사용 지도,고소·상부작업,2,3.0,직접판정,"원본 결측 - 톤백 승하강(고소작업 유사맥락)으로 기본1+가중2=3, 결측치 보완",
486,2026-03-09,2026-03,경북지사,문덕창고,INSPECTOR_13,EHS팀 선임,지사 주관,문덕창고,관리적미흡,관리적 미흡,,,MSDS함 부착미흡에 따른 탈락 발생,즉시처리,설치·구조물,출입구 판넬 측에 MSDS 함 설치 완료,진행(조치 후),MSDS함 부착미흡에 따른 탈락 발생,출입구 판넬 측에 MSDS 함 설치 완료 ,,0,1.0,키워드보정,,
487,2026-03-09,2026-03,전북지사,군산항 부두,INSPECTOR_04,EHS팀 책임,지사 주관,전북지사_ 군산항 부두,충돌,충돌,개선필요 [중],2.0,1. 호퍼 내 진입하는 화물차량의 과속 및 부주의에 의한 호퍼와 충돌 위험 2. 진입하는 화물차량의 서행을 유도하는 안전보건 표지 부착 필요,즉시처리,교육·지도,"호퍼 외부 ""충돌주의 5km 서행진입"" 안전보건표지 부착 완료",완료,"[군산항 세방 부두]
1. 호퍼 내 진입하는 화물차량의 과속 및 부주의에 의한 호퍼와 충돌 위험
2. 진입하는 화물차량의 서행을 유도하는 안전보건 표지 부착 필요","호퍼 외부 ""충돌주의 5km 서행진입"" 안전보건표지 부착 완료",,0,2.0,키워드보정,,
488,2026-03-06,2026-03,경인지사,의왕,INSPECTOR_03,EHS팀 주임,지사 주관,경인지사_ 의왕,기타,기타,개선필요 [중],2.0,의왕CY 정비고 부품 보관 컨테이너 교체에 따른 화학물질 보관함 정리를 진행했으나 해당 물질들에 대한 MSDS자료가 미비하여 작업자의 유해성 인식 미흡 우려,즉시처리,기타,"해당 컨테이너 내 MSDS보관함 게시 완료, 유류 보관 컨테이너에도 동일하게 MSDS보관함 부착 완료하여 근로자들의 접근성 개선",진행(조치 후),의왕CY 정비고 부품 보관 컨테이너 교체에 따른 화학물질 보관함 정리를 진행했으나 해당 물질들에 대한 MSDS자료가 미비하여 작업자의 유해성 인식 미흡 우려,"해당 컨테이너 내 MSDS보관함 게시 완료, 유류 보관 컨테이너에도 동일하게 MSDS보관함 부착 완료하여 근로자들의 접근성 개선",,0,2.0,키워드보정,,
489,2026-03-06,2026-03,강원지사,동해,INSPECTOR_02,EHS팀 사원,지사 주관,강원지사_ 동해,추락,추락,개선필요 [하],1.0,현문사다리 고정상태 미흡으로 인한 승강 중 추락 위험 → 추가적인 고정 조치,즉시처리,설치·구조물,해당 모선 선원 현문사다리 기울기 수정 요청 및 현문사다리 하부 고정부 고임목 추가 설치 완료,완료,현문사다리 고정상태 미흡으로 인한 승강 중 추락 위험 → 추가적인 고정 조치,[동해] 해당 모선 선원 현문사다리 기울기 수정 요청 및 현문사다리 하부 고정부 고임목 추가 설치 완료,고소·상부작업,2,3.0,직접판정,현문사다리 승강중 추락위험 → 기본1+가중2=3,
490,2026-03-06,2026-03,강원지사,동해,INSPECTOR_02,EHS팀 사원,지사 주관,강원지사_ 동해,충돌,충돌,개선필요 [하],1.0,그랍 작업반경 내 인원 충돌 위험으로 인한 추가적 안전조치 필요 → 작업반경 내 추가 출입금지 조치,즉시처리,설치·구조물,그랍 작업 반경 내 추가 출입금지 조치 목적으로 세이프티 라인 추가 설치 완료,완료,그랍 작업반경 내 인원 충돌 위험으로 인한 추가적 안전조치 필요 → 작업반경 내 추가 출입금지 조치,[동해] 그랍 작업 반경 내 추가 출입금지 조치 목적으로 세이프티 라인 추가 설치 완료,,0,1.0,키워드보정,,
491,2026-03-06,2026-03,강원지사,안인,INSPECTOR_15,EHS팀 선임,지사 주관,강원지사_ 안인,관리적미흡,관리적 미흡,개선필요 [하],1.0,섬유로프 외부 노출로 인하여 훼손 위험,즉시처리,제거·차단,"작업 전,후 섬유로프 제거 실시",완료,섬유로프 외부 노출로 인하여 훼손 위험,"작업 전,후 섬유로프 제거 실시",,0,1.0,키워드보정,,
492,2026-03-06,2026-03,강원지사,안인,INSPECTOR_15,EHS팀 선임,지사 주관,강원지사_ 안인,화재·폭발,화재,개선필요 [하],1.0,투광등 외함접지 필요,즉시처리,제거·차단,폐기처분 실시,완료,투광등 외함접지 필요,폐기처분 실시,,0,1.0,키워드보정,,
493,2026-03-06,2026-03,당진지사,당진지사,INSPECTOR_01,EHS팀 주임,지사 주관,당진지사,추락,추락,개선필요 [하],1.0,- 사무실 건물 주변 맨홀(정화조) 콘크리트 파손으로 안전사고 위험,즉시처리,설치·구조물,- 발전소 담당자 연락 및 현장확인 완료. - 보수 예정,완료,- 사무실 건물 주변 맨홀(정화조) 콘크리트 파손으로 안전사고 위험,"- 발전소 담당자 연락 및 현장확인 완료.
- 보수 예정",밀폐공간,2,3.0,직접판정,맨홀 콘크리트파손(밀폐공간 유형) → 기본1+가중2=3,
494,2026-03-06,2026-03,경북지사,문덕,INSPECTOR_13,EHS팀 선임,지사 주관,경북지사_ 문덕,기타,기타,개선필요 [하],1.0,문덕창고 파포작업 시 분진 다수 발생에 따른 진폐증 발생 위험,즉시처리,설치·구조물,파포기에 집진기 설치 등 논의하였지만 지속적으로 이동하여야 하는 파포기 특성상 집진기의 휴대성 및 전력공급등의 문제로 설치 불가 판정. 작업자들은 파포작업 실시 시 분진의 영향이 없도록 방진마스크 착용 철저히 하며 창고 입구측에서 대기하며 작업 진행.,진행(조치 후),문덕창고 파포작업 시 분진 다수 발생에 따른 진폐증 발생 위험,파포기에 집진기 설치 등 논의하였지만 지속적으로 이동하여야 하는 파포기 특성상 집진기의 휴대성 및 전력공급등의 문제로 설치 불가 판정. 작업자들은 파포작업 실시 시 분진의 영향이 없도록 방진마스크 착용 철저히 하며 창고 입구측에서 대기하며 작업 진행.,,0,1.0,키워드보정,,
495,2026-03-06,2026-03,전북지사,군산항 부두,INSPECTOR_04,EHS팀 책임,지사 주관,전북지사_ 군산항 부두,기타,기타,개선필요 [하],1.0,1. 현장 운영중인 지게차 외부 구리스 등 외부 보관에 의한 MSDS 관리 미흡 2. 해당 구리스통 등 MSDS 보관장소로 이동조치 요함,즉시처리,기타,즉시 수거하여 MSDS보관 장소로 이동조치 완료,완료,"[군산항 3부두]
1. 현장 운영중인 지게차 외부 구리스 등 외부 보관에 의한 MSDS 관리 미흡
2. 해당 구리스통 등 MSDS 보관장소로 이동조치 요함",즉시 수거하여 MSDS보관 장소로 이동조치 완료,,1,1.0,직접판정,"MSDS 보관장소 미준수, 낮음",
496,2026-03-05,2026-03,광양지사,세방전지센터,INSPECTOR_10,EHS팀 책임,지사 주관,광양지사_ 세방전지센터,충돌,충돌,개선필요 [하],1.0,1.장비·차량 출입구 옆에 작업자 통행용 문이 별도로 설치되어 있으나 바깥쪽에는 해당 문이 보행자 전용 출입구임을 식별할 수 있는 안내 표지가 없음. 1.보행자 출입구를 인지하지 못하고 장비·차량 출입구로 진입하여 장비와 충돌 위험 있음. 1. 출입문 바깥쪽에도 '보행자 전용 출입구' 안내표지 부착 2. 작업원들로 하여금 보행자 전용 출입구 이용하여 이동하도록 교육 필요,즉시처리,기타,표지판 제작 후 부착,완료,"<내용>
1.장비·차량 출입구 옆에 작업자 통행용 문이 별도로 설치되어 있으나 바깥쪽에는 해당 문이 보행자 전용 출입구임을 식별할 수 있는 안내 표지가 없음. 
<위험요인>
1.보행자 출입구를 인지하지 못하고 장비·차량 출입구로 진입하여 장비와 충돌 위험 있음.
<요청사항>
1. 출입문 바깥쪽에도 '보행자 전용 출입구' 안내표지 부착 
2. 작업원들로 하여금 보행자 전용 출입구 이용하여 이동하도록 교육 필요",표지판 제작 후 부착,다수인원노출,1,2.0,키워드보정,,
497,2026-03-05,2026-03,광양지사,세방전지센터,INSPECTOR_10,EHS팀 책임,지사 주관,광양지사_ 세방전지센터,관리적미흡,관리적 미흡,개선필요 [하],1.0,"1.창고 내 콘센트에 안전덮개가 설치되어 있지 않은 상태. 1.이물질(분진, 금속편 등) 유입 시 합선 및 스파크 발생. 2.습기 유입 시 누전 및 감전 위험. 1. 모든 콘센트에 안전덮개 설치",즉시처리,설치·구조물,콘센트 덮개 설치 완료,완료,"<내용>
1.창고 내 콘센트에 안전덮개가 설치되어 있지 않은 상태.
<위험요인>
1.이물질(분진, 금속편 등) 유입 시 합선 및 스파크 발생.
2.습기 유입 시 누전 및 감전 위험.
<요청사항>
1. 모든 콘센트에 안전덮개 설치",콘센트 덮개 설치 완료,,0,1.0,키워드보정,,
498,2026-03-05,2026-03,강원지사,동해,INSPECTOR_02,EHS팀 사원,지사 주관,강원지사_ 동해,기타,기타,개선필요 [하],1.0,안전보건 정보 게시물(세방 12대 안전보건 기본수칙) 파손 및 탈락 → 근로자 확인 및 게시용 안전보건 정보 게시물 신규부착,즉시처리,점검·확인,근로자 확인 및 게시용 안전보건 정보 게시물 신규부착 완료,완료,안전보건 정보 게시물(세방 12대 안전보건 기본수칙) 파손 및 탈락 → 근로자 확인 및 게시용 안전보건 정보 게시물 신규부착  ,[동해] 근로자 확인 및 게시용 안전보건 정보 게시물 신규부착 완료,,0,1.0,키워드보정,,
499,2026-03-05,2026-03,당진지사,당진지사,INSPECTOR_07,EHS팀 선임,지사 주관,당진지사,관리적미흡,관리적 미흡,개선필요 [중],2.0,- 승하선기 조작함 사용후 커버 열림으로 관계자외 사용위험 - 사용후 조작함 커버 정위치하도록 현장전달,즉시처리,기타,- 사용후 조작함 커버 정위치 - 승하선기 미이용시 시건 진행,완료,"- 승하선기 조작함 사용후 커버 열림으로 관계자외 사용위험
- 사용후 조작함 커버 정위치하도록 현장전달","- 사용후 조작함 커버 정위치
- 승하선기 미이용시 시건 진행",,0,2.0,키워드보정,,
500,2026-03-05,2026-03,당진지사,당진지사,INSPECTOR_07,EHS팀 선임,지사 주관,당진지사,전도,전도,개선필요 [하],1.0,3부두 현장사무실 입구 주변 파렛트 전도시 사고 위험,즉시처리,제거·차단,입구 주변 파렛트 제거,완료,3부두 현장사무실 입구 주변 파렛트 전도시 사고 위험,입구 주변 파렛트 제거,,0,1.0,키워드보정,,
501,2026-03-05,2026-03,광양지사,세방전지센터,INSPECTOR_10,EHS팀 책임,지사 주관,광양지사_ 세방전지센터,전도,전도,개선필요 [하],1.0,1.리치스태커가 이동·작업하는 야드 내 주행구간에 포트홀(노면 파손 및 함몰부)이 다수 발생해 있음. 1.장비 주행 중 급격한 충격 (전도 및 컨테이너 낙하 위험) 1. 포트홀 구간 보수 필요 2. 고위험 구간 임시통제 필요 (안전콘 설치 등),,미분류,,진행(조치 전),"<내용>
1.리치스태커가 이동·작업하는 야드 내 주행구간에 포트홀(노면 파손 및 함몰부)이 다수 발생해 있음.
<위험요인>
1.장비 주행 중 급격한 충격 (전도 및 컨테이너 낙하 위험)
<요청사항>
1. 포트홀 구간 보수 필요 
2. 고위험 구간 임시통제 필요 (안전콘 설치 등)",,,0,2.0,직접판정,포트홀 다수+전도/컨테이너낙하 구체적 위험명시 - 1에서 상향,
502,2026-03-05,2026-03,경북지사,문덕,INSPECTOR_13,EHS팀 선임,지사 주관,경북지사_ 문덕,관리적미흡,관리적 미흡,개선필요 [하],1.0,미등록 MSDS물질(요소수) 사용흔적 확인. 현장 확인 후 조치예정,즉시처리,기타,"요소수 전량 유류보관함 보관실시, MSDS 보관실시",진행(조치 후),미등록 MSDS물질(요소수) 사용흔적 확인. 현장 확인 후 조치예정,"요소수 전량 유류보관함 보관실시, MSDS 보관실시 ",,0,1.0,직접판정,"미등록 MSDS물질, 낮음",
503,2026-03-04,2026-03,경남지사,중량(육송),INSPECTOR_12,EHS팀 책임,지사 주관,경남지사_ 중량(육송),끼임·협착,끼임ㆍ협착,개선필요 [하],1.0,가스스프링 탈락으로 인한 도구함 여 닫을시 손끼임 위험. 가스 스프링 부착 조치 필요.,즉시처리,설치·구조물,가스스프링 설치완료.,완료,"가스스프링 탈락으로 인한 도구함 여 닫을시 손끼임 위험.
가스 스프링 부착 조치 필요.",가스스프링 설치완료.,,0,1.0,직접판정,"도구함 손끼임, 낮음",
504,2026-03-04,2026-03,당진지사,당진지사,INSPECTOR_01,EHS팀 주임,지사 주관,당진지사,관리적미흡,관리적 미흡,개선필요 [하],1.0,- 전열기구 2개 1개의 콘센트 동시사용으로 콘센트 화재 위험 (전기온풍기 및 바닥난방) - 콘센트 확인간 과부하로 인한 손상 확인,즉시처리,설치·구조물,- 콘센트 교체 진행 완료 - 바닥난방전용 콘센트 1구 막음조치 진행 - 사용중인 담당부서(항운노조)측 내용전달 완료,완료,"- 전열기구 2개 1개의 콘센트 동시사용으로 콘센트 화재 위험 (전기온풍기 및 바닥난방)
- 콘센트 확인간 과부하로 인한 손상 확인","- 콘센트 교체 진행 완료
- 바닥난방전용 콘센트 1구 막음조치 진행
- 사용중인 담당부서(항운노조)측 내용전달 완료",,0,1.0,키워드보정,,
505,2026-03-04,2026-03,당진지사,당진지사,INSPECTOR_01,EHS팀 주임,지사 주관,당진지사,관리적미흡,관리적 미흡,개선필요 [하],1.0,- 근로자 신발건조기 전용 콘센트 화재예방 패치 미부착,즉시처리,기타,-화재 예방 패치 부착 완료,완료,- 근로자 신발건조기 전용 콘센트 화재예방 패치 미부착,-화재 예방 패치 부착 완료,,0,1.0,직접판정,"화재예방패치 미부착, 낮음",
506,2026-03-04,2026-03,경북지사,포스코 내,INSPECTOR_13,EHS팀 선임,지사 주관,경북지사_ 포스코 내,기타,기타,개선필요 [하],1.0,컨테이너 내부 소독 후 폐문 시 높이가 높아 근골격계질환 발생 위험,즉시처리,기타,포스코 스크랩장 내 컨테이너 폐문용 이동식계단 비치 완료,진행(조치 후),컨테이너 내부 소독 후 폐문 시 높이가 높아 근골격계질환 발생 위험,포스코 스크랩장 내 컨테이너 폐문용 이동식계단 비치 완료 ,,0,1.0,키워드보정,,
507,2026-03-04,2026-03,전북지사,군산항 부두,INSPECTOR_04,EHS팀 책임,지사 주관,전북지사_ 군산항 부두,충돌,충돌,개선필요 [중],2.0,1. 원목 작업 중 원목을 옮겨 놓은 위치의 부적합 2. 근로자 휴게 및 흡연부스 인근 원목방치로 원목 구름 또는 장비의 원목 이동 작업 중 휴식 근로자의 부딪힘 사고 위험 3. 방치된 원목 이동조치 필요,즉시처리,기타,근로자 휴게시설 및 흡연부스 인근 원목 이동조치 완료,완료,"[군산항 7부두]
1. 원목 작업 중 원목을 옮겨 놓은 위치의 부적합
2. 근로자 휴게 및 흡연부스 인근 원목방치로 원목 구름 또는 장비의 원목 이동 작업 중 휴식 근로자의 부딪힘 사고 위험
3. 방치된 원목 이동조치 필요",근로자 휴게시설 및 흡연부스 인근 원목 이동조치 완료,,0,2.0,키워드보정,,
508,2026-03-03,2026-03,경북지사,문덕,INSPECTOR_13,EHS팀 선임,지사 주관,경북지사_ 문덕,관리적미흡,관리적 미흡,개선필요 [하],1.0,전기판넬 버튼 조명 상실,즉시처리,설치·구조물,전원 상실된 전구 교체 실시 및 전기판넬 전원 ON 실시,진행(조치 후),전기판넬 버튼 조명 상실,전원 상실된 전구 교체 실시 및 전기판넬 전원 ON 실시,,0,1.0,키워드보정,,
509,2026-03-03,2026-03,경북지사,문덕,INSPECTOR_13,EHS팀 선임,지사 주관,경북지사_ 문덕,정리정돈,정리정돈,개선필요 [하],1.0,폐파레트 처리 후 폐목재 조각 정리정돈 불량,즉시처리,기타,폐목재 처리후 잔재물 청소실시 완료,진행(조치 후),폐파레트 처리 후 폐목재 조각 정리정돈 불량,폐목재 처리후 잔재물 청소실시 완료,,0,1.0,키워드보정,,
510,2026-03-03,2026-03,경북지사,문덕,INSPECTOR_13,EHS팀 선임,지사 주관,경북지사_ 문덕,정리정돈,정리정돈,개선필요 [하],1.0,문덕창고 13번창고 야적장 낙엽 정리정돈 용도로 추정되는 폐톤백 방치,즉시처리,제거·차단,낙엽 정리정돈 톤백 정리하여 폐기처리 실시 완료,진행(조치 후),문덕창고 13번창고 야적장 낙엽 정리정돈 용도로 추정되는 폐톤백 방치,낙엽 정리정돈 톤백 정리하여 폐기처리 실시 완료,,0,1.0,키워드보정,,
511,2026-03-03,2026-03,전북지사,군산항 부두,INSPECTOR_04,EHS팀 책임,지사 주관,전북지사_ 군산항 부두,정리정돈,정리정돈,개선필요 [하],1.0,1. 화물차량 이동구간 원목 잔여물로 인해 밟고 지나가거나 핸들 급조작으로 인한 사고 위험 2. 원목 작업 중 발생 된 잔여물 정리정돈 필요,즉시처리,제거·차단,에이프런에 원목 작업 중 발생한 잔여물 정리정돈 완료,완료,"[군산항 7부두]
1. 화물차량 이동구간 원목 잔여물로 인해 밟고 지나가거나 핸들 급조작으로 인한 사고 위험
2. 원목 작업 중 발생 된 잔여물 정리정돈 필요",에이프런에 원목 작업 중 발생한 잔여물 정리정돈 완료,,0,1.0,키워드보정,,
512,2026-03-02,2026-03,경인지사,의왕,INSPECTOR_03,EHS팀 주임,지사 주관,경인지사_ 의왕,관리적미흡,관리적 미흡,개선필요 [하],1.0,운영건물 2층 캐비넷 보관 화학물질에 대한 MSDS자료가 구비되어 있지 않아 사용자 대상으로 유해성 정보 전달이 미흡함,즉시처리,점검·확인,캐비넷 보관 중인 화학물질에 대한 유해위험성을 파악 가능토록 물질안전보건자료 비치 (※ MSDS 비치 의무가 없는 안전확인대상 생활화학제품 제외),진행(조치 후),운영건물 2층 캐비넷 보관 화학물질에 대한 MSDS자료가 구비되어 있지 않아 사용자 대상으로 유해성 정보 전달이 미흡함,캐비넷 보관 중인 화학물질에 대한 유해위험성을 파악 가능토록 물질안전보건자료 비치 (※ MSDS 비치 의무가 없는 안전확인대상 생활화학제품 제외),,0,1.0,키워드보정,,
513,2026-03-02,2026-03,경인지사,의왕,INSPECTOR_03,EHS팀 주임,지사 주관,경인지사_ 의왕,기타,기타,개선필요 [하],1.0,경인지사 운영건물 야드 방면 출입구 미끄럼방지 테이프 탈락으로 인하여 보행자 넘어짐 재해 위험 존재,즉시처리,기타,운영건물 야드 방면 출입구 미끄럼 방지 테이프 보강 조치 완료,진행(조치 후),경인지사 운영건물 야드 방면 출입구 미끄럼방지 테이프 탈락으로 인하여 보행자 넘어짐 재해 위험 존재,운영건물 야드 방면 출입구 미끄럼 방지 테이프 보강 조치 완료,,0,1.0,키워드보정,,
514,2026-02-27,2026-02,목포지사,대불부두,INSPECTOR_16,EHS팀 선임,지사 주관,목포지사_ 대불부두,정리정돈,정리정돈,개선필요 [하],1.0,"장기 미사용 보관 물품 정리,정돈 필요",즉시처리,제거·차단,"장기 미사용 보관물품 정리,정돈 완료",완료,"[사무실]
장기 미사용 보관 물품 정리,정돈 필요","[사무실]
장기 미사용 보관물품 정리,정돈 완료",,0,1.0,직접판정,"물품정리, 낮음",
515,2026-02-27,2026-02,목포지사,대불부두,INSPECTOR_16,EHS팀 선임,지사 주관,목포지사_ 대불부두,충돌,충돌,개선필요 [하],1.0,선내 파이프 안착 후 벨트 해체 시 후크와 근로자 머리 또는 가슴부위 충돌 우려 빔을 더 하강시켜 해체 진행 높이를 가능한 무릎아래 쪽에서 진행,즉시처리,기타,현재 빔을 충분히 하강 시킨 후 무릎아래 에서 벨트 해체 진행,완료,"[대불부두]
선내 파이프 안착 후 벨트 해체 시 후크와 근로자 머리 또는 가슴부위 충돌 우려 
빔을 더 하강시켜 해체 진행 높이를 가능한 무릎아래 쪽에서 진행 ","[대불부두]
현재 빔을 충분히 하강 시킨 후 무릎아래 에서 벨트 해체 진행 ",,1,2.0,직접판정,"인양작업 중 후크-근로자 신체충돌 우려, 실질위험으로 1에서 상향",
516,2026-02-27,2026-02,목포지사,대불부두,INSPECTOR_16,EHS팀 선임,지사 주관,목포지사_ 대불부두,충돌,충돌,개선필요 [하],1.0,"작업 공간 미구획으로 외부인, 외부차량 출입 가능성 高 → 공간구획 필요",즉시처리,제거·차단,"작업공간 라바콘 배치로 외부차량, 외부인 접근 통제 시각적 표식",완료,"[대불부두]
작업 공간 미구획으로 외부인, 외부차량 출입 가능성 高 → 공간구획 필요","[대불부두]
작업공간 라바콘 배치로 외부차량, 외부인 접근 통제 시각적 표식 ",,0,1.0,직접판정,"작업공간 미구획, 낮음",
517,2026-02-27,2026-02,목포지사,대불부두,INSPECTOR_16,EHS팀 선임,지사 주관,목포지사_ 대불부두,추락,추락,개선필요 [하],1.0,선측 파이프 권상 시 현재 대피한 안전거리 보다 추가 안전거리 확보 필요,즉시처리,기타,추가 안전거리로 선대피하여 권상 진행,완료,"[대불부두]
선측 파이프 권상 시 현재 대피한 안전거리 보다 추가 안전거리 확보 필요","[대불부두]
추가 안전거리로 선대피하여 권상 진행",,1,2.0,직접판정,"파이프권상시 안전거리부족, 인양물낙하 연계 상향",
518,2026-02-27,2026-02,목포지사,대불부두,INSPECTOR_16,EHS팀 선임,지사 주관,목포지사_ 대불부두,충돌,충돌,개선필요 [하],1.0,외부차량 정차로 작업 간 화물과 충돌 우려,즉시처리,기타,차량 지정 주차 공간 이동 완료,완료,"[대불부두]
외부차량 정차로 작업 간 화물과 충돌 우려","[대불부두]
차량 지정 주차 공간 이동 완료",,0,1.0,직접판정,"외부차량정차, 낮음",
519,2026-02-27,2026-02,당진지사,당진지사,INSPECTOR_07,EHS팀 선임,지사 주관,당진지사,관리적미흡,관리적 미흡,개선필요 [하],1.0,- 유연탄 부두 배수펌프 준설작업시 주변 통제 미흡 - 해당 작업업체에 주변 통제 요청,즉시처리,제거·차단,- 해당 작업구간 주변 통제 진행,완료,"- 유연탄 부두 배수펌프 준설작업시 주변 통제 미흡
- 해당 작업업체에 주변 통제 요청",- 해당 작업구간 주변 통제 진행,,0,1.0,키워드보정,,
520,2026-02-27,2026-02,당진지사,당진지사,INSPECTOR_07,EHS팀 선임,지사 주관,당진지사,화재·폭발,화재,개선필요 [하],1.0,- 대기인원 없는 항운노조 휴게실 내 난방기 전원 미차단,즉시처리,제거·차단,- 해당 난방기 전원 차단 - 항운노조에 자리 이석시 난방기 사용수칙 전달,완료,- 대기인원 없는 항운노조 휴게실 내 난방기 전원 미차단,"- 해당 난방기 전원 차단
- 항운노조에 자리 이석시 난방기 사용수칙 전달",,0,1.0,키워드보정,,
521,2026-02-27,2026-02,당진지사,당진지사,INSPECTOR_01,EHS팀 주임,지사 주관,당진지사,관리적미흡,관리적 미흡,개선필요 [하],1.0,- 부두 내 안전표지판 분진에 의한 오염으로 식별 불가,즉시처리,기타,부두 내 안전표지판 일체 청소진행 완료,완료,- 부두 내 안전표지판 분진에 의한 오염으로 식별 불가,부두 내 안전표지판 일체 청소진행 완료,다수인원노출,1,2.0,키워드보정,,
522,2026-02-27,2026-02,당진지사,당진지사,INSPECTOR_01,EHS팀 주임,지사 주관,당진지사,관리적미흡,관리적 미흡,개선필요 [하],1.0,- 부두 내 배수로 작업도구 정리 불량,즉시처리,제거·차단,폐 작업도구 정리 실시 요청 완료,완료,- 부두 내 배수로 작업도구 정리 불량,폐 작업도구 정리 실시 요청 완료,다수인원노출,1,2.0,키워드보정,,
523,2026-02-27,2026-02,당진지사,당진지사,INSPECTOR_01,EHS팀 주임,지사 주관,당진지사,관리적미흡,관리적 미흡,개선필요 [하],1.0,- 부두 내 흡연구역 작업도구 및 염화칼슘 방치,즉시처리,제거·차단,작업도구 정리정돈 및 미사용 염화칼슘 폐기조치,완료,- 부두 내 흡연구역 작업도구 및 염화칼슘 방치,작업도구 정리정돈 및 미사용 염화칼슘 폐기조치 ,다수인원노출,1,2.0,키워드보정,,
524,2026-02-27,2026-02,당진지사,당진지사,INSPECTOR_01,EHS팀 주임,지사 주관,당진지사,관리적미흡,관리적 미흡,개선필요 [하],1.0,- 부두 내 타 업체 작업계획서 입간판 처리상태 불량,즉시처리,제거·차단,폐기조치 완료,완료,- 부두 내 타 업체 작업계획서 입간판 처리상태 불량,폐기조치 완료,다수인원노출,1,2.0,키워드보정,,
525,2026-02-27,2026-02,강원지사,안인,INSPECTOR_15,EHS팀 선임,지사 주관,강원지사_ 안인,정리정돈,정리정돈,개선필요 [하],1.0,이동구간(TT-01) 가압펌프 누수로 인한 결빙현상에 따른 재해위험,즉시처리,기타,가압펌프 누수 구간 수리조치 완료,완료,이동구간(TT-01) 가압펌프 누수로 인한 결빙현상에 따른 재해위험,가압펌프 누수 구간 수리조치 완료,,0,1.0,키워드보정,,
526,2026-02-26,2026-02,경인지사,안성 3센터,INSPECTOR_17,EHS팀 선임,지사 주관,경인지사_ 안성 3센터,관리적미흡,관리적 미흡,개선필요 [하],1.0,지게차 시동키 분리 미흡 및 보관함에 시건조치 필요,즉시처리,점검·확인,지게차 시동키 분리 및 시건함에 보관조치여부 확인,완료,지게차 시동키 분리 미흡 및 보관함에 시건조치 필요,지게차 시동키 분리 및 시건함에 보관조치여부 확인,회전체·협착점인근,1,2.0,키워드보정,,
527,2026-02-26,2026-02,경인지사,안성 3센터,INSPECTOR_17,EHS팀 선임,지사 주관,경인지사_ 안성 3센터,관리적미흡,관리적 미흡,개선필요 [하],1.0,비상조명등 커버 파손으로 교체 필요,즉시처리,설치·구조물,비상조명등 커버 교체 완료,완료,비상조명등 커버 파손으로 교체 필요,비상조명등 커버 교체 완료,,0,1.0,키워드보정,,
528,2026-02-26,2026-02,경인지사,안성 3센터,INSPECTOR_17,EHS팀 선임,지사 주관,경인지사_ 안성 3센터,화재·폭발,화재,개선필요 [하],1.0,"흡연부스 내 가연성물질 방치로 정리조치 필요(스티로폼, 종이박스)",즉시처리,제거·차단,"흡연부스 내 종이박스, 스티로폼 등 가연성 물질 제거 완료",완료,"흡연부스 내 가연성물질 방치로 정리조치 필요(스티로폼, 종이박스)","흡연부스 내 종이박스, 스티로폼 등 가연성 물질 제거 완료",,0,1.0,키워드보정,,
529,2026-02-26,2026-02,경인지사,안성 3센터,INSPECTOR_17,EHS팀 선임,지사 주관,경인지사_ 안성 3센터,화재·폭발,화재,개선필요 [중],2.0,미사용 선반 폐기 및 콘센트 바닥으로부터 이격처리 필요(화재위험),,미분류,,진행(조치 전),"미사용 선반 폐기 및 콘센트 바닥으로부터 이격처리
필요(화재위험)",,충전부·고압인근,0,4.0,직접판정,콘센트 바닥이격 미조치(충전부) → 기본2+가중2=4,
530,2026-02-26,2026-02,부산지사,용당,INSPECTOR_14,EHS팀 선임,지사 주관,부산지사_ 용당,추락,추락,개선필요 [하],1.0,화물차량 운전원 안전모 미착용으로 안전수칙 위반 → 안전모 착용할 수 있도록 조치,즉시처리,보호구지급,화물차량 운전원 즉시 안전모 착용 조치 완료,완료,화물차량 운전원 안전모 미착용으로 안전수칙 위반 → 안전모 착용할 수 있도록 조치,화물차량 운전원 즉시 안전모 착용 조치 완료,,0,1.0,키워드보정,,
531,2026-02-26,2026-02,부산지사,우암,INSPECTOR_14,EHS팀 선임,지사 주관,부산지사_ 우암,충돌,충돌,개선필요 [상],3.0,경비업체 불필요한 야드 보행으로 지게차 및 외부 화물차량 충돌 위험 → 불필요한 야드 보행금지 필요,즉시처리,기타,경비업체 공문 발신하여 불필요한 보행금지 요청 완료,완료,경비업체 불필요한 야드 보행으로 지게차 및 외부 화물차량 충돌 위험 → 불필요한 야드 보행금지 필요,경비업체 공문 발신하여 불필요한 보행금지 요청 완료,회전체·협착점인근,1,4.0,키워드보정,,
532,2026-02-26,2026-02,강원지사,삼척,INSPECTOR_02,EHS팀 사원,지사 주관,강원지사_ 삼척,정리정돈,정리정돈,개선필요 [하],1.0,하역 작업 후 유연탄 분진으로 인한 정리정돈 필요 → 하역 부두 세척 및 정리정돈 실시,즉시처리,제거·차단,하역 부두 세척 및 정리정돈 완료,완료,하역 작업 후 유연탄 분진으로 인한 정리정돈 필요 → 하역 부두 세척 및 정리정돈 실시,[삼척] 하역 부두 세척 및 정리정돈 완료,,0,1.0,키워드보정,,
533,2026-02-26,2026-02,강원지사,동해,INSPECTOR_02,EHS팀 사원,지사 주관,강원지사_ 동해,기타,기타,개선필요 [하],1.0,물류창고 외부 안전보호구 착용 및 금연에 대한 안전표지 추가 부착 필요 → 안전보건 표지 제작 및 부착 실시,즉시처리,기타,물류창고 외부 안전보건 표지 게시 및 부착 완료,완료,물류창고 외부 안전보호구 착용 및 금연에 대한 안전표지 추가 부착 필요 → 안전보건 표지 제작 및 부착 실시,[동해] 물류창고 외부 안전보건 표지 게시 및 부착 완료,,0,1.0,키워드보정,,
534,2026-02-26,2026-02,강원지사,동해,INSPECTOR_02,EHS팀 사원,지사 주관,강원지사_ 동해,질식,질식,개선필요 [하],1.0,기존 밀폐공간 출입금지 표지 관련 편의성 및 시인성 확대를 위해 밀폐공간 표지의 추가 신규 제작 → 플렉서블 반사시트 및 자석 형식으로 제작 예정,즉시처리,설치·구조물,밀폐공간 출입금지 표지 관련 편의성 및 시인성 확대를 위해 밀폐공간 표지 신규 제작 및 설치완료,완료,기존 밀폐공간 출입금지 표지 관련 편의성 및 시인성 확대를 위해 밀폐공간 표지의 추가 신규 제작 → 플렉서블 반사시트 및 자석 형식으로 제작 예정,밀폐공간 출입금지 표지 관련 편의성 및 시인성 확대를 위해 밀폐공간 표지 신규 제작 및 설치완료,밀폐공간,2,3.0,키워드보정,,
535,2026-02-25,2026-02,경인지사,안성 3센터,INSPECTOR_17,EHS팀 선임,지사 주관,경인지사_ 안성 3센터,관리적미흡,관리적 미흡,개선필요 [하],1.0,외부에 비치된 소화기 전용 보관함에 보관 필요,,미분류,,진행(조치 전),외부에 비치된 소화기 전용 보관함에 보관 필요,,화기·인화물인근,1,2.0,키워드보정,,
536,2026-02-25,2026-02,경남지사,중량(해송),INSPECTOR_12,EHS팀 책임,지사 주관,경남지사_ 중량(해송),관리적미흡,관리적 미흡,개선필요 [중],2.0,"세방20001호 현재 사용중인 보조 로프의 교체 주기에 따른 교체 필요. 현재 보유중인 보조로프(좌현,우현) : 사용시작일자 2015년 1월 pp 로프 : 로프의 교체일로부터 5년 super max rope : 로프의 교체일로부터 10년",즉시처리,제거·차단,1. 선수측 보관중이던 신규로프 선미측으로 옮긴 후 신환 2.기존 사용중이던 노후화(5년 이상 사용) 로프 추후 폐기처분 예정,완료,"세방20001호 현재 사용중인 보조 로프의 교체 주기에 따른 교체 필요.
현재 보유중인 보조로프(좌현,우현) : 사용시작일자 2015년 1월 

pp 로프 : 로프의 교체일로부터 5년
super max rope : 로프의 교체일로부터 10년
","1. 선수측 보관중이던 신규로프 선미측으로 옮긴 후 신환
2.기존 사용중이던 노후화(5년 이상 사용) 로프 추후 폐기처분 예정",,0,2.0,키워드보정,,
537,2026-02-25,2026-02,강원지사,동해,INSPECTOR_02,EHS팀 사원,지사 주관,강원지사_ 동해,기타,기타,개선필요 [하],1.0,"산업재해 예방 및 사각지대의 확인, 안전에 대한 경각심 고취 및 안전문화 형성을 위해 직관적인 메시지 전달 2025년 슬로건 - 2026년 슬로건 변경 / 안전 슬로건 가슴 표찰형태 제작으로 시작적 효과 전달",즉시처리,기타,"2026년 강원지사 직원 참여형 안전슬로건 공모전을 통한 슬로건 선정 후 가슴 안전표찰 형태 제작 및 패용 실시(""위험보고 안전시작"")",완료,"산업재해 예방 및 사각지대의 확인, 안전에 대한 경각심 고취 및 안전문화 형성을 위해 직관적인 메시지 전달
2025년 슬로건 - 2026년 슬로건 변경 / 안전 슬로건 가슴 표찰형태 제작으로 시작적 효과 전달","[강원지사] 2026년 강원지사 직원 참여형 안전슬로건 공모전을 통한 슬로건 선정 후 가슴 안전표찰 형태 제작 및 패용 실시(""위험보고 안전시작"")",,0,1.0,키워드보정,,
538,2026-02-24,2026-02,전북지사,군산항 부두,INSPECTOR_04,EHS팀 책임,지사 주관,전북지사_ 군산항 부두,관리적미흡,관리적 미흡,개선필요 [하],1.0,1. 위험물저장소의 안전보건표지 노후화로 인한 교체 필요 2. 보관 수량 및 관리자 미표기상태로 표기하여 관리 요함,즉시처리,설치·구조물,1. 위험물저장소 신규 안전보건표지 제작 후 설치 완료 2. 보관수량 작성 및 관리자 표기 완료,완료,"1. 위험물저장소의 안전보건표지 노후화로 인한 교체 필요
2. 보관 수량 및 관리자 미표기상태로 표기하여 관리 요함","1. 위험물저장소 신규 안전보건표지 제작 후 설치 완료
2. 보관수량 작성 및 관리자 표기 완료",,0,1.0,키워드보정,,
539,2026-02-24,2026-02,부산지사,용당,INSPECTOR_14,EHS팀 선임,지사 주관,부산지사_ 용당,추락,추락,개선필요 [중],2.0,창고 외곽 사각지대 안전표지 미흡으로 작업자 추락 위험 → 작업자가 볼 수 있도록 추락주의 표지 부착 필요,즉시처리,교육·지도,추락주의 표지 부착 완료,완료,창고 외곽 사각지대 안전표지 미흡으로 작업자 추락 위험 → 작업자가 볼 수 있도록 추락주의 표지 부착 필요,추락주의 표지 부착 완료,,0,2.0,키워드보정,,
540,2026-02-24,2026-02,강원지사,동해,INSPECTOR_02,EHS팀 사원,지사 주관,강원지사_ 동해,정리정돈,정리정돈,개선필요 [하],1.0,사업장 내 폐기물 확인 및 정리정돈 미흡 → 폐기물 정리정돈 필요,즉시처리,제거·차단,사업장 내 폐기물 제거완료 및 정리정돈 실시,완료,사업장 내 폐기물 확인 및 정리정돈 미흡 → 폐기물 정리정돈 필요,[동해] 사업장 내 폐기물 제거완료 및 정리정돈 실시,,0,1.0,키워드보정,,
541,2026-02-24,2026-02,강원지사,동해,INSPECTOR_02,EHS팀 사원,지사 주관,강원지사_ 동해,화재·폭발,화재,개선필요 [하],1.0,소방 송수압력 명판 훼손으로 인한 송수압 식별 확인 미흡 → 소방 송수압력 명판 제작 및 부착 실시,즉시처리,기타,소방 송수압력 명판 제작 및 부착완료,완료,소방 송수압력 명판 훼손으로 인한 송수압 식별 확인 미흡 → 소방 송수압력 명판 제작 및 부착 실시,[동해] 소방 송수압력 명판 제작 및 부착완료,,0,1.0,직접판정,"명판훼손, 대응력저하 낮음",
542,2026-02-23,2026-02,전북지사,군산항역,INSPECTOR_09,EHS팀 선임,지사 주관,전북지사_ 군산항역,화재·폭발,화재,개선필요 [하],1.0,1. 근로자 휴게실 자동확산소화기 설치 필요,즉시처리,설치·구조물,1. 근로자 휴게실 자동확산소화기 설치 완료,완료,"[전북지사 군산항역]
1. 근로자 휴게실 자동확산소화기 설치 필요","[전북지사 군산항역]
1. 근로자 휴게실 자동확산소화기 설치 완료",화기·인화물인근,1,2.0,키워드보정,,
543,2026-02-23,2026-02,경인지사,의왕,INSPECTOR_03,EHS팀 주임,지사 주관,경인지사_ 의왕,감전,감전,개선필요 [하],1.0,운영건물 외부 전기차 충전시설 커버 잠금장치가 파손되어 빗물 유입에 따른 누전 위험 존재,즉시처리,설치·구조물,빗물 유입에 따른 누전 재해가 없도록 스테인리스 소재의 고정장치 시공 완료,진행(조치 후),운영건물 외부 전기차 충전시설 커버 잠금장치가 파손되어 빗물 유입에 따른 누전 위험 존재,빗물 유입에 따른 누전 재해가 없도록 스테인리스 소재의 고정장치 시공 완료,충전부·고압인근,0,3.0,직접판정,전기차충전시설 커버파손 누전위험(충전부) → 기본1+가중2=3,
544,2026-02-23,2026-02,경인지사,의왕,INSPECTOR_03,EHS팀 주임,지사 주관,경인지사_ 의왕,충돌,충돌,개선필요 [중],2.0,의왕CY 정비용으로 사용 중인 카운터발란스 지게차 내 방호장치(영상인체인식장치) 모니터 부품 고장으로 인한 후진 시 충돌 위험 존재,즉시처리,설치·구조물,"정비용 지게차 내 영상인체인식장치 모니터 AS 조치 및 정상작동 확인 완료, 사용 시 먼지 등 분진 유입을 방지할 수 있는 방안 강구 예정",진행(조치 후),의왕CY 정비용으로 사용 중인 카운터발란스 지게차 내 방호장치(영상인체인식장치) 모니터 부품 고장으로 인한 후진 시 충돌 위험 존재,"정비용 지게차 내 영상인체인식장치 모니터 AS 조치 및 정상작동 확인 완료, 사용 시 먼지 등 분진 유입을 방지할 수 있는 방안 강구 예정",회전체·협착점인근,1,3.0,키워드보정,,
545,2026-02-23,2026-02,경북지사,영일만,INSPECTOR_13,EHS팀 선임,지사 주관,경북지사_ 영일만,관리적미흡,관리적 미흡,개선필요 [하],1.0,벌크창고 내 반사테이프 탈락 상태,즉시처리,기타,벌크창코 내 벽면 반사코팅지 재부착 실시,진행(조치 후),벌크창고 내 반사테이프 탈락 상태,벌크창코 내 벽면 반사코팅지 재부착 실시,,0,1.0,키워드보정,,
546,2026-02-23,2026-02,경북지사,영일만,INSPECTOR_13,EHS팀 선임,지사 주관,경북지사_ 영일만,관리적미흡,관리적 미흡,개선필요 [하],1.0,영일만창고 외부 파손된 유리 존재(태풍으로 인한 파손분 방치),즉시처리,제거·차단,외부 파손 유리 정리정돈 실시,진행(조치 후),영일만창고 외부 파손된 유리 존재(태풍으로 인한 파손분 방치),외부 파손 유리 정리정돈 실시,,0,1.0,키워드보정,,
547,2026-02-20,2026-02,전북지사,군산항 부두,INSPECTOR_04,EHS팀 책임,지사 주관,전북지사_ 군산항 부두,관리적미흡,관리적 미흡,개선필요 [하],1.0,1. 코일창고 내 소화전함 인근 파렛트 방지 2. 화재로 인한 긴급상황시 언제든 소화전함을 사용할 수 있도록 관리하여야 함 3. 파렛트는 소화전함 주변에 적치하지 않도록 하며 다른 곳으로 이격 요함,즉시처리,기타,1. 소화전함 앞에 있는 파렛트 이격조치 완료,완료,"[군산항 5부두]
1. 코일창고 내 소화전함 인근 파렛트 방지
2. 화재로 인한 긴급상황시 언제든 소화전함을 사용할 수 있도록 관리하여야 함
3. 파렛트는 소화전함 주변에 적치하지 않도록 하며 다른 곳으로 이격 요함",1. 소화전함 앞에 있는 파렛트 이격조치 완료,,0,1.0,키워드보정,,
548,2026-02-20,2026-02,경인지사,안성 3센터,INSPECTOR_17,EHS팀 선임,지사 주관,경인지사_ 안성 3센터,관리적미흡,관리적 미흡,개선필요 [하],1.0,취급물질에 대한 MSDS 보관함에 별도 보관 필요(집게로 게시 X),,미분류,,진행(조치 전),취급물질에 대한 MSDS 보관함에 별도 보관 필요(집게로 게시 X),,,0,1.0,키워드보정,,
549,2026-02-20,2026-02,당진지사,당진지사,INSPECTOR_01,EHS팀 주임,지사 주관,당진지사,관리적미흡,관리적 미흡,개선필요 [하],1.0,"- 유연탄 2부두 승,하선기 관리감독자 관리 미흡으로 해치커버 충돌위험",즉시처리,기타,"- 관리감독자 호출 및 승,하선기 미사용시 회수 요청",완료,"- 유연탄 2부두 승,하선기 관리감독자 관리 미흡으로 해치커버 충돌위험","- 관리감독자 호출 및 승,하선기 미사용시 회수 요청",,0,1.0,키워드보정,,
550,2026-02-20,2026-02,당진지사,당진지사,INSPECTOR_01,EHS팀 주임,지사 주관,당진지사,관리적미흡,관리적 미흡,개선필요 [하],1.0,- 유연탄 1부두 락카 사용 후 방치,즉시처리,제거·차단,- 미 사용 락카 폐기 조치,완료,- 유연탄 1부두 락카 사용 후 방치,- 미 사용 락카 폐기 조치,,0,1.0,키워드보정,,
551,2026-02-20,2026-02,경북지사,문덕,INSPECTOR_13,EHS팀 선임,지사 주관,경북지사_ 문덕,화재·폭발,화재,개선필요 [하],1.0,톤백 적재 불량에 따른 이동식계단 사용 불가 상태,즉시처리,기타,이동식계단 상시사용가능하도록 화물 막음조치 금지,진행(조치 후),톤백 적재 불량에 따른 이동식계단 사용 불가 상태,이동식계단 상시사용가능하도록 화물 막음조치 금지  ,,0,1.0,키워드보정,,
552,2026-02-20,2026-02,경북지사,문덕,INSPECTOR_13,EHS팀 선임,지사 주관,경북지사_ 문덕,화재·폭발,화재,개선필요 [하],1.0,야외 야적작업 시 이용중인 사다리의 아웃트리거 미설치에 따른 전도위험,즉시처리,설치·구조물,사다리 아웃트리거 설치 및 현장비치,진행(조치 후),야외 야적작업 시 이용중인 사다리의 아웃트리거 미설치에 따른 전도위험,사다리 아웃트리거 설치 및 현장비치,고소·상부작업,2,3.0,키워드보정,,
553,2026-02-13,2026-02,전북지사,군산항 부두,INSPECTOR_04,EHS팀 책임,지사 주관,전북지사_ 군산항 부두,관리적미흡,관리적 미흡,개선필요 [하],1.0,1. 하버크레인 입출입구 시건장치 관리미흡 2. 장비 운행 후 입출입구 개방상태로 방지하여 제3자 및 관계자외 출입으로 인한 사고발생 위험 3. 하버크레인 사용 후 입출입구에 대한 시건장치 철저히 관리 필요,즉시처리,기타,1. 해당 하버크레인 운전원에게 시건요청하여 즉지 조치 완료,완료,"[군산항 5부두]
1. 하버크레인 입출입구 시건장치 관리미흡
2. 장비 운행 후 입출입구 개방상태로 방지하여 제3자 및 관계자외 출입으로 인한 사고발생 위험
3. 하버크레인 사용 후 입출입구에 대한 시건장치 철저히 관리 필요",1. 해당 하버크레인 운전원에게 시건요청하여 즉지 조치 완료,회전체·협착점인근,1,2.0,키워드보정,,
554,2026-02-13,2026-02,광양지사,롯데센터,INSPECTOR_10,EHS팀 책임,지사 주관,광양지사_ 롯데센터,관리적미흡,관리적 미흡,개선필요 [하],1.0,1.위험물 옥외장치장 배출로에 이물질이 다량 퇴적되어 배수 기능이 저하된 상태 1. 배출로 내 퇴적된 이물질을 제거하여 배수 기능 정상화 요함. 2. 비가 온뒤에는 우수펌프 일시개방하는 등 주기적으로 관리 요함.,즉시처리,제거·차단,"1)롯데물류센터 위험물 옥외장치장 배출로에 퇴적된 이물질을 제거하여 배수 기능이 원활히 유지되도록 조치하였습니다. 2)강우 후에는 배출로 상태를 주기적으로 점검하고, 필요 시 우수펌프를 일시적으로 개방하여 원활한 배수가 이루어지도록 관리하겠습니다.",완료,"<내용>
1.위험물 옥외장치장 배출로에 이물질이 다량 퇴적되어 배수 기능이 저하된 상태 
<요청사항>
1. 배출로 내 퇴적된 이물질을 제거하여 배수 기능 정상화 요함. 
2. 비가 온뒤에는 우수펌프 일시개방하는 등 주기적으로 관리 요함.","1)롯데물류센터 위험물 옥외장치장 배출로에 퇴적된 이물질을 제거하여 배수 기능이 원활히 유지되도록 조치하였습니다.

2)강우 후에는 배출로 상태를 주기적으로 점검하고, 필요 시 우수펌프를 일시적으로 개방하여 원활한 배수가 이루어지도록 관리하겠습니다.",,0,1.0,키워드보정,,
555,2026-02-13,2026-02,광양지사,태인동,INSPECTOR_10,EHS팀 책임,지사 주관,광양지사_ 태인동,화재·폭발,화재,개선필요 [하],1.0,1.호이스트 상부 전기배선의 피복이 손상되어 전선이 노출되어 합선 및 스파트로 인한 화재 위험 1. 전선 교체 또는 절연복구 조치 필요. 2. 사용금지/수리중/휴지중 등 표지를 조작부에 부착하여 임의 조작 금지 조치 필요,즉시처리,설치·구조물,호이스트 노후 배선 교체 완료 크레인 분전반 자물쇠 걸쇠 설치 완료하여 무단 조작 방지 조치 완료,완료,"<내용>
1.호이스트 상부 전기배선의 피복이 손상되어 전선이 노출되어 합선 및 스파트로 인한 화재 위험
<요청사항>
1. 전선 교체 또는 절연복구 조치 필요. 
2. 사용금지/수리중/휴지중 등 표지를 조작부에 부착하여 임의 조작 금지 조치 필요","호이스트 노후 배선 교체 완료
크레인 분전반 자물쇠 걸쇠 설치 완료하여 무단 조작 방지 조치 완료","고소·상부작업, 충전부·고압인근(캡2적용)",2,3.0,직접판정,호이스트 상부(고소)+전기배선노출(충전부) 이중맥락이나 가중치 캡2 적용 → 기본1+2=3,
556,2026-02-13,2026-02,경남지사,마산항,INSPECTOR_12,EHS팀 책임,지사 주관,경남지사_ 마산항,끼임·협착,끼임ㆍ협착,개선필요 [하],1.0,파이프 야적장 보관 시 고임목 설치 미흡.,즉시처리,설치·구조물,고임목 설치 조치 확인.,완료,파이프 야적장 보관 시 고임목 설치 미흡. ,고임목 설치 조치 확인.,,0,1.0,직접판정,"고임목 미설치, 낮음",
557,2026-02-13,2026-02,부산지사,우암,INSPECTOR_14,EHS팀 선임,지사 주관,부산지사_ 우암,충돌,충돌,개선필요 [하],1.0,외부 쇼링업체 안전모 미착용으로 안전수칙 위반 → 안전모 착용할 수 있도록 조치,즉시처리,보호구지급,외부 쇼링업체 즉시 안전모 착용 조치 완료,완료,외부 쇼링업체 안전모 미착용으로 안전수칙 위반 → 안전모 착용할 수 있도록 조치,외부 쇼링업체 즉시 안전모 착용 조치 완료,,0,1.0,직접판정,안전모미착용이나 원본1점 - 유사문구(row65 심각3)와 라벨 불일치 확인됨,
558,2026-02-13,2026-02,당진지사,당진지사,INSPECTOR_01,EHS팀 주임,지사 주관,당진지사,관리적미흡,관리적 미흡,개선필요 [하],1.0,"- 유연탄 2부두 CSU D호기 비상정지스위치 작동 불량 - 단선으로 확인하였으며, 정비부서 정비요청 발행 완료.",즉시처리,설치·구조물,- 정비완료 및 테스트 진행 완료,완료,"- 유연탄 2부두 CSU D호기 비상정지스위치 작동 불량
- 단선으로 확인하였으며, 정비부서 정비요청 발행 완료.",- 정비완료 및 테스트 진행 완료,,0,1.0,키워드보정,,
559,2026-02-12,2026-02,경인지사,안성 2센터,INSPECTOR_17,EHS팀 선임,지사 주관,경인지사_ 안성 2센터,충돌,충돌,개선필요 [하],1.0,수도권 2물류 출입구 램프 반사경 파손으로 보수 필요,즉시처리,설치·구조물,파손 반사경 보수 완료,완료,수도권 2물류 출입구 램프 반사경 파손으로 보수 필요,파손 반사경 보수 완료,,0,1.0,키워드보정,,
560,2026-02-12,2026-02,경인지사,안성 1센터,INSPECTOR_17,EHS팀 선임,지사 주관,경인지사_ 안성 1센터,전도,전도,개선필요 [하],1.0,수도권 1물류 도크레벨러 주위 콘크리트 파손으로 지게차 전도 위험,즉시처리,설치·구조물,도크레벨러 주변 바닥 보수 완료,완료,수도권 1물류 도크레벨러 주위 콘크리트 파손으로 지게차 전도 위험,도크레벨러 주변 바닥 보수 완료,,1,1.0,직접판정,"지게차전도위험, 낮음",
561,2026-02-12,2026-02,경인지사,안성 3센터,INSPECTOR_17,EHS팀 선임,지사 주관,경인지사_ 안성 3센터,정리정돈,정리정돈,개선필요 [하],1.0,미사용 사다리 전개 금지 및 정리정돈 필요,즉시처리,제거·차단,부적합 사다리 폐기 완료,완료,미사용 사다리 전개 금지 및 정리정돈 필요,부적합 사다리 폐기 완료,고소·상부작업,2,3.0,키워드보정,,
562,2026-02-12,2026-02,경인지사,안성 3센터,INSPECTOR_17,EHS팀 선임,지사 주관,경인지사_ 안성 3센터,기타,기타,개선필요 [하],1.0,증류수 과다 보충으로 인하여 충전 시 끓는소리 발생 -> 증류수 감소조치 실행 필요,즉시처리,기타,해당 EPT 공장 입고 및 수리 전까지 다른장비로 대차,완료,"증류수 과다 보충으로 인하여 충전 시 끓는소리 발생
-> 증류수 감소조치 실행 필요",해당 EPT 공장 입고 및 수리 전까지 다른장비로 대차,,0,1.0,직접판정,"증류수 보충, 낮음",
563,2026-02-12,2026-02,전북지사,군산항 부두,INSPECTOR_04,EHS팀 책임,지사 주관,전북지사_ 군산항 부두,화재·폭발,화재,개선필요 [하],1.0,1. 휴게실 내 사용되는 열선난로 부적합 2. 온풍기로 교체 사용 요함,즉시처리,설치·구조물,1. 열선난로 반출 및 온풍기 교체 사용,완료,"[3부두 CY]
1. 휴게실 내 사용되는 열선난로 부적합
2. 온풍기로 교체 사용 요함",1. 열선난로 반출 및 온풍기 교체 사용,,0,1.0,키워드보정,,
564,2026-02-12,2026-02,경남지사,마산항,INSPECTOR_12,EHS팀 책임,지사 주관,경남지사_ 마산항,기타,기타,개선필요 [하],1.0,컴프레셔 취급에 대한 주의 표지 부착 필요.,즉시처리,교육·지도,컴프레셔 보관 구간 취급 주의 사항 표지 부착 완료.,완료,컴프레셔 취급에 대한 주의 표지 부착 필요.  ,컴프레셔 보관 구간 취급 주의 사항 표지 부착 완료.  ,,0,1.0,키워드보정,,
565,2026-02-12,2026-02,부산지사,우암,INSPECTOR_14,EHS팀 선임,지사 주관,부산지사_ 우암,기타,기타,개선필요 [중],2.0,배수로 설치된 H빔 미고정으로 H빔에 걸려 작업자 넘어짐 위험 → H빔 움직이지 않도록 고정 필요,즉시처리,설치·구조물,H빔 움직이지 않도록 고정 완료,완료,배수로 설치된 H빔 미고정으로 H빔에 걸려 작업자 넘어짐 위험 → H빔 움직이지 않도록 고정 필요,H빔 움직이지 않도록 고정 완료,,0,2.0,직접판정,"H빔 미고정, 원등급 유지",
566,2026-02-12,2026-02,부산지사,우암,INSPECTOR_14,EHS팀 선임,지사 주관,부산지사_ 우암,충돌,충돌,개선필요 [중],2.0,화물차량 운전원 안전모 미착용으로 안전수칙 위반 → 안전모 착용할 수 있도록 조치,즉시처리,보호구지급,화물차량 운전원 즉시 안전모 착용 조치 완료,완료,화물차량 운전원 안전모 미착용으로 안전수칙 위반 → 안전모 착용할 수 있도록 조치,화물차량 운전원 즉시 안전모 착용 조치 완료,,0,2.0,직접판정,"안전모미착용, 원등급 유지 (row557과 동일패턴 라벨 불일치 참고)",
567,2026-02-11,2026-02,경남지사,마산항,INSPECTOR_12,EHS팀 책임,지사 주관,경남지사_ 마산항,관리적미흡,관리적 미흡,개선필요 [하],1.0,야적장 휴게공간 상부 캐노피의 천 노후로 인한 찢어짐. 우천시 입구 파렛트에 미끄럼방지 조치되어있으나 환경 개선 조치필요.,즉시처리,설치·구조물,캐노피 타포린 천막 교체 조치 완료.,완료,"야적장 휴게공간 상부 캐노피의 천 노후로 인한 찢어짐.
우천시 입구 파렛트에 미끄럼방지 조치되어있으나 환경 개선 조치필요.",캐노피 타포린 천막 교체 조치 완료.,고소·상부작업,2,3.0,키워드보정,,
568,2026-02-10,2026-02,전북지사,군산항역,INSPECTOR_09,EHS팀 선임,지사 주관,전북지사_ 군산항역,전도,전도,개선필요 [하],1.0,"1. 운송팀 사무실 앞, 근로자 휴게실 인근 보행 동선에 동절기 결빙으로 인한 빙판길 형성으로 넘어짐 발생 위험 2. 제설작업이 필요함",즉시처리,기타,1. 염화칼슘을 활용하여 제설작업 완료,완료,"[운송팀 군산항역]
1. 운송팀 사무실 앞, 근로자 휴게실 인근 보행 동선에 동절기 결빙으로 인한 빙판길 형성으로 넘어짐 발생 위험
2. 제설작업이 필요함",1. 염화칼슘을 활용하여 제설작업 완료,,0,1.0,키워드보정,,
569,2026-02-10,2026-02,전북지사,군산항역,INSPECTOR_09,EHS팀 선임,지사 주관,전북지사_ 군산항역,기타,기타,개선필요 [하],1.0,1. 화물차 운전기사 정차구간에 시인성 확보될 수 있도록 대형 안전보건표지 부착이 필요함,즉시처리,기타,1. 안전보건표지 부착 완료,완료,"[운송팀 군산항역]
1. 화물차 운전기사 정차구간에 시인성 확보될 수 있도록 대형 안전보건표지 부착이 필요함",1. 안전보건표지 부착 완료,,0,1.0,키워드보정,,
570,2026-02-10,2026-02,부산지사,감천,INSPECTOR_14,EHS팀 선임,지사 주관,부산지사_ 감천,관리적미흡,관리적 미흡,개선필요 [하],1.0,소방안전관리자 현황표 등 안전표지 미부착 → 소방안전관리자 현황표 및 관계자 외 접근금지 표지 부착 필요,즉시처리,기타,소방안전관리자 현황표 및 소방시설 관계자 외 접근금지 표지 부착 완료,완료,소방안전관리자 현황표 등 안전표지 미부착 → 소방안전관리자 현황표 및 관계자 외 접근금지 표지 부착 필요,소방안전관리자 현황표 및 소방시설 관계자 외 접근금지 표지 부착 완료,,0,1.0,직접판정,"표지 미부착, 낮음",
571,2026-02-10,2026-02,당진지사,당진지사,INSPECTOR_07,EHS팀 선임,지사 주관,당진지사,온열·온도,온도ㆍ습도,개선필요 [하],1.0,- 유연탄 1부두 배수펌프 배관 동파로 누수 발생 - 정비부서 정비요청 및 점검 진행,즉시처리,설치·구조물,- 유연탄 1부두 배수펌프 배관 정비 완료,완료,"- 유연탄 1부두 배수펌프 배관 동파로 누수 발생
- 정비부서 정비요청 및 점검 진행",- 유연탄 1부두 배수펌프 배관 정비 완료,,0,1.0,키워드보정,,
572,2026-02-10,2026-02,당진지사,당진지사,INSPECTOR_07,EHS팀 선임,지사 주관,당진지사,관리적미흡,관리적 미흡,개선필요 [하],1.0,- 1부두 운전원실 공기호흡기 보관함 분진 제거 필요,즉시처리,제거·차단,- 공기호흡기 보관함 분진제거 및 정리정돈,완료,- 1부두 운전원실 공기호흡기 보관함 분진 제거 필요,- 공기호흡기 보관함 분진제거 및 정리정돈,,0,1.0,직접판정,"분진제거 필요, 낮음",
573,2026-02-09,2026-02,전북지사,전주 동산역,INSPECTOR_09,EHS팀 선임,지사 주관,전북지사_ 전주 동산역,기타,기타,개선필요 [하],1.0,"1. 위험물 저장소 표지 노후화에 따른 교체 필요 2. 해당 위험물 저장소는 위험물이 아닌 폐유 등을 보관하고 있어, 현장 여건을 반영하여 폐유저장소로 변경하여 운영",즉시처리,설치·구조물,1. 폐유저장소로 교체 완료,완료,"[운송팀 동산역]
1. 위험물 저장소 표지 노후화에 따른 교체 필요
2. 해당 위험물 저장소는 위험물이 아닌 폐유 등을 보관하고 있어, 현장 여건을 반영하여 폐유저장소로 변경하여 운영","[운송팀 동산역]
1. 폐유저장소로 교체 완료",,0,1.0,직접판정,"표지노후+용도변경, 낮음",
574,2026-02-09,2026-02,전북지사,전주 동산역,INSPECTOR_09,EHS팀 선임,지사 주관,전북지사_ 전주 동산역,화재·폭발,화재,개선필요 [하],1.0,"1. 흡연구역 주변 소화기 노후화 교체 필요 * 소화기 보관함이 아닌 노출상태로 보관하여, 빠르게 노후화가 되다보니 보관함 설치가 필요 2. 소화기 보관함 설치 필요",즉시처리,설치·구조물,1. 소화기 보관함 설치 완료 2. 노후 소화기 교체 완료,완료,"[운송팀 동산역]
1. 흡연구역 주변 소화기 노후화 교체 필요
  * 소화기 보관함이 아닌 노출상태로 보관하여, 빠르게 노후화가 되다보니 보관함 설치가 필요
2. 소화기 보관함 설치 필요","1. 소화기 보관함 설치 완료
2. 노후 소화기 교체 완료",화기·인화물인근,1,2.0,직접판정,흡연구역 소화기 노출보관(화기인근) → 기본1+가중1=2,
575,2026-02-09,2026-02,전북지사,전주 동산역,INSPECTOR_09,EHS팀 선임,지사 주관,전북지사_ 전주 동산역,기타,기타,개선필요 [하],1.0,"1. 기존 안전계몽 현수막을 지속적으로 게시해왔으나, 화물차 운전원 시선 기준에서 가시성이 낮아 인지 효과가 제한적임을 확인함 2. 현장 여건 및 운전자 동선을 종합 검토한 결과, 운송팀 보유 컨테이너를 활용한 구조물 설치 후 현수막 게시가 가장 효과적인 개선방안으로 도출되어 추진하기로 함",즉시처리,설치·구조물,1. 보유 컨테이너를 활용하여 대형 현수막 설치 완료,완료,"[운송팀 동산역]
1. 기존 안전계몽 현수막을 지속적으로 게시해왔으나, 화물차 운전원 시선 기준에서 가시성이 낮아 인지 효과가 제한적임을 확인함
2. 현장 여건 및 운전자 동선을 종합 검토한 결과, 운송팀 보유 컨테이너를 활용한 구조물 설치 후 현수막 게시가 가장 효과적인 개선방안으로 도출되어 추진하기로 함","[운송팀 동산역]
1. 보유 컨테이너를 활용하여 대형 현수막 설치 완료",,0,1.0,키워드보정,,
576,2026-02-09,2026-02,전북지사,전주 동산역,INSPECTOR_09,EHS팀 선임,지사 주관,전북지사_ 전주 동산역,기타,기타,개선필요 [하],1.0,"1. 기존 출구 방향에 설치된 안전보건표지는 차량 동선 및 운전자 시선 기준에서 시인성이 낮아 신규 표지 제작 후 재부착이 필요함. 2. 해당 작업장은 지게차가 아닌 리치스테커를 운영하는 사업장으로, 현재 부착된 지게차 관련 안전보건표지는 현장 여건과 불일치하여 실제 위험요인을 반영한 리치스테커 전용 표지로 교체가 필요함. 3. 최종 검토 결과 화물차 운전기사의 시인성에 맞도록 대형 표지를 설치하는 사항으로 검토함",즉시처리,기타,1. 시인성에 맞도록 안전보건표지 제작 후 부착 완료,완료,"[운송팀 동산역]
1. 기존 출구 방향에 설치된 안전보건표지는 차량 동선 및 운전자 시선 기준에서 시인성이 낮아 신규 표지 제작 후 재부착이 필요함.
2. 해당 작업장은 지게차가 아닌 리치스테커를 운영하는 사업장으로, 현재 부착된 지게차 관련 안전보건표지는 현장 여건과 불일치하여 실제 위험요인을 반영한 리치스테커 전용 표지로 교체가 필요함.
3. 최종 검토 결과 화물차 운전기사의 시인성에 맞도록 대형 표지를 설치하는 사항으로 검토함",1. 시인성에 맞도록 안전보건표지 제작 후 부착 완료,회전체·협착점인근,1,2.0,키워드보정,,
577,2026-02-09,2026-02,전북지사,군산항 부두,INSPECTOR_04,EHS팀 책임,지사 주관,전북지사_ 군산항 부두,관리적미흡,관리적 미흡,개선필요 [하],1.0,1. 소화전함 인근 파렛트 방치되어 화재발생 시 소화전 사용이 어려움 2. 소화전함 사용에 불편함이 없도록 파렛트 다른곳으로 이동 조치 요함,즉시처리,기타,1. 소화전함 인근 파렛트 이동조치 완료 2. 소화전함 인근에 기타 물건등을 쌓아 놓지 않도록 지속적인 관리 요함,완료,"[5부두 코일창고]
1. 소화전함 인근 파렛트 방치되어 화재발생 시 소화전 사용이 어려움
2. 소화전함 사용에 불편함이 없도록 파렛트 다른곳으로 이동 조치 요함","1. 소화전함 인근 파렛트 이동조치 완료
2. 소화전함 인근에 기타 물건등을 쌓아 놓지 않도록 지속적인 관리 요함",,0,1.0,키워드보정,,
578,2026-02-09,2026-02,경인지사,의왕,INSPECTOR_03,EHS팀 주임,지사 주관,경인지사_ 의왕,기타,기타,개선필요 [하],1.0,의왕사업장 내 게시판 및 벽면 등 '26년 자료로 교체 필요한 게시물이 최신화되어 있지 않음,즉시처리,기타,안전보건목표 및 산업안전보건법령 요지 게시물 '26년 자료로 최신화 완료,진행(조치 후),의왕사업장 내 게시판 및 벽면 등 '26년 자료로 교체 필요한 게시물이 최신화되어 있지 않음,안전보건목표 및 산업안전보건법령 요지 게시물 '26년 자료로 최신화 완료,,0,1.0,키워드보정,,
579,2026-02-09,2026-02,경인지사,의왕,INSPECTOR_03,EHS팀 주임,지사 주관,경인지사_ 의왕,정리정돈,정리정돈,개선필요 [하],1.0,의왕CFS 식품보세창고 휴게실 내 멀티탭 전선이 정리되지 않은 상태로 방치되며 근로자 동선과 겹침,즉시처리,제거·차단,의왕CFS 식품보세창고 휴게실 내 멀티탭 전선이 걸리지 않도록 정리 완료,진행(조치 후),의왕CFS 식품보세창고 휴게실 내 멀티탭 전선이 정리되지 않은 상태로 방치되며 근로자 동선과 겹침,의왕CFS 식품보세창고 휴게실 내 멀티탭 전선이 걸리지 않도록 정리 완료,,0,1.0,키워드보정,,
580,2026-02-09,2026-02,경인지사,의왕,INSPECTOR_03,EHS팀 주임,지사 주관,경인지사_ 의왕,추락,추락,개선필요 [하],1.0,의왕CFS 내 아웃트리거가 미부착된 수직사다리를 보관 중이며 해당 사다리를 이용하여 작업 시 추락의 위험이 높음,즉시처리,기타,아웃트리거가 미부착된 수직사다리 처분 완료,진행(조치 후),의왕CFS 내 아웃트리거가 미부착된 수직사다리를 보관 중이며 해당 사다리를 이용하여 작업 시 추락의 위험이 높음, 아웃트리거가 미부착된 수직사다리 처분 완료,고소·상부작업,2,3.0,직접판정,아웃트리거 미부착 사다리 사용시 추락위험 → 기본1+가중2=3,
581,2026-02-09,2026-02,경인지사,의왕,INSPECTOR_03,EHS팀 주임,지사 주관,경인지사_ 의왕,감전,감전,개선필요 [하],1.0,의왕CY 옥외 휴게실 내 전선 케이블 노후화로 인한 내부 피복 노출에 따른 감전 위험 존재,즉시처리,기타,내부 피복 노출부 전선테이프로 보강 조치 완료,진행(조치 후),의왕CY 옥외 휴게실 내 전선 케이블 노후화로 인한 내부 피복 노출에 따른 감전 위험 존재,내부 피복 노출부 전선테이프로 보강 조치 완료,,0,1.0,키워드보정,,
582,2026-02-09,2026-02,부산지사,우암,INSPECTOR_14,EHS팀 선임,지사 주관,부산지사_ 우암,감전,감전,개선필요 [하],1.0,정비고 내 분전함 관리 미흡 → 분전함 외 감전주의 표지 부착 및 분전함 내 감전 방호조치 필요,즉시처리,교육·지도,분전함 외 감전주의 표지 부착 및 분전함 내 충전부 마감 완료,완료,정비고 내 분전함 관리 미흡 → 분전함 외 감전주의 표지 부착 및 분전함 내 감전 방호조치 필요,분전함 외 감전주의 표지 부착 및 분전함 내 충전부 마감 완료,,0,1.0,키워드보정,,
583,2026-02-09,2026-02,강원지사,동해,INSPECTOR_02,EHS팀 사원,지사 주관,강원지사_ 동해,기타,기타,개선필요 [하],1.0,현문사다리 이동 시 올바르지 않은 이동 및 접근으로 인한 익수 위험 → 접근 및 통제를 위한 안전표지 부착 필요,즉시처리,제거·차단,접근 및 통제를 위한 안전표지 부착 완료,완료,현문사다리 이동 시 올바르지 않은 이동 및 접근으로 인한 익수 위험 → 접근 및 통제를 위한 안전표지 부착 필요,[동해] 접근 및 통제를 위한 안전표지 부착 완료,고소·상부작업,2,3.0,키워드보정,,
584,2026-02-09,2026-02,강원지사,동해,INSPECTOR_02,EHS팀 사원,지사 주관,강원지사_ 동해,전도,전도,개선필요 [하],1.0,본선 내 이동통로의 일부구간 결빙으로 이한 미끄러짐 위험 → 결빙구간 이동제한 또는 제거 필요,즉시처리,제거·차단,해당 결빙구간의 제거 및 조치완료,완료,본선 내 이동통로의 일부구간 결빙으로 이한 미끄러짐 위험 → 결빙구간 이동제한 또는 제거 필요,[동해] 해당 결빙구간의 제거 및 조치완료,,0,1.0,키워드보정,,
585,2026-02-09,2026-02,강원지사,동해,INSPECTOR_02,EHS팀 사원,지사 주관,강원지사_ 동해,추락,추락,개선필요 [하],1.0,작업 인원 중 신호수의 추락위험을 예방하기 위한 안전대 착용 필요 → 안전대의 지급 및 착용 유/무 확인,즉시처리,보호구지급,해당 인원들의 안전대 지급 확인 및 착용 상태 왁인,완료,작업 인원 중 신호수의 추락위험을 예방하기 위한 안전대 착용 필요 → 안전대의 지급 및 착용 유/무 확인,[동해] 해당 인원들의 안전대 지급 확인 및 착용 상태 왁인,,0,1.0,키워드보정,,
586,2026-02-09,2026-02,강원지사,동해,INSPECTOR_02,EHS팀 사원,지사 주관,강원지사_ 동해,추락,추락,개선필요 [하],1.0,현문사다리의 추가적인 고정조치 필요 → 해당 모선 선원에게 고정조치 요청,즉시처리,설치·구조물,현문사다리의 추가적인 고정조치 완료 및 확인,완료,현문사다리의 추가적인 고정조치 필요 → 해당 모선 선원에게 고정조치 요청,[동해] 현문사다리의 추가적인 고정조치 완료 및 확인,고소·상부작업,2,3.0,키워드보정,,
587,2026-02-09,2026-02,강원지사,안인,INSPECTOR_15,EHS팀 선임,지사 주관,강원지사_ 안인,추락,추락,개선필요 [중],2.0,사다리 훼손에 따른 조치 필요,즉시처리,제거·차단,폐기처분 실시,완료,사다리 훼손에 따른 조치 필요,폐기처분 실시,고소·상부작업,2,4.0,키워드보정,,
588,2026-02-09,2026-02,당진지사,당진지사,INSPECTOR_01,EHS팀 주임,지사 주관,당진지사,추락,추락,개선필요 [중],2.0,- 유연탄 1부두 CSU B호기 CHUTE 점검용 사다리 파손으로 안전사고 위험 - 해당부분 정비부서 정비요청 발행 완료. - 임시조치로 출입금지 조치 진행 완료,,미분류,,진행(조치 전),"- 유연탄 1부두 CSU B호기 CHUTE 점검용 사다리 파손으로 안전사고 위험
- 해당부분 정비부서 정비요청 발행 완료.
- 임시조치로 출입금지 조치 진행 완료",,고소·상부작업,2,4.0,키워드보정,,
589,2026-02-09,2026-02,당진지사,당진지사,INSPECTOR_01,EHS팀 주임,지사 주관,당진지사,온열·온도,온도ㆍ습도,개선필요 [하],1.0,- 유연탄 3부두 청수라인 배관 동파로 누수 발생 - 해당부분 정비부서 정비요청 발행 및 02/09 점검 진행. - 결빙으로 인한 정비 불가하여 명일 재정비 예정,,미분류,,진행(조치 전),"- 유연탄 3부두 청수라인 배관 동파로 누수 발생
- 해당부분 정비부서 정비요청 발행 및 02/09 점검 진행.
- 결빙으로 인한 정비 불가하여 명일 재정비 예정",,,0,1.0,키워드보정,,
590,2026-02-06,2026-02,경북지사,포항신항7부두,INSPECTOR_13,EHS팀 선임,지사 주관,경북지사_ 포항신항7부두,관리적미흡,관리적 미흡,개선필요 [하],1.0,분진보관장 출입문 파손에 따른 교체조치 필요,즉시처리,기타,분진보관장 출입문 수리 실시,진행(조치 후),분진보관장 출입문 파손에 따른 교체조치 필요,분진보관장 출입문 수리 실시,,0,1.0,키워드보정,,
591,2026-02-06,2026-02,경북지사,포항신항7부두,INSPECTOR_13,EHS팀 선임,지사 주관,경북지사_ 포항신항7부두,충돌,충돌,개선필요 [하],1.0,복포화물 방치에 따른 정리정돈 필요,즉시처리,기타,방치복포화물 처리 실시 완료,진행(조치 후),복포화물 방치에 따른 정리정돈 필요,방치복포화물 처리 실시 완료,,0,1.0,키워드보정,,
592,2026-02-06,2026-02,전북지사,군산항 부두,INSPECTOR_04,EHS팀 책임,지사 주관,전북지사_ 군산항 부두,관리적미흡,관리적 미흡,개선필요 [하],1.0,1. 검수박스 내 MSDS물질 방치 2. 사용하지 않는 경우 위험물보관장소에 보관 3. 사용 완료한 경우 잔여물 반출 or 폐기 조치 필요,즉시처리,교육·지도,1. MSDS물질 외부 반출 2. 검수박스 내 소화기 비치 3. 지속적 관리토록 지도 및 조언,완료,"[군산항 5부두]
1. 검수박스 내 MSDS물질 방치
2. 사용하지 않는 경우 위험물보관장소에 보관
3. 사용 완료한 경우 잔여물 반출 or 폐기 조치 필요","1. MSDS물질 외부 반출
2. 검수박스 내 소화기 비치
3. 지속적 관리토록 지도 및 조언",,0,1.0,키워드보정,,
593,2026-02-06,2026-02,부산지사,감천,INSPECTOR_08,EHS팀 책임,지사 주관,부산지사_ 감천,기타,기타,개선필요 [중],2.0,사업장 출입차량 운전원 안전모 미착용 (사업장내 안전보건수칙 미준수) -> 현장 즉시 안전모 착용 지도 조치,즉시처리,교육·지도,차량 운전원 안전모 착용 지도 조치 완료,완료,"사업장 출입차량 운전원 안전모 미착용 (사업장내 안전보건수칙 미준수)
-> 현장 즉시 안전모 착용 지도 조치",차량 운전원 안전모 착용 지도 조치 완료,,0,2.0,키워드보정,,
594,2026-02-06,2026-02,당진지사,당진지사,INSPECTOR_07,EHS팀 선임,지사 주관,당진지사,관리적미흡,관리적 미흡,개선필요 [하],1.0,- 부두 정비작업후 폐자재 방치 - 정비업체 폐자재 정리정돈 요청,즉시처리,설치·구조물,- 부두 정비작업후 폐자재 정리정돈 완료,완료,"- 부두 정비작업후 폐자재 방치
- 정비업체 폐자재 정리정돈 요청",- 부두 정비작업후 폐자재 정리정돈 완료,,0,1.0,키워드보정,,
595,2026-02-05,2026-02,전북지사,군산항역,INSPECTOR_09,EHS팀 선임,지사 주관,전북지사_ 군산항역,화재·폭발,화재,개선필요 [하],1.0,1. 옥외소화전송수관 허용압력 표지 누락되어 부착이 필요함 2. 7부두 운영(주) 담당자에게 해당 내용 요청 (2월 중 조치 예정),즉시처리,점검·확인,1. 옥외소화전 송수관 허용압력 표지 부착 완료 2. 7부두운영(주) 담당자와 현장 합동점검 실시,완료,"[7부두 71번창고]
1. 옥외소화전송수관 허용압력 표지 누락되어 부착이 필요함
2. 7부두 운영(주) 담당자에게 해당 내용 요청 (2월 중 조치 예정)","1. 옥외소화전 송수관 허용압력 표지 부착 완료
2. 7부두운영(주) 담당자와 현장 합동점검 실시",,0,1.0,키워드보정,,
596,2026-02-05,2026-02,광양지사,태인동,INSPECTOR_10,EHS팀 책임,지사 주관,광양지사_ 태인동,화재·폭발,화재,개선필요 [하],1.0,"1.창고 내 전기선(멀티탭 등)이 무질서하게 배치되어 엉켜있음 2.먼지, 분진이 다량 축적되어 합선 및 스타크 발생 시 화재 위험 높음 1. 먼지 및 분지 청소 실시 (주기적 관리 필요) 2. 전선 피복 및 접속부 점검 후 불량 시 교체 요함.",즉시처리,점검·확인,"전기배선(멀티탭 포함) 주변 먼지 청소 완료 전기배선 상태를 육안 점검 결과, 피복 손상 및 접속부 이상은 확인되지 않음. 화재 위험 방지를 위해 정기적으로 청소 예정",완료,"<내용>
1.창고 내 전기선(멀티탭 등)이 무질서하게 배치되어 엉켜있음 
2.먼지, 분진이 다량 축적되어 합선 및 스타크 발생 시 화재 위험 높음
<요청사항>
1. 먼지 및 분지 청소 실시 (주기적 관리 필요)   
2. 전선 피복 및 접속부 점검 후 불량 시 교체 요함.","전기배선(멀티탭 포함) 주변 먼지 청소 완료
전기배선 상태를 육안 점검 결과, 피복 손상 및 접속부 이상은 확인되지 않음.
화재 위험 방지를 위해 정기적으로 청소 예정",,0,1.0,키워드보정,,
597,2026-02-05,2026-02,광양지사,태인동,INSPECTOR_10,EHS팀 책임,지사 주관,광양지사_ 태인동,화재·폭발,화재,개선필요 [중],2.0,1.사용하지 않는 가스레인지가 보관되어 있음. (사무공간 내 불필요함 위험요인으로 판단됨) 1. 철거 요함,즉시처리,제거·차단,탕비실 가스레인지 철거 완료,완료,"<내용>
1.사용하지 않는 가스레인지가 보관되어 있음. (사무공간 내 불필요함 위험요인으로 판단됨)
<요청사항>
1. 철거 요함",탕비실 가스레인지 철거 완료,,0,2.0,키워드보정,,
598,2026-02-05,2026-02,경남지사,마산항,INSPECTOR_12,EHS팀 책임,지사 주관,경남지사_ 마산항,충돌,충돌,개선필요 [하],1.0,한일건기 협력사 지게차장비 충돌 위험표지 탈락. (장비후면 도색으로 인한제거),즉시처리,기타,지게차 안전 표지 부착 완료.,완료,"한일건기  협력사 지게차장비 충돌 위험표지 탈락.
(장비후면 도색으로 인한제거)",지게차 안전 표지 부착 완료.,회전체·협착점인근,1,2.0,키워드보정,,
599,2026-02-05,2026-02,강원지사,안인,INSPECTOR_15,EHS팀 선임,지사 주관,강원지사_ 안인,추락,추락,개선필요 [하],1.0,안전블럭 훼손에 따른 교체 필요,즉시처리,설치·구조물,안전블럭 교체 완료,완료,안전블럭 훼손에 따른 교체 필요,안전블럭 교체 완료,,0,1.0,키워드보정,,
600,2026-02-05,2026-02,당진지사,당진지사,INSPECTOR_01,EHS팀 주임,지사 주관,당진지사,관리적미흡,관리적 미흡,개선필요 [하],1.0,- 유연탄 3부두 배수상태 및 주변 정리정돈 상태 불량,즉시처리,제거·차단,- 배수로 주변 정리정돈 및 배수펌프 정상 작동상태 확인 완.,완료,- 유연탄 3부두 배수상태 및 주변 정리정돈 상태 불량,- 배수로 주변 정리정돈 및 배수펌프 정상 작동상태 확인 완.,,0,1.0,직접판정,"배수·정리정돈불량, 낮음",
601,2026-02-05,2026-02,당진지사,당진지사,INSPECTOR_01,EHS팀 주임,지사 주관,당진지사,정리정돈,정리정돈,개선필요 [하],1.0,"- 유연탄 1부두 CSU 자재 방치, 정리정돈 상태 불량",,미분류,,진행(조치 전),"- 유연탄 1부두 CSU 자재 방치, 정리정돈 상태 불량",,,0,1.0,직접판정,"자재방치, 낮음",
602,2026-02-04,2026-02,경북지사,포항신항7부두,INSPECTOR_13,EHS팀 선임,지사 주관,경북지사_ 포항신항7부두,관리적미흡,관리적 미흡,개선필요 [하],1.0,72번선석 야적장 내 분진 과다 축적에 따른 청소 필요,즉시처리,기타,7부두 분진 청소 실시 (분진흡입차량 청소실시),진행(조치 후),72번선석 야적장 내 분진 과다 축적에 따른 청소 필요,7부두 분진 청소 실시 (분진흡입차량 청소실시),,0,1.0,직접판정,"분진축적, 낮음",
603,2026-02-04,2026-02,경북지사,포항신항7부두,INSPECTOR_13,EHS팀 선임,지사 주관,경북지사_ 포항신항7부두,관리적미흡,관리적 미흡,개선필요 [하],1.0,하역팀 도구방 내 먼지 및 분진유입 과다에 따른 청소 필요,즉시처리,기타,도구방 입구 바닥 청소 실시 완료,진행(조치 후),하역팀 도구방 내 먼지 및 분진유입 과다에 따른 청소 필요,도구방 입구 바닥 청소 실시 완료,,0,1.0,키워드보정,,
604,2026-02-04,2026-02,전북지사,군산항 부두,INSPECTOR_09,EHS팀 선임,지사 주관,전북지사_ 군산항 부두,화재·폭발,화재,개선필요 [하],1.0,1. 근로자 휴게실 냉난방기 작동 후 퇴근 시 과열로 인한 화재 발생 위험으로 타이머 등 설치가 필요함,즉시처리,설치·구조물,1. 근로자 휴게실 냉난방기 화재예방을 위한 타이머 설치 완료,완료,"[7부두 근로자 휴게실]
1. 근로자 휴게실 냉난방기 작동 후 퇴근 시 과열로 인한 화재 발생 위험으로 타이머 등 설치가 필요함",1. 근로자 휴게실 냉난방기 화재예방을 위한 타이머 설치 완료,,0,1.0,직접판정,"냉난방기 과열, 원등급 유지",
605,2026-02-04,2026-02,전북지사,군산항 부두,INSPECTOR_04,EHS팀 책임,지사 주관,전북지사_ 군산항 부두,충돌,충돌,개선필요 [하],1.0,"1. 로그로더 원목 상차 작업 일시 작업 중지 2. 주치위반 차량 이동조치 할때 까지 작업 대기 3. 원목 상차 작업 중 장비와의 충돌위험, 원목 낙하시의 충돌위험, 차량 탑승시 근로자 충돌위험 4. 주차 위반차량 이동 조치 요청하여 차량 이동 조치 후 작업 재개할 것",즉시처리,교육·지도,1. 항운노조의 차량으로 확인되어 즉시 이동 조치 2. 지정된 주차구역에 주차토록 교육 3. 육상담당자는 해당 작업시 현장 상황을 확인 후 사전에 조치가 되도록 관리감독,완료,"[군산항 7부두]
1. 로그로더 원목 상차 작업 일시 작업 중지
2. 주치위반 차량 이동조치 할때 까지 작업 대기
3. 원목 상차 작업 중 장비와의 충돌위험, 원목 낙하시의 충돌위험, 차량 탑승시 근로자 충돌위험
4. 주차 위반차량 이동 조치 요청하여 차량 이동 조치 후 작업 재개할 것","1. 항운노조의 차량으로 확인되어 즉시 이동 조치
2. 지정된 주차구역에 주차토록 교육
3. 육상담당자는 해당 작업시 현장 상황을 확인 후 사전에 조치가 되도록 관리감독",,0,1.0,키워드보정,,
606,2026-02-04,2026-02,경남지사,중량(육송),INSPECTOR_12,EHS팀 책임,지사 주관,경남지사_ 중량(육송),충돌,충돌,개선필요 [하],1.0,"차량, 장비등 충돌사고 예방을 위한 시인성 확보 차원에서 안전모에 반사띠 부착 조치(중량팀 이동찬 기술사원 의견)",즉시처리,보호구지급,안전모 반사띠 부착 완료.,완료,"차량, 장비등 충돌사고 예방을 위한 시인성 확보 차원에서 안전모에 반사띠 부착 조치(중량팀 이동찬 기술사원 의견) ",안전모 반사띠 부착 완료.,,0,1.0,키워드보정,,
607,2026-02-04,2026-02,경남지사,마산항,INSPECTOR_12,EHS팀 책임,지사 주관,경남지사_ 마산항,추락,추락,개선필요 [하],1.0,마산항4부두 에이프런에 야적된 선적 예정 화물 상부 외부 근로자 보호구 미착용. 보호구 착용 조치.,즉시처리,설치·구조물,보호구 착용 안내 조치. ※ 해당 작업은 운송 및 지게차로 에이프런에 적재하는 과정에서 발생한 화물 고정상태의 수정을 위한 작업으로 한맥중공업의 요청으로 수정 업무 수행 (해당 작업에 대해 당사와 계약관계 없음),완료,"마산항4부두 에이프런에 야적된 선적 예정 화물 상부 외부 근로자 보호구 미착용. 
보호구 착용 조치.  ","보호구 착용 안내 조치.
※ 해당 작업은 운송 및 지게차로 에이프런에 적재하는 과정에서 발생한 화물 고정상태의 수정을 위한 작업으로 
한맥중공업의 요청으로 수정 업무 수행 (해당 작업에 대해 당사와 계약관계 없음) ",고소·상부작업,2,3.0,키워드보정,,
608,2026-02-04,2026-02,경남지사,사무실,INSPECTOR_12,EHS팀 책임,지사 주관,경남지사_ 사무실,기타,기타,개선필요 [하],1.0,자재 창고 내부 미사용 윤활유 용기 5단 적재 보관하고 있음. 인력으로 입출고 등 작업시 높이로 인해 화물 전도로 인한 사고 및 요통 발생 등의 위험 있으니 용기의 적재 높이 조정 필요.,즉시처리,기타,미사용 윤활유 보관 높이 제한 조치.,완료,"자재 창고 내부 미사용 윤활유 용기 5단 적재 보관하고 있음.
인력으로 입출고 등 작업시 높이로 인해 화물 전도로 인한 사고 및 요통 발생 등의 위험 있으니 용기의 적재 높이 조정 필요.
 
",미사용 윤활유 보관 높이 제한 조치.,,0,1.0,키워드보정,,
609,2026-02-04,2026-02,당진지사,당진지사,INSPECTOR_07,EHS팀 선임,지사 주관,당진지사,관리적미흡,관리적 미흡,개선필요 [하],1.0,3부두 안전표지 훼손으로 교체 필요,즉시처리,설치·구조물,3부두 안전표지 교체,완료,3부두 안전표지 훼손으로 교체 필요,3부두 안전표지 교체,,0,1.0,키워드보정,,
610,2026-02-03,2026-02,당진지사,당진지사,INSPECTOR_01,EHS팀 주임,지사 주관,당진지사,낙하·비래·붕괴,낙하ㆍ붕괴,개선필요 [하],1.0,유연탄 2부두 본선 이격으로 인한 승하선기 낙하 위험,즉시처리,기타,- 승하선기 회수 및 본선측 요청하여 조정 완료,완료,유연탄 2부두 본선 이격으로 인한 승하선기 낙하 위험,- 승하선기 회수 및 본선측 요청하여 조정 완료,,0,1.0,키워드보정,,
611,2026-02-02,2026-02,전북지사,군산항 부두,INSPECTOR_09,EHS팀 선임,지사 주관,전북지사_ 군산항 부두,기타,기타,개선필요 [하],1.0,1. 세네보겐 등 유압유 유출 시 즉시 방재작업을 실시할 수 있는 흡착포 등 구비 필요,즉시처리,기타,1. 흡착포 추가 구비 후 현장에 비치 완료,완료,"[군산항 23번 선석]
1. 세네보겐 등 유압유 유출 시 즉시 방재작업을 실시할 수 있는 흡착포 등 구비 필요","[군산항 23번 선석]
1. 흡착포 추가 구비 후 현장에 비치 완료",,0,1.0,키워드보정,,
612,2026-02-02,2026-02,전북지사,군산항 부두,INSPECTOR_04,EHS팀 책임,지사 주관,전북지사_ 군산항 부두,감전,감전,개선필요 [중],2.0,1. 코일창고 인근 변압기의 휀스 파손상태로 방치 2. 제3자 및 관계자외의 출입에 의한 감전 위험 3. 파손된 휀스 재설치 요함,즉시처리,설치·구조물,1. 파손된 휀스 정상적으로 설치 완료,완료,"[군산항 5부두]
1. 코일창고 인근 변압기의 휀스 파손상태로 방치
2. 제3자 및 관계자외의 출입에 의한 감전 위험
3. 파손된 휀스 재설치 요함",1. 파손된 휀스 정상적으로 설치 완료,,0,2.0,키워드보정,,
613,2026-02-02,2026-02,강원지사,동해,INSPECTOR_02,EHS팀 사원,지사 주관,강원지사_ 동해,화재·폭발,화재,개선필요 [하],1.0,측정기 및 무전기 충전 멀티탭 화재 예방을 위한 추가 예방 조치 필요 → 화재예방 패치를 부착하여 화재 미연에 방지,즉시처리,기타,화재예방 패치 부착 완료,완료,측정기 및 무전기 충전 멀티탭 화재 예방을 위한 추가 예방 조치 필요 → 화재예방 패치를 부착하여 화재 미연에 방지,[동해] 화재예방 패치 부착 완료,,0,1.0,키워드보정,,
614,2026-02-02,2026-02,강원지사,안인,INSPECTOR_15,EHS팀 선임,지사 주관,강원지사_ 안인,화재·폭발,화재,개선필요 [하],1.0,소화기 월간 점검표 부착 필요(권고),즉시처리,점검·확인,점검표 부착 및 점검 진행 중,완료,소화기 월간 점검표 부착 필요(권고),점검표 부착 및 점검 진행 중,화기·인화물인근,1,2.0,키워드보정,,
615,2026-02-02,2026-02,당진지사,당진지사,INSPECTOR_01,EHS팀 주임,지사 주관,당진지사,추락,추락,개선필요 [중],2.0,- CSU A호기 BOOM 이동발판 탈락으로 안전사고 위험 - 통행금지 조치 및 정비 요청 진행 완료,즉시처리,설치·구조물,"- 이동발판 정비 완료, 발판 청소작업 진행 예정.",완료,"- CSU A호기 BOOM 이동발판 탈락으로 안전사고 위험
- 통행금지 조치 및 정비 요청 진행 완료","- 이동발판 정비 완료,  발판 청소작업 진행 예정.",다수인원노출,1,3.0,키워드보정,,
616,2026-02-02,2026-02,경북지사,문덕,INSPECTOR_13,EHS팀 선임,지사 주관,경북지사_ 문덕,관리적미흡,관리적 미흡,개선필요 [하],1.0,문덕창고 11번창고 옆 안전표지 노후화에 따른 교체 필요,즉시처리,제거·차단,노후 안전표지판 제거조치 및 12대 안전보건기본수칙 신규 부착,진행(조치 후),문덕창고 11번창고 옆 안전표지 노후화에 따른 교체 필요,노후 안전표지판 제거조치 및 12대 안전보건기본수칙 신규 부착,,0,1.0,키워드보정,,
617,2026-02-01,2026-02,전북지사,군산항역,INSPECTOR_04,EHS팀 책임,지사 주관,전북지사_ 군산항역,감전,감전,개선필요 [하],1.0,1. 근로자 휴게실 내 분전함 없이 전선이 노출되어 누전차단기에 결속되어 취급 중 감전위험 2. 노출된 전선과 누전차단기를 분전함 내에 설치하여 전선이 노출 되지 않도록 조치 요함,중장기(계획),설치·구조물,1. 누전차단기 충전부 임의 크기의 아크릴 설치하여 조치 → 감전주의 표지 부착 예정 2. 커버가 있는 전기함 구매 단계 확인 3. 전기함으로 설치 완료 후 개선사진 추가 등록 예정,완료,"[군산항역]
1. 근로자 휴게실 내 분전함 없이 전선이 노출되어 누전차단기에 결속되어 취급 중 감전위험
2. 노출된 전선과 누전차단기를 분전함 내에 설치하여 전선이 노출 되지 않도록 조치 요함","1. 누전차단기 충전부 임의 크기의 아크릴 설치하여 조치 → 감전주의 표지 부착 예정
2. 커버가 있는 전기함 구매 단계 확인
3. 전기함으로 설치 완료 후 개선사진 추가 등록 예정",,0,1.0,키워드보정,,
618,2026-02-01,2026-02,전북지사,군장신항만,INSPECTOR_04,EHS팀 책임,지사 주관,전북지사_ 군장신항만,관리적미흡,관리적 미흡,개선필요 [하],1.0,1. 위험물 취급설비 주변의 접근통제 서포트 일부 미설치 2. PIT는 철판 덮개로 막았으나 접근통제용 서포트 일부 설치가 되지 않아 관계자외 접근으로 PIT상부로 지나다닐 수 있음 3. 미절치된 서포트를 설치하시기 바랍니다,즉시처리,설치·구조물,1. 서포트 설치 완료 2. 지속적인 관리 요함,완료,"[군장신항만]
1. 위험물 취급설비 주변의 접근통제 서포트 일부 미설치
2. PIT는 철판 덮개로 막았으나 접근통제용 서포트 일부 설치가 되지 않아 관계자외 접근으로 PIT상부로 지나다닐 수 있음
3. 미절치된 서포트를 설치하시기 바랍니다","1. 서포트 설치 완료
2. 지속적인 관리 요함",고소·상부작업,2,3.0,키워드보정,,
619,2026-02-01,2026-02,전북지사,군산항역,INSPECTOR_04,EHS팀 책임,지사 주관,전북지사_ 군산항역,화재·폭발,화재,개선필요 [하],1.0,1. 흡연부스 내 흡연 후 담배꽁초 바닥에 버림 2. 담배꽁초 버리는 주변 인화성인 쓰레기봉투 비치하여 담배꽁초를 잘못 버릴시 화재위험 3. 흡연부스 내 쓰레기 봉투 이적 관리 or 밖에 보관 필요 4. 바닥의 담배꽁초 정리 및 담배꽁초 버릴시 스틸재털이에 정확히 버리도로 교육하고 관리요함,즉시처리,기타,1. 흡연부스 내 쓰레기 봉투와 이격 관리 2. 흡연부스 바닥 청소 완료 3. 담배꽁초에 의한 화재가 발생되지 않도록 지속적 관리감독 시행,완료,"[군산항역]
1. 흡연부스 내 흡연 후 담배꽁초 바닥에 버림
2. 담배꽁초 버리는 주변 인화성인 쓰레기봉투 비치하여 담배꽁초를 잘못 버릴시 화재위험
3. 흡연부스 내 쓰레기 봉투 이적 관리 or 밖에 보관 필요
4. 바닥의 담배꽁초 정리 및 담배꽁초 버릴시 스틸재털이에 정확히 버리도로 교육하고 관리요함","1. 흡연부스 내 쓰레기 봉투와 이격 관리
2. 흡연부스 바닥 청소 완료
3. 담배꽁초에 의한 화재가 발생되지 않도록 지속적 관리감독 시행",화기·인화물인근,0,2.0,직접판정,흡연부스 꽁초+인화성쓰레기봉투 → 기본1+가중1=2,
620,2026-02-01,2026-02,강원지사,안인,INSPECTOR_15,EHS팀 선임,지사 주관,강원지사_ 안인,화재·폭발,화재,개선필요 [하],1.0,전기 파넬 내 가연성 물질 발견,즉시처리,제거·차단,제거완료,완료,전기 파넬 내 가연성 물질 발견,제거완료,,0,1.0,키워드보정,,
621,2026-02-01,2026-02,당진지사,당진지사,INSPECTOR_07,EHS팀 선임,지사 주관,당진지사,전도,전도,개선필요 [중],2.0,- 본선 해치커버 적설로 인한 이동중 넘어짐 위험,즉시처리,기타,- 본선 해치커버 제설 완료,완료,- 본선 해치커버 적설로 인한 이동중 넘어짐 위험,- 본선 해치커버 제설 완료,,0,2.0,직접판정,"적설로 인한 넘어짐, 원등급 유지",
622,2026-02-01,2026-02,당진지사,당진지사,INSPECTOR_07,EHS팀 선임,지사 주관,당진지사,화재·폭발,화재,개선필요 [하],1.0,- 사무동 안전화 건조기 상부 안전화 보관으로 인한 화재 위험,즉시처리,제거·차단,- 안전화 건조기 상부 정리정돈 완료,완료,- 사무동 안전화 건조기 상부 안전화 보관으로 인한 화재 위험,- 안전화 건조기 상부 정리정돈 완료,고소·상부작업,2,3.0,키워드보정,,
623,2026-02-01,2026-02,당진지사,당진지사,INSPECTOR_07,EHS팀 선임,지사 주관,당진지사,화재·폭발,화재,개선필요 [하],1.0,- 2부두 항운노조 환복실 미사용 콘센트 노출 - 콘센트 내 분진 유입으로 화재 위험,즉시처리,기타,- 2부두 항운노조 환복실 미사용 콘센트 커버 부착,완료,"- 2부두 항운노조 환복실 미사용 콘센트 노출
- 콘센트 내 분진 유입으로 화재 위험",- 2부두 항운노조 환복실 미사용 콘센트 커버 부착,,0,1.0,키워드보정,,
624,2026-02-01,2026-02,당진지사,당진지사,INSPECTOR_07,EHS팀 선임,지사 주관,당진지사,화재·폭발,화재,개선필요 [하],1.0,- 1부두 이동식운전원실 전원선 연결 콘센트 훼손 - 훼손 콘센트 사용시 누전으로 화재 위험,즉시처리,설치·구조물,- 1부두 이동식운전원실 전원선 연결 콘센트 교체,완료,"- 1부두 이동식운전원실 전원선 연결 콘센트 훼손
- 훼손 콘센트 사용시 누전으로 화재 위험",- 1부두 이동식운전원실 전원선 연결 콘센트 교체,,0,1.0,키워드보정,,
625,2026-02-01,2026-02,경북지사,문덕,INSPECTOR_13,EHS팀 선임,지사 주관,경북지사_ 문덕,화재·폭발,화재,개선필요 [하],1.0,미사용 전열기 코드분리 미실시,즉시처리,제거·차단,미사용 전열기 전원 차단 조치,진행(조치 후),미사용 전열기 코드분리 미실시,미사용 전열기 전원 차단 조치,,0,1.0,키워드보정,,
626,2026-02-01,2026-02,경북지사,포스코 내,INSPECTOR_13,EHS팀 선임,지사 주관,경북지사_ 포스코 내,화재·폭발,화재,개선필요 [하],1.0,사무실 내 엔진오일 보관에 따른 유류위험물 보관 불량,즉시처리,기타,유류는 사무실 내부가 아닌 유류보관소에 상시 보관 실시,진행(조치 후),사무실 내 엔진오일 보관에 따른 유류위험물 보관 불량,유류는 사무실 내부가 아닌 유류보관소에 상시 보관 실시,,0,1.0,키워드보정,,
627,2026-01-30,2026-01,경인지사,안성 3센터,INSPECTOR_17,EHS팀 선임,지사 주관,경인지사_ 안성 3센터,기타,기타,개선필요 [하],1.0,산업용리프트 최초 안전검사 실시 도래에 따른 검사 필요,즉시처리,기타,"식당 0.1톤 산업용리프트 최초 안전검사 신청 완료, 2월 中 검사 예정",완료,산업용리프트 최초 안전검사 실시 도래에 따른 검사 필요,"식당 0.1톤 산업용리프트 최초 안전검사 신청 완료, 2월 中 검사 예정",,0,1.0,직접판정,"안전검사 도래, 낮음",
628,2026-01-30,2026-01,경인지사,안성 3센터,INSPECTOR_17,EHS팀 선임,지사 주관,경인지사_ 안성 3센터,관리적미흡,관리적 미흡,개선필요 [하],1.0,"일별 관리 체크리스트 작성 미흡 -> 1/14 이후 작성 미흡 -> 작업종료 후 전열기구 OFF, 랙 시설물 파손 유무 등 확인 점검 필요",즉시처리,점검·확인,일별 관리체크리스트 작성 확인,완료,"일별 관리 체크리스트 작성 미흡
-> 1/14 이후 작성 미흡
-> 작업종료 후 전열기구 OFF,  랙 시설물 파손 유무 등 확인 점검 필요",일별 관리체크리스트 작성 확인,,0,1.0,키워드보정,,
629,2026-01-30,2026-01,경인지사,안성 3센터,INSPECTOR_17,EHS팀 선임,지사 주관,경인지사_ 안성 3센터,관리적미흡,관리적 미흡,개선필요 [하],1.0,전기실 내 건축보수용 자재(에폭시 등) 이동조치 필요,즉시처리,설치·구조물,건축보수용 자재 반출 완료,완료,전기실 내 건축보수용 자재(에폭시 등) 이동조치 필요,건축보수용 자재 반출 완료,,0,1.0,키워드보정,,
630,2026-01-30,2026-01,경인지사,안성 1센터,INSPECTOR_17,EHS팀 선임,지사 주관,경인지사_ 안성 1센터,전도,전도,개선필요 [하],1.0,보행자통로 지장물 간섭으로 이동조치 필요,즉시처리,점검·확인,보행자통로 지장물 이동 확인,완료,보행자통로 지장물 간섭으로 이동조치 필요,보행자통로 지장물 이동 확인,,0,1.0,키워드보정,,
631,2026-01-30,2026-01,전북지사,군산항 부두,INSPECTOR_04,EHS팀 책임,지사 주관,전북지사_ 군산항 부두,관리적미흡,관리적 미흡,개선필요 [하],1.0,[군산항 7부두 - 항운노조 현장 의견청취 사항] 1. 항내 벌크류 화물 작업시 사용되는 호퍼 내 근로자 부스의 보수 필요 2. 부스의 외부 아크릴 파손 3. 파손에 따른 화물의 비산물이 부스 내로 들어와 환경요인으로 인한 호흡기 질환 등의 문제 발생,중장기(계획),설치·구조물,"1. 기존 사용 호퍼에 대한 협의 진행 2. 근로자 시야확보 필요부 확인 및 해당 부위 투명판으로 부착 3. 입구에 대해 좌,우측으로 문 2개 확보 4. 파손이 되지 않은 아크릴에 대해 사용하고, 파손된부위에 대해서 교체 실시 5. 대한통운, 동방, 세방의 3사 해당사항으로 협의 진행 예정",완료,"[군산항 7부두 - 항운노조 현장 의견청취 사항]
1. 항내 벌크류 화물 작업시 사용되는 호퍼 내 근로자 부스의 보수 필요
2. 부스의 외부 아크릴 파손
3. 파손에 따른 화물의 비산물이 부스 내로 들어와 환경요인으로 인한 호흡기 질환 등의 문제 발생","1. 기존 사용 호퍼에 대한 협의 진행
2. 근로자 시야확보 필요부 확인 및 해당 부위 투명판으로 부착
3. 입구에 대해 좌,우측으로 문 2개 확보
4. 파손이 되지 않은 아크릴에 대해 사용하고, 파손된부위에 대해서 교체 실시
5. 대한통운, 동방, 세방의 3사 해당사항으로 협의 진행 예정",,0,1.0,키워드보정,,
632,2026-01-30,2026-01,부산지사,용당,INSPECTOR_14,EHS팀 선임,지사 주관,부산지사_ 용당,추락,추락,개선필요 [중],2.0,화물차 운전원 적재함 상부에서 안전모 미착용 → 안전모 착용 및 미착용 시 작업금지 필요,즉시처리,교육·지도,즉시 안전모 착용 조치 및 익일 TBM시 안전교육 요청,완료,화물차 운전원 적재함 상부에서 안전모 미착용 → 안전모 착용 및 미착용 시 작업금지 필요,즉시 안전모 착용 조치 및 익일 TBM시 안전교육 요청,고소·상부작업,2,4.0,키워드보정,,
633,2026-01-30,2026-01,당진지사,당진지사,INSPECTOR_07,EHS팀 선임,지사 주관,당진지사,감전,감전,개선필요 [하],1.0,1부두 환복실 배전반 감전주의 표지 탈락,즉시처리,교육·지도,배전반 감전주의 표지 부착,완료,1부두 환복실 배전반 감전주의 표지 탈락,배전반 감전주의 표지 부착,충전부·고압인근,2,3.0,키워드보정,,
634,2026-01-30,2026-01,당진지사,당진지사,INSPECTOR_07,EHS팀 선임,지사 주관,당진지사,관리적미흡,관리적 미흡,개선필요 [하],1.0,부두 옥외소화전에 부착된 소화전 점검표 훼손,즉시처리,설치·구조물,옥외소화전 점검표 교체,완료,부두 옥외소화전에 부착된 소화전 점검표 훼손,옥외소화전 점검표 교체,,0,1.0,키워드보정,,
635,2026-01-30,2026-01,당진지사,당진지사,INSPECTOR_01,EHS팀 주임,지사 주관,당진지사,추락,추락,개선필요 [중],2.0,CSU 운전원 해치커버 상부에서 작업간 안전대 착용상태 불량,즉시처리,보호구지급,작업 즉시 정지 및 안전대 착용 상태 확인 후 작업 재개,완료,CSU 운전원 해치커버 상부에서 작업간 안전대 착용상태 불량,작업 즉시 정지 및 안전대  착용 상태 확인 후 작업 재개,고소·상부작업,2,4.0,직접판정,해치커버 상부작업+안전대착용불량 → 기본2+가중2=4,
636,2026-01-29,2026-01,경인지사,안성 3센터,INSPECTOR_17,EHS팀 선임,지사 주관,경인지사_ 안성 3센터,관리적미흡,관리적 미흡,개선필요 [하],1.0,"산업용 제습기 이용수칙 부착 필요 (사용시간, 수리 시 관리자 허가, 임의작업 금지 등)",즉시처리,기타,산업용 제습기 이용수칙 게시완료,완료,"산업용 제습기 이용수칙 부착 필요
(사용시간, 수리 시 관리자 허가, 임의작업 금지 등)",산업용 제습기 이용수칙 게시완료,,0,1.0,키워드보정,,
637,2026-01-29,2026-01,경인지사,안성 3센터,INSPECTOR_17,EHS팀 선임,지사 주관,경인지사_ 안성 3센터,충돌,충돌,개선필요 [하],1.0,랙 코너부분 충돌방지 볼라드 설치 필요,즉시처리,설치·구조물,충돌방지용 볼라드 설치 완료,완료,랙 코너부분 충돌방지 볼라드 설치 필요,충돌방지용 볼라드 설치 완료,,0,1.0,키워드보정,,
638,2026-01-29,2026-01,광양지사,롯데센터,INSPECTOR_10,EHS팀 책임,지사 주관,광양지사_ 롯데센터,화재·폭발,화재,개선필요 [하],1.0,"1.리튬배터리 충전시설 화재 시, 빠른 연소 확산 위험이 높아 초기 감지가 중요 2.자동확산소화기 설치와 별도로, 야간 화재 초기 단계에서 인지 가능한 감지체계 필요 1. 리튬지게차 충전설비가 기존 불꽃감지기 감시 범위에 포함되는지 확인 필요 2. 감시 범위 미 포함시, 불꽃감자기 각도,위치 조정으로 충전설비를 직접 감시하도록 조치 필요",즉시처리,설치·구조물,"리튬지게차 충전설비를 창고 외부로 이전 설치함으로써, 충전 과정에서 발생할 수 있는 화재 위험 요소를 제거하고 창고 내 화재 예방 조치를 완료하였습니다.",완료,"<내용>
1.리튬배터리 충전시설 화재 시, 빠른 연소 확산 위험이 높아 초기 감지가 중요
2.자동확산소화기 설치와 별도로, 야간 화재 초기 단계에서 인지 가능한 감지체계 필요
<요청사항>
1. 리튬지게차 충전설비가 기존 불꽃감지기 감시 범위에 포함되는지 확인 필요
2. 감시 범위 미 포함시, 불꽃감자기 각도,위치 조정으로 충전설비를 직접 감시하도록 조치 필요","리튬지게차 충전설비를 창고 외부로 이전 설치함으로써, 충전 과정에서 발생할 수 있는 화재 위험 요소를 제거하고 창고 내 화재 예방 조치를 완료하였습니다.",화기·인화물인근,2,2.0,직접판정,리튬배터리 충전시설 화재위험 → 기본1+가중1=2,
639,2026-01-29,2026-01,경인지사,의왕,INSPECTOR_03,EHS팀 주임,지사 주관,경인지사_ 의왕,충돌,충돌,개선필요 [하],1.0,CFS보세창고 신규 임대 지게차 외측에 작업반경 접근금지 등 경고표지가 부착되지 않아 인근 작업자가 위험성에 대한 인지 미흡의 우려가 있음,즉시처리,교육·지도,"CFS보세창고 내 신규 임대장비 3대(지게차 2대, 스태커 1대) 대상 경고표지 및 장비관리표지 부착 완료",진행(조치 후),CFS보세창고 신규 임대 지게차 외측에 작업반경 접근금지 등 경고표지가 부착되지 않아 인근 작업자가 위험성에 대한 인지 미흡의 우려가 있음,"CFS보세창고 내 신규 임대장비 3대(지게차 2대, 스태커 1대) 대상 경고표지 및 장비관리표지 부착 완료",,1,1.0,직접판정,"경고표지 미부착, 낮음",
640,2026-01-29,2026-01,경남지사,마산항,INSPECTOR_12,EHS팀 책임,지사 주관,경남지사_ 마산항,관리적미흡,관리적 미흡,개선필요 [하],1.0,"공기압축기(컴프레셔) 점검 체크리스트 작성 미흡.(1월 12일까지 체크리스트 점검 체크 확인) 공기압축기(컴프레셔)의 경우 내부 응축수를 주기적으로 배출안할경우 내부 부식되며, 부식으로 인해 탱크의 두께가 얇아지면 설계된 허용 압력을 견디지 못해 작동시 압력이 차올라 파열되는 사고 발생할수 있음.",즉시처리,점검·확인,드레인밸브 조작 하여 내부 응축수 배출 및 점검표 기록 확인.,완료,"공기압축기(컴프레셔) 점검 체크리스트 작성 미흡.(1월 12일까지 체크리스트 점검 체크 확인) 
공기압축기(컴프레셔)의 경우 내부 응축수를 주기적으로 배출안할경우 내부 부식되며,
부식으로 인해 탱크의 두께가 얇아지면 설계된 허용 압력을 견디지 못해 작동시 압력이 차올라 파열되는 사고 발생할수 있음.
   ",드레인밸브 조작 하여 내부 응축수 배출 및 점검표 기록 확인. ,,0,2.0,직접판정,"압력용기 부식→파열 메커니즘 구체적 설명, 잠재위험 고려 1에서 상향",
641,2026-01-29,2026-01,경남지사,마산항,INSPECTOR_12,EHS팀 책임,지사 주관,경남지사_ 마산항,추락,추락,개선필요 [하],1.0,"라싱업체 화물 상부 라싱줄 조정 보완 작업 간 보호구 미착용. (안전모, 안전대) 마산항 4부두 내 보관 화물 상부에 설치된 와이어 클립 교체 작업시 보호구 미착용하여 작업 진행. (계약관계 없음)",즉시처리,교육·지도,"화주사(범한메카텍)의 협력업체이며, 안전모 즉시 착용 할수 있도록 조치. 해당업체에게 추후 야적장 내 작업시 안전대, 안전모 필수 착용 안내.",완료,"라싱업체 화물 상부 라싱줄 조정 보완 작업 간 보호구 미착용. (안전모, 안전대)
마산항 4부두 내 보관 화물 상부에 설치된 와이어 클립 교체 작업시 보호구 미착용하여 작업 진행. (계약관계 없음)
 ","화주사(범한메카텍)의 협력업체이며, 안전모 즉시 착용 할수 있도록 조치. 
해당업체에게 추후 야적장 내 작업시 안전대, 안전모 필수 착용 안내.","고소·상부작업, 다수인원노출",2,3.0,키워드보정,,
642,2026-01-29,2026-01,부산지사,용당,INSPECTOR_14,EHS팀 선임,지사 주관,부산지사_ 용당,관리적미흡,관리적 미흡,개선필요 [하],1.0,위험물창고 내 경고표지 관리 미흡 → 신규 표지 교체 필요,즉시처리,설치·구조물,표지 교체 완료,완료,위험물창고 내 경고표지 관리 미흡 → 신규 표지 교체 필요,표지 교체 완료,,0,1.0,키워드보정,,
643,2026-01-29,2026-01,부산지사,용당,INSPECTOR_14,EHS팀 선임,지사 주관,부산지사_ 용당,관리적미흡,관리적 미흡,개선필요 [하],1.0,위험물창고 내 소방시설 관련 표지 미부착 → 소방안전관리자 현황표 및 관계자 외 접근금지 표지 부착 필요,즉시처리,기타,소방안전관리자 현황표 및 관계자 외 접근금지 표지 부착 완료,완료,위험물창고 내 소방시설 관련 표지 미부착 → 소방안전관리자 현황표 및 관계자 외 접근금지 표지 부착 필요,소방안전관리자 현황표 및 관계자 외 접근금지 표지 부착 완료,,0,1.0,키워드보정,,
644,2026-01-29,2026-01,부산지사,용당,INSPECTOR_14,EHS팀 선임,지사 주관,부산지사_ 용당,관리적미흡,관리적 미흡,개선필요 [중],2.0,옥외 위험물창고 가스 측정기 오류 → 해당 업체 요청하여 조치 필요,즉시처리,기타,가스측정기 검교정 완료,완료,옥외 위험물창고 가스 측정기 오류 → 해당 업체 요청하여 조치 필요,가스측정기 검교정 완료,,0,2.0,키워드보정,,
645,2026-01-29,2026-01,부산지사,용당,INSPECTOR_14,EHS팀 선임,지사 주관,부산지사_ 용당,전도,전도,개선필요 [하],1.0,위험물창고 내 파렛트 보관구역 관리 미흡 → 파렛트 보관구역 주변 접근금지 조치 필요,즉시처리,설치·구조물,파렛트 보관구역 주변 접근하지 못하도록 안전펜스 설치 완료,완료,위험물창고 내 파렛트 보관구역 관리 미흡 → 파렛트 보관구역 주변 접근금지 조치 필요,파렛트 보관구역 주변 접근하지 못하도록 안전펜스 설치 완료,,0,1.0,키워드보정,,
646,2026-01-29,2026-01,강원지사,동해,INSPECTOR_02,EHS팀 사원,지사 주관,강원지사_ 동해,기타,기타,개선필요 [하],1.0,TBM 교육 시 근로자의 작업 빈도가 높은 사고 및 사전예방을 위한 목적으로 TBM 중점 교육 내용을 포함한 안내판 제작 필요 → TBM 교육 안내판을 제작하여 중점사항 교육 및 중요 안전보건 사항/사고사례 내용을 전파할 수 있도록 제작 예정,즉시처리,교육·지도,TBM 교육 시 근로자의 작업 빈도가 높은 사고 및 사전예방을 위한 목적으로 TBM 중점 교육 내용을 포함한 안내판 제작 완료 (TBM 시 교육 중점사항의 전파 및 교육 예정),완료,"TBM 교육 시 근로자의 작업 빈도가 높은 사고 및 사전예방을 위한 목적으로 TBM 중점 교육 내용을 포함한 안내판 제작 필요
→ TBM 교육 안내판을 제작하여 중점사항 교육 및 중요 안전보건 사항/사고사례 내용을 전파할 수 있도록 제작 예정","[동해] TBM 교육 시 근로자의 작업 빈도가 높은 사고 및 사전예방을 위한 목적으로 TBM 중점 교육 내용을 포함한 안내판 제작 완료
(TBM 시 교육 중점사항의 전파 및 교육 예정)",,0,1.0,키워드보정,,
647,2026-01-29,2026-01,당진지사,당진지사,INSPECTOR_07,EHS팀 선임,지사 주관,당진지사,전도,전도,개선필요 [하],1.0,2부두 이동구간 볼트 노출로 인한 넘어짐 위험,즉시처리,제거·차단,2부두 이동구간 볼트 제거,완료,2부두 이동구간 볼트 노출로 인한 넘어짐 위험,2부두 이동구간 볼트 제거,,0,1.0,키워드보정,,
648,2026-01-29,2026-01,당진지사,당진지사,INSPECTOR_07,EHS팀 선임,지사 주관,당진지사,관리적미흡,관리적 미흡,개선필요 [하],1.0,3부두 환복실 내 락카 사용후 방치,즉시처리,제거·차단,사용된 락카 폐기 완료,완료,3부두 환복실 내 락카 사용후 방치,사용된 락카 폐기 완료,,0,1.0,키워드보정,,
649,2026-01-29,2026-01,당진지사,당진지사,INSPECTOR_01,EHS팀 주임,지사 주관,당진지사,관리적미흡,관리적 미흡,개선필요 [하],1.0,휠로더 차량 오일 누유 발생,즉시처리,설치·구조물,누유된 오일 정리 완료 및 받침대 설치완료. * 정비업체 확인하여 정비 진행 예정,완료,휠로더 차량 오일 누유 발생,"누유된 오일 정리 완료 및 받침대 설치완료.

* 정비업체 확인하여 정비 진행 예정",,0,1.0,키워드보정,,
650,2026-01-29,2026-01,당진지사,당진지사,INSPECTOR_01,EHS팀 주임,지사 주관,당진지사,관리적미흡,관리적 미흡,개선필요 [하],1.0,유연탄 2부두 창고 정리정돈 미흡,즉시처리,제거·차단,"미사용 물품 정리완료, 해당 부두 직원들에게 지속적인 정리 및 관리 요청 완료",완료,유연탄 2부두 창고 정리정돈 미흡,"미사용 물품 정리완료, 해당 부두 직원들에게 지속적인 정리 및 관리 요청 완료",,0,1.0,키워드보정,,
651,2026-01-29,2026-01,당진지사,당진지사,INSPECTOR_01,EHS팀 주임,지사 주관,당진지사,온열·온도,온도ㆍ습도,개선필요 [하],1.0,유연탄 1부두 청수라인 배관 누수 발생,즉시처리,설치·구조물,메인배관 잠금 및 정비 진행 완료.,완료,유연탄 1부두 청수라인 배관 누수 발생,메인배관 잠금 및 정비 진행 완료.,,0,1.0,키워드보정,,
652,2026-01-29,2026-01,경북지사,문덕,INSPECTOR_13,EHS팀 선임,지사 주관,경북지사_ 문덕,낙하·비래·붕괴,낙하ㆍ붕괴,개선필요 [하],1.0,문덕창고 13번 창고 화물을 벽면에 기대어 적재하여 벽면 붕괴위험 존재,즉시처리,기타,화물 적재 시 벽 붕괴 예방을 위해 벽에 기대어 적재하지 않도록 조치,진행(조치 후),문덕창고 13번 창고 화물을 벽면에 기대어 적재하여 벽면 붕괴위험 존재,화물 적재 시 벽 붕괴 예방을 위해 벽에 기대어 적재하지 않도록 조치,,0,1.0,키워드보정,,
653,2026-01-29,2026-01,경북지사,문덕,INSPECTOR_13,EHS팀 선임,지사 주관,경북지사_ 문덕,관리적미흡,관리적 미흡,개선필요 [하],1.0,문덕창고 소방펌프실 누수확인(패킹 노후화로 의심),즉시처리,설치·구조물,지적 당시 지속적으로 누수발생하여 추적관찰 시작. 이후 소방펌프실 누수가 발생하지 않음. 지속적으로 소방펌프실 확인하여 누수발생 시 교체 등 대책 실시 예정,진행(조치 후),문덕창고 소방펌프실 누수확인(패킹 노후화로 의심),"지적 당시 지속적으로 누수발생하여 추적관찰 시작.
이후 소방펌프실 누수가 발생하지 않음. 
지속적으로 소방펌프실 확인하여 누수발생 시 교체 등 대책 실시 예정",,0,1.0,키워드보정,,
654,2026-01-29,2026-01,경북지사,문덕,INSPECTOR_13,EHS팀 선임,지사 주관,경북지사_ 문덕,충돌,충돌,개선필요 [하],1.0,문덕창고 파포업체 작업자 네이비색 안전조끼 착용에 따른 가시성 확보 불가.,즉시처리,보호구지급,파포업체 직원 전원 형광색 안전조끼 착용 실시,진행(조치 후),문덕창고 파포업체 작업자 네이비색 안전조끼 착용에 따른 가시성 확보 불가.,파포업체 직원 전원 형광색 안전조끼 착용 실시,,0,1.0,키워드보정,,
655,2026-01-28,2026-01,전북지사,군산항 부두,INSPECTOR_04,EHS팀 책임,지사 주관,전북지사_ 군산항 부두,관리적미흡,관리적 미흡,개선필요 [하],1.0,"1. 3부두 임항창고 내 MSDS물질인 휘발유, 혼합유 등 관리 상태 미흡 2. 현장에 필요하에 임의 통에 사용시 MSDS표지 부착 요함 3. 해당 물질 폐기 or 반출 등 조치 요함 4. 사용 후 유해화학물질보관함(MDSD보관소)에 보관 요함",즉시처리,교육·지도,1. 3부두 육상담당자를 통해 해당 MSDS물질 수거 및 전용 보관함에 보관 2. 주로 사용하는 3부두 반장에게 주의 교육 등 지속적 관리 실시,완료,"[군산항 3부두]
1. 3부두 임항창고 내 MSDS물질인 휘발유, 혼합유 등 관리 상태 미흡
2. 현장에 필요하에 임의 통에 사용시 MSDS표지 부착 요함
3. 해당 물질 폐기 or 반출 등 조치 요함
4. 사용 후 유해화학물질보관함(MDSD보관소)에 보관 요함","1. 3부두 육상담당자를 통해 해당 MSDS물질 수거 및 전용 보관함에 보관
2. 주로 사용하는 3부두 반장에게 주의 교육 등 지속적 관리 실시",,0,1.0,키워드보정,,
656,2026-01-28,2026-01,경인지사,의왕,INSPECTOR_03,EHS팀 주임,지사 주관,경인지사_ 의왕,화재·폭발,화재,개선필요 [하],1.0,경인지사 운영건물 지하 미사용 비품 방치에 따른 화재 발생 시 피난로 간섭 (시설관리 주체 조치 요구사항),즉시처리,기타,"경인지사 운영건물 지하 미사용 비품(소파) 처분, 피난로 확보 완료",진행(조치 후),경인지사 운영건물 지하 미사용 비품 방치에 따른 화재 발생 시 피난로 간섭 (시설관리 주체 조치 요구사항),"경인지사 운영건물 지하 미사용 비품(소파) 처분, 피난로 확보 완료",,0,1.0,키워드보정,,
657,2026-01-28,2026-01,경인지사,의왕,INSPECTOR_03,EHS팀 주임,지사 주관,경인지사_ 의왕,충돌,충돌,개선필요 [하],1.0,"옥외(CFS 창고 앞 야드) 작업 예정 시 차량 통행을 방지하기 위해 바리케이트를 사용하고 있으나 파레트 적재구역 구획용 바리케이트를 사용하는 바, 용도에 맞는 표지를 통한 운전원 안내가 필요함",즉시처리,기타,차량 통행금지 바리케이트 추가 비치하여 야드에서의 컨테이너 적출입 작업 도중 화물차량의 임의 통행이 없도록 조치,진행(조치 후),"옥외(CFS 창고 앞 야드) 작업 예정 시 차량 통행을 방지하기 위해 바리케이트를 사용하고 있으나 파레트 적재구역 구획용 바리케이트를 사용하는 바, 용도에 맞는 표지를 통한 운전원 안내가 필요함",차량 통행금지 바리케이트 추가 비치하여 야드에서의 컨테이너 적출입 작업 도중 화물차량의 임의 통행이 없도록 조치,,1,1.0,직접판정,"바리케이드 용도오사용, 낮음",
658,2026-01-28,2026-01,강원지사,동해,INSPECTOR_02,EHS팀 사원,지사 주관,강원지사_ 동해,충돌,충돌,개선필요 [하],1.0,그랍 작업 회전 반경 내 근로자들의 충돌 위험 → 위치 이동 후 작업 실시,즉시처리,기타,그랍 작업 회전 반경 외 위치 이동 후 작업 실시,완료,그랍 작업 회전 반경 내 근로자들의 충돌 위험 → 위치 이동 후 작업 실시,[동해] 그랍 작업 회전 반경 외 위치 이동 후 작업 실시,,0,1.0,키워드보정,,
659,2026-01-28,2026-01,당진지사,당진지사,INSPECTOR_07,EHS팀 선임,지사 주관,당진지사,관리적미흡,관리적 미흡,개선필요 [하],1.0,"- CSU 정비 작업 후 정비업체 아세틸렌, 산소절단기 부두 내 보관 - 해당 정비업체에 반출 요청",즉시처리,설치·구조물,"- 정비업체 아세틸렌, 산소절단기 반출 완료",완료,"- CSU 정비 작업 후 정비업체 아세틸렌, 산소절단기 부두 내 보관
- 해당 정비업체에 반출 요청","- 정비업체 아세틸렌, 산소절단기 반출 완료",다수인원노출,1,2.0,키워드보정,,
660,2026-01-28,2026-01,경북지사,문덕,INSPECTOR_13,EHS팀 선임,지사 주관,경북지사_ 문덕,추락,추락,개선필요 [하],1.0,야적장 BAG 상부 이동 시 사다리 미사용(BAG 주변 사다리 없음),즉시처리,교육·지도,톤백 상후 승하강 시 사다리 사용토록 지도,진행(조치 후),야적장 BAG 상부 이동 시 사다리 미사용(BAG 주변 사다리 없음),톤백 상후 승하강 시 사다리 사용토록 지도,고소·상부작업,2,3.0,키워드보정,,
661,2026-01-28,2026-01,경북지사,문덕,INSPECTOR_13,EHS팀 선임,지사 주관,경북지사_ 문덕,화재·폭발,화재,개선필요 [하],1.0,"폐기물장, 13번 창고 소화기함 화물적재로 인한 접근불가",즉시처리,기타,소화기 보관함 상시 사용가능하도록 통로 마련 후 적재,진행(조치 후),"폐기물장, 13번 창고 소화기함 화물적재로 인한 접근불가",소화기 보관함 상시 사용가능하도록 통로 마련 후 적재,화기·인화물인근,1,2.0,키워드보정,,
662,2026-01-27,2026-01,경남지사,마산항,INSPECTOR_12,EHS팀 책임,지사 주관,경남지사_ 마산항,관리적미흡,관리적 미흡,개선필요 [하],1.0,하역작업전 도구 점검띠 확인불가(노랑) 관리감독자 의견상 작업간 탈락되었음을 확인. 사용전 도구 점검 후 사용할수있도록 지도.,즉시처리,점검·확인,도구점검 후 점검띠 부착 확인.,완료,"하역작업전 도구 점검띠 확인불가(노랑)
관리감독자 의견상 작업간 탈락되었음을 확인.
사용전 도구 점검 후 사용할수있도록 지도.
",도구점검 후 점검띠 부착 확인.,,0,1.0,키워드보정,,
663,2026-01-27,2026-01,부산지사,감천,INSPECTOR_08,EHS팀 책임,지사 주관,부산지사_ 감천,기타,기타,개선필요 [하],1.0,야적장 내 윈드배너 추가 비치 - 야적장 너비 대비 수량 부족,,미분류,,진행(조치 전),야적장 내 윈드배너 추가 비치 - 야적장 너비 대비 수량 부족,,,0,1.0,키워드보정,,
664,2026-01-27,2026-01,강원지사,안인,INSPECTOR_15,EHS팀 선임,지사 주관,강원지사_ 안인,화재·폭발,화재,개선필요 [하],1.0,사용안하는 콘센트 해제 필요,즉시처리,기타,콘센트 헤제 및 화재 대비 패치 부착,완료,사용안하는 콘센트 해제 필요,콘센트 헤제 및 화재 대비 패치 부착,,0,1.0,키워드보정,,
665,2026-01-27,2026-01,강원지사,안인,INSPECTOR_15,EHS팀 선임,지사 주관,강원지사_ 안인,화재·폭발,화재,개선필요 [하],1.0,소화기 비치 필요,즉시처리,기타,소화기 비치 완료,완료,소화기 비치 필요,소화기 비치 완료,,1,1.0,직접판정,"소화기 비치필요, 낮음",
666,2026-01-27,2026-01,강원지사,안인,INSPECTOR_15,EHS팀 선임,지사 주관,강원지사_ 안인,화재·폭발,화재,개선필요 [하],1.0,금연구역 표지판 부착 필요,즉시처리,기타,표지판 부착 완료,완료,금연구역 표지판 부착 필요,표지판 부착 완료,,0,1.0,키워드보정,,
667,2026-01-27,2026-01,강원지사,안인,INSPECTOR_15,EHS팀 선임,지사 주관,강원지사_ 안인,화재·폭발,화재,개선필요 [하],1.0,비상상황 발생 대비 피난안내도 부착 필요,즉시처리,미분류,,완료,비상상황 발생 대비 피난안내도 부착 필요,,,0,1.0,키워드보정,,
668,2026-01-27,2026-01,강원지사,안인,INSPECTOR_15,EHS팀 선임,지사 주관,강원지사_ 안인,화재·폭발,화재,개선필요 [하],1.0,확산소화기 점검 확인 필요,즉시처리,점검·확인,확산소화기 점검 및 점검표 기록 실시,완료,확산소화기 점검 확인 필요,확산소화기 점검 및 점검표 기록 실시,,1,1.0,직접판정,"확산소화기 점검, 낮음",
669,2026-01-27,2026-01,당진지사,당진지사,INSPECTOR_01,EHS팀 주임,지사 주관,당진지사,전도,전도,개선필요 [하],1.0,"유연탄 1부두 승,하선기 계단 논슬립 고정부 탈락으로 근로자 이동간 전도사고 위험",즉시처리,설치·구조물,기존 논슬립 제거 및 교체 완료,완료,"유연탄 1부두 승,하선기 계단 논슬립 고정부 탈락으로 근로자 이동간 전도사고 위험",기존 논슬립 제거 및 교체 완료,다수인원노출,1,2.0,키워드보정,,
670,2026-01-27,2026-01,경북지사,포스코 내,INSPECTOR_13,EHS팀 선임,지사 주관,경북지사_ 포스코 내,추락,추락,개선필요 [하],1.0,스크랩장 컨테이너 폐문 시 적재함상부에 올라 작업 실시에 따른 추락 위험,즉시처리,기타,적재함 상하부 승강용 이동식계단 현장 비치,진행(조치 후),스크랩장 컨테이너 폐문 시 적재함상부에 올라 작업 실시에 따른 추락 위험,적재함 상하부 승강용 이동식계단 현장 비치,고소·상부작업,2,3.0,직접판정,적재함 상부에서 작업 → 기본1+가중2=3,
671,2026-01-26,2026-01,경인지사,의왕,INSPECTOR_03,EHS팀 주임,지사 주관,경인지사_ 의왕,감전,감전,개선필요 [하],1.0,기존 휴게실 공간 냉난방기 뒷편 하이박스 경고표지 미부착에 따른 감전 위험,즉시처리,교육·지도,하이박스 커버에 감전주의 경고표지 부착 완료,진행(조치 후),기존 휴게실 공간 냉난방기 뒷편 하이박스 경고표지 미부착에 따른 감전 위험,하이박스 커버에 감전주의 경고표지 부착 완료,,0,1.0,키워드보정,,
672,2026-01-26,2026-01,강원지사,동해,INSPECTOR_02,EHS팀 사원,지사 주관,강원지사_ 동해,추락,추락,개선필요 [하],1.0,본선 작업현장 내 본선 크레인 조작실로 올라가는 선원(해당 모선의 선원)의 추락위험 예방 필요 → 해당 선원에게 추락위험을 예방하기 위한 안전대 착용 지시,즉시처리,보호구지급,해당 선원에게 추락위험을 예방하기 위한 안전대 착용지시 및 완료,완료,본선 작업현장 내 본선 크레인 조작실로 올라가는 선원(해당 모선의 선원)의 추락위험 예방 필요 → 해당 선원에게 추락위험을 예방하기 위한 안전대 착용 지시,[동해]해당 선원에게 추락위험을 예방하기 위한 안전대 착용지시 및 완료,고소·상부작업,1,3.0,직접판정,크레인 조작실 접근(고소) → 기본1+가중2=3,
673,2026-01-26,2026-01,강원지사,동해,INSPECTOR_02,EHS팀 사원,지사 주관,강원지사_ 동해,전도,전도,개선필요 [하],1.0,본선 작업이동 통로 내 일부구간 결빙으로 인한 전도 위험 → 빙판 제거 및 세이프티 라인 추가 설치(해당 구간 출입금지 조치 및 안전한 통로 이용),즉시처리,설치·구조물,해당 결빙구간 선원의 빙판 제거 및 세이프티 라인 추가 설치 완료,완료,본선 작업이동 통로 내 일부구간 결빙으로 인한 전도 위험 → 빙판 제거 및 세이프티 라인 추가 설치(해당 구간 출입금지 조치 및 안전한 통로 이용),[동해] 해당 결빙구간 선원의 빙판 제거 및 세이프티 라인 추가 설치 완료,,0,1.0,키워드보정,,
674,2026-01-26,2026-01,강원지사,동해,INSPECTOR_02,EHS팀 사원,지사 주관,강원지사_ 동해,추락,추락,개선필요 [하],1.0,동해 작업현장 내 현문사다리 육상이 아닌 해상으로 위치해 있어 추락 및 익수 위험 → 갱웨이 육상으로 위치 이동 및 각도 조절,즉시처리,기타,갱웨이 육상으로 위치 이동 및 각도 조절 완료,완료,동해 작업현장 내 현문사다리 육상이 아닌 해상으로 위치해 있어 추락 및 익수 위험 → 갱웨이 육상으로 위치 이동 및 각도 조절,[동해] 갱웨이 육상으로 위치 이동 및 각도 조절 완료,,2,2.0,직접판정,"해상 추락·익수위험, 표미매칭이나 실질위험 고려 1에서 상향",
675,2026-01-26,2026-01,강원지사,동해,INSPECTOR_02,EHS팀 사원,지사 주관,강원지사_ 동해,전도,전도,개선필요 [하],1.0,현문사다리 이동구간 다수의 밧줄이 떨어져 있어 이동 중 전도 위험 → 이동구간 밧줄 제거 및 정리정돈 실시,즉시처리,제거·차단,갱웨이 이동구간 밧줄 제거 및 정리정돈 완료,완료,현문사다리 이동구간 다수의 밧줄이 떨어져 있어 이동 중 전도 위험 → 이동구간 밧줄 제거 및 정리정돈 실시,[동해] 갱웨이 이동구간 밧줄 제거 및 정리정돈 완료,고소·상부작업,2,3.0,키워드보정,,
676,2026-01-26,2026-01,당진지사,당진지사,INSPECTOR_01,EHS팀 주임,지사 주관,당진지사,충돌,충돌,개선필요 [하],1.0,CSU E호기 TRAVEL 이동시 경고음 작동 불량,즉시처리,설치·구조물,- 교체 진행 완료,완료,CSU E호기 TRAVEL 이동시 경고음 작동 불량,- 교체 진행 완료,,0,1.0,직접판정,"경고음 불량, 낮음",
677,2026-01-26,2026-01,당진지사,당진지사,INSPECTOR_01,EHS팀 주임,지사 주관,당진지사,낙하·비래·붕괴,낙하ㆍ붕괴,개선필요 [중],2.0,CSU F호기 이동식 운전원실 후크해지장치 파손으로 인양중 낙하위험,즉시처리,설치·구조물,후크해지장치 교체 완료,완료,CSU F호기 이동식 운전원실 후크해지장치 파손으로 인양중 낙하위험,후크해지장치 교체 완료,,0,2.0,키워드보정,,
678,2026-01-26,2026-01,당진지사,당진지사,INSPECTOR_01,EHS팀 주임,지사 주관,당진지사,온열·온도,온도ㆍ습도,개선필요 [하],1.0,당진지사 사무실 외부 배관 동파로 인한 누수로 결빙시 근로자 안전사고 위험,즉시처리,설치·구조물,누수 배관 정비(용접) 완료,완료,당진지사 사무실 외부 배관 동파로 인한 누수로 결빙시 근로자 안전사고 위험,누수 배관 정비(용접) 완료,,0,1.0,직접판정,"배관동파 누수, 낮음",
679,2026-01-23,2026-01,경북지사,문덕,INSPECTOR_13,EHS팀 선임,지사 주관,경북지사_ 문덕,충돌,충돌,개선필요 [하],1.0,톤백 적재상태 불량에 따른 화물 전도 위험,즉시처리,교육·지도,톤백 전도 위험구간 경고표지판 비치,진행(조치 후),톤백 적재상태 불량에 따른 화물 전도 위험,톤백 전도 위험구간 경고표지판 비치,,0,1.0,키워드보정,,
680,2026-01-22,2026-01,광양지사,하포일반부두,INSPECTOR_10,EHS팀 책임,지사 주관,광양지사_ 하포일반부두,관리적미흡,관리적 미흡,개선필요 [하],1.0,"상황: 차량 운전원 하차 및 컨테이너 내부 청소 시, 개인보호구 미착용 요청사항: 해당 운송사에 해당 사실 전파, '차량하차시 안전수칙' 교육결과 보고서 개선사항으로 첨부.",즉시처리,교육·지도,1/23 운송사에 해당 사실 전파 1/26일 해당 운전원 하차 시 안전보호구 착용 교육 실시 1/26일 '차량 하차 시 안전수칙' 교육 결과 보고서 개선사항 첨부,완료,"상황: 차량 운전원 하차 및 컨테이너 내부 청소 시, 개인보호구 미착용 
요청사항: 해당 운송사에 해당 사실 전파, '차량하차시 안전수칙' 교육결과 보고서 개선사항으로 첨부.","1/23 운송사에 해당 사실 전파
1/26일 해당 운전원 하차 시 안전보호구 착용 교육 실시
1/26일 '차량 하차 시 안전수칙' 교육 결과 보고서 개선사항 첨부 ",,0,1.0,키워드보정,,
681,2026-01-22,2026-01,경남지사,사무실,INSPECTOR_12,EHS팀 책임,지사 주관,경남지사_ 사무실,기타,기타,개선필요 [하],1.0,"기존 근로자가 관리감독자로 임명시 ""관리감독자 작업내용 변경시 교육""을 실시하여야함. (안전보건관리규정에 따르면 법 제29조2항에 따라 근로자 등이 기존에 수행하던 작업내용과 다른 작업을 수행하게 될 경우 변경된 작업을 수행하기 전 실시하여야하는 교육) 관리감독자 작업내용 변경시 교육 실시(2시간 이상)",즉시처리,교육·지도,해당 관리감독자 작업내용 변경시 교육 수료,완료,"기존 근로자가 관리감독자로 임명시 ""관리감독자 작업내용 변경시 교육""을 실시하여야함.
(안전보건관리규정에 따르면 법 제29조2항에 따라 근로자 등이 기존에 수행하던 작업내용과 다른 작업을 수행하게 될 경우 변경된 작업을 수행하기 전 실시하여야하는 교육)
관리감독자 작업내용 변경시 교육 실시(2시간 이상) ",해당 관리감독자 작업내용 변경시 교육 수료,,0,1.0,키워드보정,,
682,2026-01-22,2026-01,경북지사,문덕,INSPECTOR_13,EHS팀 선임,지사 주관,경북지사_ 문덕,충돌,충돌,개선필요 [하],1.0,파포 작업 시 BAG고리걸이 작업 중 장비와의 충돌위험,즉시처리,교육·지도,기존 인원이 장비에 직접 걸이했던 작업방식을 장비 권상 전 작업자가 톤백고리를 말아 세워둔 상태로 안전장소 빠진 후 장비만 이용하여 권상하도록 작업 지도,진행(조치 후),파포 작업 시 BAG고리걸이 작업 중 장비와의 충돌위험,기존 인원이 장비에 직접 걸이했던 작업방식을 장비 권상 전 작업자가 톤백고리를 말아 세워둔 상태로 안전장소 빠진 후 장비만 이용하여 권상하도록 작업 지도,,0,1.0,직접판정,"장비충돌위험, 낮음",
683,2026-01-22,2026-01,경북지사,문덕,INSPECTOR_13,EHS팀 선임,지사 주관,경북지사_ 문덕,충돌,충돌,개선필요 [하],1.0,파포 작업 시 장비 회전반경 내 임의 진입으로 인한 충돌사고,즉시처리,기타,"중장비 근처 접근 시 반드시 작업중일때에는 안전거리 유지 실시, 장비 접근 전 크레인기사와 소통 후 장비 가동 멈춘 상태에서 접근할 것",진행(조치 후),파포 작업 시 장비 회전반경 내 임의 진입으로 인한 충돌사고,"중장비 근처 접근 시 반드시 작업중일때에는 안전거리 유지 실시, 장비 접근 전 크레인기사와 소통 후 장비 가동 멈춘 상태에서 접근할 것",,0,1.0,키워드보정,,
684,2026-01-21,2026-01,경인지사,안성 3센터,INSPECTOR_17,EHS팀 선임,지사 주관,경인지사_ 안성 3센터,감전,감전,개선필요 [하],1.0,플라스틱 분전함 파손으로 인한 교체필요,즉시처리,설치·구조물,파손 분전함 교체 완료,완료,플라스틱 분전함 파손으로 인한 교체필요,파손 분전함 교체 완료,,0,1.0,키워드보정,,
685,2026-01-21,2026-01,전북지사,군산항 부두,INSPECTOR_04,EHS팀 책임,지사 주관,전북지사_ 군산항 부두,기타,기타,개선필요 [하],1.0,1. 작업계획서 미비된 상태에서 작업이 이루어짐 2. 작업시작 전 점검 사항 및 투입장비에 대한 누락 등 작업계획서 작성철저 요함,즉시처리,점검·확인,1. 미비된 작업계획서 작성 완료 2. 사전에 모선 입항 및 작업진행 여부 등 확인하여 사전에 작업계획을 수립 3. 수립한 작업계획서는 승인 후 현장에 적용 4. 현장에 투입되는 장비는 현장에서 수기 작성 등 지속적인 관리감독 철저,완료,"[작업계획서 상태 미흡]
1. 작업계획서 미비된 상태에서 작업이 이루어짐
2. 작업시작 전 점검 사항 및 투입장비에 대한 누락 등 작업계획서 작성철저 요함","1. 미비된 작업계획서 작성 완료
2. 사전에 모선 입항 및 작업진행 여부 등 확인하여 사전에 작업계획을 수립
3. 수립한 작업계획서는 승인 후 현장에 적용
4. 현장에 투입되는 장비는 현장에서 수기 작성 등 지속적인 관리감독 철저",,0,1.0,키워드보정,,
686,2026-01-21,2026-01,경남지사,사무실,INSPECTOR_12,EHS팀 책임,지사 주관,경남지사_ 사무실,관리적미흡,관리적 미흡,개선필요 [하],1.0,경남지사 물질보관함 내부 보관물질에 대한 관리 미흡. 품명 및 정부 기재하고 MSDS 비치하여 물질관리 필요.,즉시처리,기타,"MSDS 비치 및 품명 , 정부 표기조치 완료",완료,"경남지사 물질보관함 내부 보관물질에 대한 관리 미흡.
품명 및 정부 기재하고 MSDS 비치하여 물질관리 필요.","MSDS 비치  및  품명 , 정부 표기조치 완료  ",,0,1.0,키워드보정,,
687,2026-01-20,2026-01,경인지사,안성 3센터,INSPECTOR_17,EHS팀 선임,지사 주관,경인지사_ 안성 3센터,낙하·비래·붕괴,낙하ㆍ붕괴,개선필요 [하],1.0,메자닌 랙 판넬 파손으로 인한 낙하 위험,즉시처리,설치·구조물,메자닌 랙 하부 판넬 교체 완료,완료,메자닌 랙 판넬 파손으로 인한 낙하 위험,메자닌 랙 하부 판넬 교체 완료,,0,1.0,키워드보정,,
688,2026-01-20,2026-01,전북지사,군산항역,INSPECTOR_04,EHS팀 책임,지사 주관,전북지사_ 군산항역,관리적미흡,관리적 미흡,개선필요 [하],1.0,1. 리치스태커를 이용한 철송 하역 작업시 열차의 콘의 해체(열림) 상태를 확인 후 작업진행 필요 2. 잠긴 상태에서의 하역 작업 시 열차 및 리치스테커의 데미지 발생 및 화물 손상 발생,즉시처리,교육·지도,1. 항운노조의 열차의 콘 해체 시 이후 야드맨을 통한 열림 재확인 2. 리치스태커로 콘체결 후 급하게 상승하지 않고 천천히 상승하여 컨테이너가 같이 올라오는지 여부 확인하면서 작업 3. 상기 사항에 대한 TBM시 교육 철저 요청,완료,"[군산항역 CY]
1. 리치스태커를 이용한 철송 하역 작업시 열차의 콘의 해체(열림) 상태를 확인 후 작업진행 필요
2. 잠긴 상태에서의 하역 작업 시 열차 및 리치스테커의 데미지 발생 및 화물 손상 발생","1. 항운노조의 열차의 콘 해체 시 이후 야드맨을 통한 열림 재확인
2. 리치스태커로 콘체결 후 급하게 상승하지 않고 천천히 상승하여 컨테이너가 같이 올라오는지 여부 확인하면서 작업
3. 상기 사항에 대한 TBM시 교육 철저 요청",,0,1.0,키워드보정,,
689,2026-01-20,2026-01,경인지사,의왕,INSPECTOR_03,EHS팀 주임,지사 주관,경인지사_ 의왕,충돌,충돌,개선필요 [하],1.0,의왕CY 운용 중인 리치스태커 1대(부산04나7158) 방호장치 중 영상인체인식장치 카메라 1기가 송출되지 않아 후진 시 차량 및 인원에 대한 충돌 위험성 존재,즉시처리,설치·구조물,"영상인체인식장치 제조사 측 방문 및 배선 교체 AS 완료, 정상 송출 확인",진행(조치 후),의왕CY 운용 중인 리치스태커 1대(부산04나7158) 방호장치 중 영상인체인식장치 카메라 1기가 송출되지 않아 후진 시 차량 및 인원에 대한 충돌 위험성 존재,"영상인체인식장치 제조사 측 방문 및 배선 교체 AS 완료, 정상 송출 확인",,0,1.0,키워드보정,,
690,2026-01-20,2026-01,부산지사,감천,INSPECTOR_08,EHS팀 책임,지사 주관,부산지사_ 감천,감전,감전,개선필요 [중],2.0,분전함 내 차단기 단자부분 노출로 인한 감전위험-단자 부분 커버 설치 등 조치 필요,즉시처리,제거·차단,차단기 단자 노출부분 접촉 방지 조치 실시,완료,분전함 내 차단기 단자부분 노출로 인한 감전위험-단자 부분 커버 설치 등 조치 필요,차단기 단자 노출부분 접촉 방지 조치 실시,,0,2.0,키워드보정,,
691,2026-01-20,2026-01,부산지사,감천,INSPECTOR_14,EHS팀 선임,지사 주관,부산지사_ 감천,화재·폭발,화재,개선필요 [하],1.0,비상방송설비 관리 미흡으로 비상 시 신속하게 대응 불가 → 소방대행업체 비상방송설비 점검 및 작동방법 부착 필요,즉시처리,점검·확인,비상방송설비 작동방법 부착 및 소방 대행업체 점검 완료,완료,비상방송설비 관리 미흡으로 비상 시 신속하게 대응 불가 → 소방대행업체 비상방송설비 점검 및 작동방법 부착 필요,비상방송설비 작동방법 부착 및 소방 대행업체 점검 완료,,0,1.0,키워드보정,,
692,2026-01-20,2026-01,강원지사,동해,INSPECTOR_02,EHS팀 사원,지사 주관,강원지사_ 동해,전도,전도,개선필요 [하],1.0,작업장 내 이동구간 내 기상상황에 따른 결빙구간 확인 및 미끄러짐 예방 필요 → 세이프티 라인 및 라바콘 설치를 통한 접근금지 구역 설정,즉시처리,설치·구조물,세이프티 라인 및 라바콘 설치를 통한 접근금지 구역 설정으로 미끄러짐 예방조치 완료,완료,작업장 내 이동구간 내 기상상황에 따른 결빙구간 확인 및 미끄러짐 예방 필요 → 세이프티 라인 및 라바콘 설치를 통한 접근금지 구역 설정,[동해] 세이프티 라인 및 라바콘 설치를 통한 접근금지 구역 설정으로 미끄러짐 예방조치 완료,,0,1.0,키워드보정,,
693,2026-01-20,2026-01,강원지사,동해,INSPECTOR_02,EHS팀 사원,지사 주관,강원지사_ 동해,전도,전도,개선필요 [하],1.0,본선 내 이동구간 일부 결빙 및 눈으로 인한 미끄러짐 위험 → 세이프티 라인 설치 및 해당 구간 접근금지 조치 실시,즉시처리,설치·구조물,세이프티 라인 설치 및 해당 구간 접근금지 조치 실시 (해당 이동구간을 제외한 안전통로 사용 실시),완료,본선 내 이동구간 일부 결빙 및 눈으로 인한 미끄러짐 위험 → 세이프티 라인 설치 및 해당 구간 접근금지 조치 실시,[동해] 세이프티 라인 설치 및 해당 구간 접근금지 조치 실시 (해당 이동구간을 제외한 안전통로 사용 실시),,0,1.0,키워드보정,,
694,2026-01-19,2026-01,경북지사,포항신항7부두,INSPECTOR_13,EHS팀 선임,지사 주관,경북지사_ 포항신항7부두,충돌,충돌,개선필요 [하],1.0,현장 내 안전모 미착용 상태로 이동,즉시처리,보호구지급,크레인기사 안전모 착용 후 사진,진행(조치 후),현장 내 안전모 미착용 상태로 이동,크레인기사 안전모 착용 후 사진,,0,1.0,키워드보정,,
695,2026-01-19,2026-01,경북지사,포항신항7부두,INSPECTOR_13,EHS팀 선임,지사 주관,경북지사_ 포항신항7부두,관리적미흡,관리적 미흡,개선필요 [하],1.0,사이드네트 설치상태 불령 (바닥 고정 미실시),즉시처리,설치·구조물,노후 사이드네트 폐기 및 사이드네트 신규구매 설치,진행(조치 후),사이드네트 설치상태 불령 (바닥 고정 미실시),노후 사이드네트 폐기 및 사이드네트 신규구매 설치,,0,1.0,키워드보정,,
696,2026-01-19,2026-01,전북지사,군장신항만,INSPECTOR_04,EHS팀 책임,지사 주관,전북지사_ 군장신항만,화재·폭발,화재,개선필요 [하],1.0,기자재 작업 중 사용되는 발전기에 경유를 사용이 있으나 주변 화재 위험을 대비한 소화기가 비치되어 있지 않음 소화기를 비치하여 화재발생에 대비 필요,즉시처리,교육·지도,고박하는 업체에서 사용하는 발전기로 해당 업체 담당자를 통해 발전기 인근 소화기 비치를 완료함 추후 같은 지적이 발생되지 않도록 지도 및 조언함,완료,"[군산항 군장신항만부두]
기자재 작업 중 사용되는 발전기에 경유를 사용이 있으나 주변 화재 위험을 대비한 소화기가 비치되어 있지 않음
소화기를 비치하여 화재발생에 대비 필요","고박하는 업체에서 사용하는 발전기로 해당 업체 담당자를 통해 발전기 인근 소화기 비치를 완료함
추후 같은 지적이 발생되지 않도록 지도 및 조언함",화기·인화물인근,1,2.0,키워드보정,,
697,2026-01-19,2026-01,경남지사,사무실,INSPECTOR_12,EHS팀 책임,지사 주관,경남지사_ 사무실,기타,기타,개선필요 [하],1.0,야드 내 화물차 운전원 안전모 미착용.,즉시처리,보호구지급,안전모 착용 조치.,완료,야드 내 화물차 운전원 안전모 미착용.,안전모 착용 조치.,,0,1.0,키워드보정,,
698,2026-01-19,2026-01,부산지사,우암,INSPECTOR_14,EHS팀 선임,지사 주관,부산지사_ 우암,관리적미흡,관리적 미흡,개선필요 [하],1.0,부산지사 우암센터 소방안전관리자 변경 → 소방펌프실 소방시설 관계자 외 접근금지 표지 교체 필요,즉시처리,설치·구조물,소방펌프실 소방시설 관계자 외 접근금지 표지 교체 완료,완료,부산지사 우암센터 소방안전관리자 변경 → 소방펌프실 소방시설 관계자 외 접근금지 표지 교체 필요,소방펌프실 소방시설 관계자 외 접근금지 표지 교체 완료,,0,1.0,키워드보정,,
699,2026-01-19,2026-01,부산지사,우암,INSPECTOR_14,EHS팀 선임,지사 주관,부산지사_ 우암,관리적미흡,관리적 미흡,개선필요 [하],1.0,우암센터 소방안전관리자 변경 → 창고 내 소방시설 관계자 외 사용금지 표지 교체 필요,즉시처리,설치·구조물,창고 내 소방시설 관계자 외 사용금지 표지 교체 완료,완료,우암센터 소방안전관리자 변경 → 창고 내 소방시설 관계자 외 사용금지 표지 교체 필요,창고 내 소방시설 관계자 외 사용금지 표지 교체 완료,,0,1.0,직접판정,"표지교체, 낮음",
700,2026-01-19,2026-01,부산지사,우암,INSPECTOR_14,EHS팀 선임,지사 주관,부산지사_ 우암,관리적미흡,관리적 미흡,개선필요 [하],1.0,창고 비상구 앞 파렛트 적재로 비상 시 대피 어려움 → 비상구 앞 물건 적재 금지,즉시처리,제거·차단,비상구 앞 물건 제거 완료,완료,창고 비상구 앞 파렛트 적재로 비상 시 대피 어려움 → 비상구 앞 물건 적재 금지,비상구 앞 물건 제거 완료,,0,1.0,키워드보정,,
701,2026-01-19,2026-01,강원지사,삼척,INSPECTOR_02,EHS팀 사원,지사 주관,강원지사_ 삼척,충돌,충돌,개선필요 [하],1.0,CSU 하역기계 하부 레일 주변 접근으로 인한 충돌 위험 예방 안전표지 교체 필요 → 접근금지 부착예정,즉시처리,설치·구조물,CSU 하역기계 하부 레일 주변 접근으로 인한 충돌 위험 예방 안전표지 교체 완료,완료,CSU 하역기계 하부 레일 주변 접근으로 인한 충돌 위험 예방 안전표지 교체 필요 → 접근금지 부착예정,[삼척] CSU 하역기계 하부 레일 주변 접근으로 인한 충돌 위험 예방 안전표지 교체 완료,,0,1.0,키워드보정,,
702,2026-01-19,2026-01,강원지사,동해,INSPECTOR_02,EHS팀 사원,지사 주관,강원지사_ 동해,정리정돈,정리정돈,개선필요 [하],1.0,강원지사 사무동 내 소화전 앞 정리정돈 미흡으로 인한 공간확보 필요 → 소화전 앞 정리정돈 실시,즉시처리,제거·차단,강원지사 사무동 내 소화전 앞 정리정돈 실시완료,완료,강원지사 사무동 내 소화전 앞 정리정돈 미흡으로 인한 공간확보 필요 → 소화전 앞 정리정돈 실시,[동해] 강원지사 사무동 내 소화전 앞 정리정돈 실시완료,,0,1.0,키워드보정,,
703,2026-01-19,2026-01,강원지사,안인,INSPECTOR_15,EHS팀 선임,지사 주관,강원지사_ 안인,화재·폭발,화재,개선필요 [하],1.0,외부 소화기 관리 상태 미흡(훼손),즉시처리,설치·구조물,소화기 보관함 설치,완료,외부 소화기 관리 상태 미흡(훼손),소화기 보관함 설치,,1,1.0,직접판정,"소화기관리미흡, 낮음",
704,2026-01-19,2026-01,당진지사,당진지사,INSPECTOR_01,EHS팀 주임,지사 주관,당진지사,전도,전도,개선필요 [하],1.0,-유연탄 부두 내 결빙으로 인해 작업자 이동간 전도사고 위험,즉시처리,기타,제설기 사용하여 전 부두 염화칼슘 살포 완료,완료,-유연탄 부두 내 결빙으로 인해 작업자 이동간 전도사고 위험,제설기 사용하여 전 부두 염화칼슘 살포 완료,다수인원노출,1,2.0,키워드보정,,
705,2026-01-16,2026-01,전북지사,군산항 부두,INSPECTOR_04,EHS팀 책임,지사 주관,전북지사_ 군산항 부두,관리적미흡,관리적 미흡,개선필요 [하],1.0,원목 하역작업 중 데크 위에 이동하는 그랍스위치 조작원(항운노조)의 넘어짐과 인근 그라플 굴착기 스윙반경 접근 시 부딛힘의 위험이 있음 >> 그랍스위치 조작원(항운노조)은 선내 크레인 기둥의 난간부로 이동하여 안전하게 작업요함,즉시처리,설치·구조물,선내 크레인 하단 난간에 위치하여 그랍조종 실시,완료,"[군산항 7부두]
원목 하역작업 중 데크 위에 이동하는 그랍스위치 조작원(항운노조)의 넘어짐과 인근 그라플 굴착기 스윙반경 접근 시 부딛힘의 위험이 있음
>> 그랍스위치 조작원(항운노조)은 선내 크레인 기둥의 난간부로 이동하여 안전하게 작업요함",선내 크레인 하단 난간에 위치하여 그랍조종 실시,회전체·협착점인근,1,2.0,키워드보정,,
706,2026-01-16,2026-01,경인지사,의왕,INSPECTOR_03,EHS팀 주임,지사 주관,경인지사_ 의왕,충돌,충돌,개선필요 [하],1.0,"타사(천일정기화물)의 경우 해당 업체 소속 운전원의 편의를 위해 1군 게이트 진출입로 내에 위치한 함을 통해 컨테이너 씰을 주고받는 행위가 이루어지는 바, 씰을 전달하는 인원과 화물차와의 충돌 위험성이 높은 행위이므로 시정이 필요할 것으로 사료됨",즉시처리,기타,- 해당 업체(천일정기화물) 통보 및 재발방지 당부 - 씰 전달하는 인원 대상으로 게이트 진출입로를 활용한 씰 전달 금지 통보 - 해당 씰보관함 운영건물 1층으로 이동,진행(조치 후),"타사(천일정기화물)의 경우 해당 업체 소속 운전원의 편의를 위해 1군 게이트 진출입로 내에 위치한 함을 통해 컨테이너 씰을 주고받는 행위가 이루어지는 바, 씰을 전달하는 인원과 화물차와의 충돌 위험성이 높은 행위이므로 시정이 필요할 것으로 사료됨","- 해당 업체(천일정기화물) 통보 및 재발방지 당부
- 씰 전달하는 인원 대상으로 게이트 진출입로를 활용한 씰 전달 금지 통보
- 해당 씰보관함 운영건물 1층으로 이동",,0,1.0,키워드보정,,
707,2026-01-16,2026-01,강원지사,안인,INSPECTOR_15,EHS팀 선임,지사 주관,강원지사_ 안인,질식,질식,개선필요 [상],3.0,밀폐공간 출입 경고표지 부착 필요,즉시처리,기타,표지 부착 완료,완료,밀폐공간 출입 경고표지 부착 필요,표지 부착 완료,밀폐공간,2,4.0,키워드보정,,
708,2026-01-16,2026-01,강원지사,안인,INSPECTOR_15,EHS팀 선임,지사 주관,강원지사_ 안인,감전,감전,개선필요 [하],1.0,릴선 보호 덮개 설치 필요,즉시처리,설치·구조물,덮개 조치 완료,완료,릴선 보호 덮개 설치 필요,덮개 조치 완료,,0,1.0,키워드보정,,
709,2026-01-16,2026-01,강원지사,안인,INSPECTOR_15,EHS팀 선임,지사 주관,강원지사_ 안인,추락,추락,개선필요 [하],1.0,"슿,하강 사다리 미끄럼방지조치 훼손 보완 필요",즉시처리,기타,훼손 부분 보완 완료,완료,"슿,하강 사다리 미끄럼방지조치 훼손 보완 필요",훼손 부분 보완 완료,고소·상부작업,2,3.0,직접판정,승하강 사다리 미끄럼방지 훼손 → 기본1+가중2=3,
710,2026-01-16,2026-01,당진지사,당진지사,INSPECTOR_01,EHS팀 주임,지사 주관,당진지사,관리적미흡,관리적 미흡,개선필요 [하],1.0,석회석 CSU 소화기 점검 미흡(25년 11월 이후 점검 X),즉시처리,점검·확인,월별 소화기 점검 시 누락없이 점검하도록 전달 완료.,완료,석회석 CSU 소화기 점검 미흡(25년 11월 이후 점검 X),월별 소화기 점검 시 누락없이 점검하도록 전달 완료.,화기·인화물인근,1,2.0,키워드보정,,
711,2026-01-16,2026-01,당진지사,당진지사,INSPECTOR_07,EHS팀 선임,지사 주관,당진지사,관리적미흡,관리적 미흡,개선필요 [하],1.0,유연탄 부두 항운노조 환복실 앞 자전거 방치로 이동중 부딪힘 위험,즉시처리,기타,유연탄 부두 항운노조 환복실 앞 자전거 보관장소 이동 완료,완료,유연탄 부두 항운노조 환복실 앞 자전거 방치로 이동중 부딪힘 위험,유연탄 부두 항운노조 환복실 앞 자전거 보관장소 이동 완료,,0,1.0,키워드보정,,
712,2026-01-16,2026-01,경북지사,문덕,INSPECTOR_13,EHS팀 선임,지사 주관,경북지사_ 문덕,충돌,충돌,개선필요 [하],1.0,4톤 지게차 경광등 미점멸 상태로 작업(즉시 시정조치 요청),즉시처리,교육·지도,경광등 ON 실시 및 상시 경광등 ON 상태로 작업하도록 교육 실시,진행(조치 후),4톤 지게차 경광등 미점멸 상태로 작업(즉시 시정조치 요청),경광등 ON 실시 및 상시 경광등  ON 상태로 작업하도록 교육 실시,회전체·협착점인근,1,2.0,키워드보정,,
713,2026-01-15,2026-01,경인지사,안성 1센터,INSPECTOR_17,EHS팀 선임,지사 주관,경인지사_ 안성 1센터,감전,감전,개선필요 [하],1.0,지게차 충전기 전용 거치대에 보관 미흡,즉시처리,기타,지게차 충전기 전용 보관함에 거치 완료,완료,지게차 충전기 전용 거치대에 보관 미흡,지게차 충전기 전용 보관함에 거치 완료,충전부·고압인근,1,3.0,직접판정,지게차충전기 거치대보관미흡(충전부) → 기본1+가중2=3,
714,2026-01-15,2026-01,전북지사,군산항 부두,INSPECTOR_04,EHS팀 책임,지사 주관,전북지사_ 군산항 부두,충돌,충돌,개선필요 [하],1.0,1. 세방 창고 외부 작업자 투입에 따른 현장 안전작업 점검 실시 2. 현장 카고C/R 운영에 따른 주변 구획 설정 필요 3. 작업담당 관리감독자를 통해 라바콘 등 사용하여 카고C/R 주변 구획 설정 지도,즉시처리,설치·구조물,1. 카고C/R 주변 라바콘 설치 완료 2. 화물차량의 통행이 많은 구간으로 주의하여 작업 요청 3. 고소작업자에 대한 안전대 체결 및 고리체결 지도,완료,"[군산항 5부두]
1. 세방 창고 외부 작업자 투입에 따른 현장 안전작업 점검 실시
2. 현장 카고C/R 운영에 따른 주변 구획 설정 필요
3. 작업담당 관리감독자를 통해 라바콘 등 사용하여 카고C/R 주변 구획 설정 지도","1. 카고C/R 주변 라바콘 설치 완료
2. 화물차량의 통행이 많은 구간으로 주의하여 작업 요청
3. 고소작업자에 대한 안전대 체결 및 고리체결 지도",,0,1.0,키워드보정,,
715,2026-01-15,2026-01,경남지사,중량(해송),INSPECTOR_12,EHS팀 책임,지사 주관,경남지사_ 중량(해송),추락,추락,개선필요 [하],1.0,세방20001호 선박 윈치스테이션 부근에서 로프전달시 미끄러짐으로 인한 해상추락위험. 마끄럼방지 조치 필요,즉시처리,설치·구조물,"세방20001호 선박 윈치스테이션 부근 좌현, 우현 미끄럼방지 패드 설치 및 추락주의 표지 부착 * 미끄럼방지 패드 제고 부족, 추가구매 예정으로 추후 추락 위험성이 높은 부분에 추가로 설치 예정",완료,"세방20001호 선박 윈치스테이션 부근에서 로프전달시 미끄러짐으로 인한 해상추락위험.
마끄럼방지 조치 필요","세방20001호 선박 윈치스테이션 부근 좌현, 우현 미끄럼방지 패드 설치 및 추락주의 표지 부착

* 미끄럼방지 패드 제고 부족, 추가구매 예정으로 추후 추락 위험성이 높은 부분에 추가로 설치 예정",,0,2.0,직접판정,"선박 윈치스테이션 해상추락위험, 표미매칭이나 상향",
716,2026-01-15,2026-01,경남지사,중량(해송),INSPECTOR_12,EHS팀 책임,지사 주관,경남지사_ 중량(해송),관리적미흡,관리적 미흡,개선필요 [하],1.0,선원 거주공간 내부 정비 스프레이보관중. 선원 거주공간내부 위험물질보관 금지 조치 필요,즉시처리,제거·차단,선원거주공간 보관물질 등 제거 및 정리정돈 확인.,완료,"선원 거주공간 내부 정비 스프레이보관중.
선원 거주공간내부 위험물질보관 금지 조치 필요
",선원거주공간 보관물질 등 제거 및 정리정돈 확인.,,0,1.0,키워드보정,,
717,2026-01-15,2026-01,경남지사,중량(해송),INSPECTOR_12,EHS팀 책임,지사 주관,경남지사_ 중량(해송),기타,기타,개선필요 [하],1.0,선박기관실 내부 출입구 협소구간으로 이동간 머리 부딪힘위험. 주의표지 부착 필요.,즉시처리,교육·지도,기관실 입구 머리 부딪힘 주의 표지 부착완료,완료,"선박기관실 내부 출입구 협소구간으로 이동간 머리 부딪힘위험.
주의표지 부착 필요.",기관실 입구 머리 부딪힘 주의 표지 부착완료,다수인원노출,1,2.0,키워드보정,,
718,2026-01-15,2026-01,부산지사,양산,INSPECTOR_08,EHS팀 책임,지사 주관,부산지사_ 양산,전도,전도,개선필요 [하],1.0,배터리셀 보관 장소 전도 예방 조치 미흡,즉시처리,기타,배터리셀 보관함 제작 후 비치,완료,배터리셀 보관 장소 전도 예방 조치 미흡,배터리셀 보관함 제작 후 비치,,0,1.0,키워드보정,,
719,2026-01-15,2026-01,부산지사,우암,INSPECTOR_14,EHS팀 선임,지사 주관,부산지사_ 우암,화재·폭발,화재,개선필요 [하],1.0,텐트형 창고 내 소화기 관리 미흡 → 텐트형 창고 입구 소화기 비치함 설치하여 관리 필요,,미분류,,진행(조치 전),텐트형 창고 내 소화기 관리 미흡 → 텐트형 창고 입구 소화기 비치함 설치하여 관리 필요,,화기·인화물인근,1,2.0,키워드보정,,
720,2026-01-15,2026-01,부산지사,우암,INSPECTOR_14,EHS팀 선임,지사 주관,부산지사_ 우암,관리적미흡,관리적 미흡,개선필요 [하],1.0,협력업체가 사용하는 작업구역 정리정돈 및 소화기 미비치 등 관리 미흡 → 무단투기 금지 현수막 설치 및 소화기 비치 필요,즉시처리,기타,쓰레기 무단투기 금지 현수막 및 소화기 비치 완료,완료, 협력업체가 사용하는 작업구역 정리정돈 및 소화기 미비치 등 관리 미흡 → 무단투기 금지 현수막 설치 및 소화기 비치 필요,쓰레기 무단투기 금지 현수막 및 소화기 비치 완료,,1,1.0,직접판정,"정리정돈·소화기미비치, 낮음",
721,2026-01-15,2026-01,부산지사,우암,INSPECTOR_14,EHS팀 선임,지사 주관,부산지사_ 우암,관리적미흡,관리적 미흡,개선필요 [하],1.0,부산지사 우암센터 소방안전관리자 변경 → 소방안전관리자 현황표 수정 필요,즉시처리,설치·구조물,소방안전관리자 현황표 교체 완료,완료,부산지사 우암센터 소방안전관리자 변경 → 소방안전관리자 현황표 수정 필요,소방안전관리자 현황표 교체 완료,,0,1.0,키워드보정,,
722,2026-01-15,2026-01,당진지사,당진지사,INSPECTOR_01,EHS팀 주임,지사 주관,당진지사,관리적미흡,관리적 미흡,개선필요 [하],1.0,CSU F호기 최상부 SCREEN 부근 조명 점등 불량으로 야간 하역기 점검시 안전사고 위험,즉시처리,설치·구조물,정비 완료,완료,CSU F호기 최상부 SCREEN 부근 조명 점등 불량으로 야간 하역기 점검시 안전사고 위험,정비 완료,고소·상부작업,2,3.0,키워드보정,,
723,2026-01-15,2026-01,경북지사,문덕,INSPECTOR_13,EHS팀 선임,지사 주관,경북지사_ 문덕,화재·폭발,화재,개선필요 [하],1.0,소화전 앞 화물적재,즉시처리,미분류,,진행(조치 후),소화전 앞 화물적재,,,0,1.0,키워드보정,,
724,2026-01-15,2026-01,경북지사,문덕,INSPECTOR_13,EHS팀 선임,지사 주관,경북지사_ 문덕,충돌,충돌,개선필요 [하],1.0,문덕창고 분진청소차량 작업자 하차 시 안전모 미착용,즉시처리,교육·지도,즉시 상차 조치. 상차 후 안전모 착용관련 안전교육.,진행(조치 후),문덕창고 분진청소차량 작업자 하차 시 안전모 미착용,즉시 상차 조치. 상차 후 안전모 착용관련 안전교육.,,0,1.0,직접판정,"안전모미착용, 낮음",
725,2026-01-15,2026-01,부산지사,우암,INSPECTOR_14,EHS팀 선임,지사 주관,부산지사_ 우암,전도,전도,개선필요 [하],1.0,33t 지게차 포크 해체 시 포크 전도로 작업자 깔림 위험 → 포크가 전도되지 않도록 조치 필요,즉시처리,설치·구조물,33t 지게차 포크 탈착 시 고정장치 체결 후 작업하여 지게차 포크 전도 방지 완료,완료,33t 지게차 포크 해체 시 포크 전도로 작업자 깔림 위험 → 포크가 전도되지 않도록 조치 필요,33t 지게차 포크 탈착 시 고정장치 체결 후 작업하여 지게차 포크 전도 방지 완료,회전체·협착점인근,1,2.0,키워드보정,,
726,2026-01-14,2026-01,경인지사,의왕,INSPECTOR_03,EHS팀 주임,지사 주관,경인지사_ 의왕,관리적미흡,관리적 미흡,개선필요 [하],1.0,정비고 고압가스용기 저장소 측면 아세틸렌 용접 관련 안전수칙 표지 탈락,즉시처리,기타,아세틸렌 용접 관련 안전수칙 표지 재부착,진행(조치 후),정비고 고압가스용기 저장소 측면 아세틸렌 용접 관련 안전수칙 표지 탈락,아세틸렌 용접 관련 안전수칙 표지 재부착,"충전부·고압인근, 화기·인화물인근",2,3.0,키워드보정,,
727,2026-01-14,2026-01,강원지사,안인,INSPECTOR_15,EHS팀 선임,지사 주관,강원지사_ 안인,전도,전도,개선필요 [하],1.0,결빙 구간 안전조치 필요,즉시처리,기타,결빙 구간 염화칼슘 살포,완료,결빙 구간 안전조치 필요,결빙 구간 염화칼슘 살포,,0,1.0,키워드보정,,
728,2026-01-14,2026-01,당진지사,당진지사,INSPECTOR_07,EHS팀 선임,지사 주관,당진지사,기타,기타,개선필요 [하],1.0,유연탄 2부두 CSU C호기 주행레일 폐기물 방치,즉시처리,제거·차단,유연탄 2부두 CSU C호기 주행레일 폐기물 제거,완료,유연탄 2부두 CSU C호기 주행레일 폐기물 방치,유연탄 2부두 CSU C호기 주행레일 폐기물 제거,,0,1.0,직접판정,"폐기물방치, 낮음",
729,2026-01-14,2026-01,당진지사,당진지사,INSPECTOR_01,EHS팀 주임,지사 주관,당진지사,관리적미흡,관리적 미흡,개선필요 [하],1.0,유연탄 부두 내 가설건축물 분전함 감전주의 표지판 부착 미흡,즉시처리,교육·지도,감전주의 표지판 부착 완료,완료,유연탄 부두 내 가설건축물 분전함 감전주의 표지판 부착 미흡,감전주의 표지판 부착 완료,다수인원노출,1,2.0,키워드보정,,
730,2026-01-13,2026-01,경북지사,포항신항7부두,INSPECTOR_13,EHS팀 선임,지사 주관,경북지사_ 포항신항7부두,추락,추락,개선필요 [하],1.0,지게차 고리걸이 작업 시 톤백 상부에서 작업,즉시처리,교육·지도,지게차 BAG고리 걸이 작업 시 BAG상부에서 작업금지 교육. 반드시 바닥에서 고리걸이 작업을 하고 맨손으로 걸이작업 하지 않고 수공구 이용하여 작업하도록 지도.,진행(조치 후),지게차 고리걸이 작업 시 톤백 상부에서 작업,지게차 BAG고리 걸이 작업 시 BAG상부에서 작업금지 교육. 반드시 바닥에서 고리걸이 작업을 하고 맨손으로 걸이작업 하지 않고 수공구 이용하여 작업하도록 지도.,"고소·상부작업, 회전체·협착점인근",2,3.0,키워드보정,,
731,2026-01-13,2026-01,경북지사,포항신항7부두,INSPECTOR_13,EHS팀 선임,지사 주관,경북지사_ 포항신항7부두,추락,추락,개선필요 [하],1.0,갱웨이 설치상태 불량(미고정상태로 인해 통행 시 해상추락 위험),즉시처리,설치·구조물,갱웨이 고정조치 실시,진행(조치 후),갱웨이 설치상태 불량(미고정상태로 인해 통행 시 해상추락 위험),갱웨이 고정조치 실시,고소·상부작업,1,3.0,직접판정,갱웨이 미고정 해상추락위험 → 기본1+가중2=3,
732,2026-01-13,2026-01,강원지사,동해,INSPECTOR_02,EHS팀 사원,지사 주관,강원지사_ 동해,화재·폭발,화재,개선필요 [하],1.0,소화기 점검일지 교체 필요 → 2026년 버전 소화기 점검일지 교체 예정,즉시처리,설치·구조물,2026년 버전 소화기 점검일지 교체(소화기 사용방법 QR코드 포함) 및 소화기 점검 완료,완료,소화기 점검일지 교체 필요 → 2026년 버전 소화기 점검일지 교체 예정,[동해] 2026년 버전 소화기 점검일지 교체(소화기 사용방법 QR코드 포함) 및 소화기 점검 완료,,1,1.0,직접판정,"점검일지교체, 낮음",
733,2026-01-13,2026-01,강원지사,동해,INSPECTOR_02,EHS팀 사원,지사 주관,강원지사_ 동해,화재·폭발,화재,개선필요 [하],1.0,옥외소화전 도구함 명칭 수정 및 변경 필요 → 상하수도 소화설비용 도구함 교체예정,즉시처리,기타,상하수도 소화설비용 도구함 명칭 수정 완료,완료,옥외소화전 도구함 명칭 수정 및 변경 필요 → 상하수도 소화설비용 도구함 교체예정,[동해] 상하수도 소화설비용 도구함 명칭 수정 완료,,0,1.0,직접판정,"도구함명칭수정, 낮음",
734,2026-01-13,2026-01,강원지사,동해,INSPECTOR_02,EHS팀 사원,지사 주관,강원지사_ 동해,정리정돈,정리정돈,개선필요 [하],1.0,물류창고 입구 폐기물 확인 → 폐기물 정리 실시,즉시처리,제거·차단,물류창고 입구 폐기물 정리완료,완료,물류창고 입구 폐기물 확인 → 폐기물 정리 실시,[동해] 물류창고 입구 폐기물 정리완료,,0,1.0,키워드보정,,
735,2026-01-13,2026-01,강원지사,안인,INSPECTOR_15,EHS팀 선임,지사 주관,강원지사_ 안인,관리적미흡,관리적 미흡,개선필요 [중],2.0,접근금지 조치 필요 (시설물 설치 요청 : 스윙게이트),즉시처리,설치·구조물,접근금지용 시설물 설치 완료,완료,"접근금지 조치 필요
(시설물 설치 요청 : 스윙게이트)",접근금지용 시설물 설치 완료,,0,2.0,키워드보정,,
736,2026-01-13,2026-01,당진지사,당진지사,INSPECTOR_01,EHS팀 주임,지사 주관,당진지사,관리적미흡,관리적 미흡,개선필요 [하],1.0,당진지사 건물 내 2층->옥상 피난 유도등 점등 불량(기판손상),즉시처리,설치·구조물,유도등 구매 후 교체 완료,완료,당진지사 건물 내 2층->옥상 피난 유도등 점등 불량(기판손상),유도등 구매 후 교체 완료,,2,1.0,직접판정,"유도등 불량, 원등급 유지",
737,2026-01-12,2026-01,광양지사,하포일반부두,INSPECTOR_10,EHS팀 책임,지사 주관,광양지사_ 하포일반부두,기타,기타,개선필요 [하],1.0,훼손 안전/보건 표지 제거 필요,즉시처리,제거·차단,훼손 안전/보건 표지 제거,완료,훼손 안전/보건 표지 제거 필요,훼손 안전/보건 표지 제거,,0,1.0,키워드보정,,
738,2026-01-12,2026-01,경인지사,의왕,INSPECTOR_03,EHS팀 주임,지사 주관,경인지사_ 의왕,관리적미흡,관리적 미흡,개선필요 [하],1.0,CY운영건물 측면 제설함을 구비하였으나 염화칼슘 미보관한 상태,즉시처리,기타,제설함 내 염화칼슘 보관 조치,진행(조치 후),CY운영건물 측면 제설함을 구비하였으나 염화칼슘 미보관한 상태,제설함 내 염화칼슘 보관 조치,,0,1.0,키워드보정,,
739,2026-01-12,2026-01,경인지사,의왕,INSPECTOR_03,EHS팀 주임,지사 주관,경인지사_ 의왕,화재·폭발,화재,개선필요 [하],1.0,제작한 불연성 전동지게차 충전기함을 즉각 설치하여 주변 화물 및 벽체에 화재 확산을 방지할 필요가 있음,즉시처리,설치·구조물,CFS식품보세창고 불연성 전동지게차 충전기함 2기 설치 완료,진행(조치 후),제작한 불연성 전동지게차 충전기함을 즉각 설치하여 주변 화물 및 벽체에 화재 확산을 방지할 필요가 있음,CFS식품보세창고 불연성 전동지게차 충전기함 2기 설치 완료,회전체·협착점인근,1,2.0,키워드보정,,
740,2026-01-12,2026-01,경인지사,의왕,INSPECTOR_03,EHS팀 주임,지사 주관,경인지사_ 의왕,화재·폭발,화재,개선필요 [하],1.0,(의왕CFS 전지보세창고)불연성 전동지게차 충전기함을 제작했으나 설치가 진행되지 않아 화재 시 주변 화물 및 벽체에 화재 우려가 있는 바 설치 작업 진행 요함,즉시처리,설치·구조물,"CFS전지보세창고 불연성 전동지게차 충전기함 1기 설치 완료(전력케이블 연결 작업 시 정전작업 허가 절차 준수, 작업 완료 확인)",진행(조치 후),(의왕CFS 전지보세창고)불연성 전동지게차 충전기함을 제작했으나 설치가 진행되지 않아 화재 시 주변 화물 및 벽체에 화재 우려가 있는 바 설치 작업 진행 요함,"CFS전지보세창고 불연성 전동지게차 충전기함 1기 설치 완료(전력케이블 연결 작업 시 정전작업 허가 절차 준수, 작업 완료 확인)",충전부·고압인근,1,3.0,직접판정,전동지게차충전기함 미설치(충전부) → 기본1+가중2=3,
741,2026-01-12,2026-01,경남지사,마산항,INSPECTOR_12,EHS팀 책임,지사 주관,경남지사_ 마산항,전도,전도,개선필요 [하],1.0,운전원 휴게실입구 철판 이동간 미끄러짐으로 인한 전도 위험,즉시처리,기타,미끄럼방지 패드 부착 조치함,완료,운전원 휴게실입구 철판 이동간 미끄러짐으로 인한 전도 위험,미끄럼방지 패드 부착 조치함,,1,1.0,직접판정,"철판미끄러짐, 낮음",
742,2026-01-12,2026-01,강원지사,안인,INSPECTOR_15,EHS팀 선임,지사 주관,강원지사_ 안인,전도,전도,개선필요 [하],1.0,작업 및 이동구간 결빙현상,즉시처리,기타,염화칼슘 살포,완료,작업 및 이동구간 결빙현상 ,염화칼슘 살포,,0,1.0,키워드보정,,
743,2026-01-12,2026-01,경북지사,영일만,INSPECTOR_13,EHS팀 선임,지사 주관,경북지사_ 영일만,전도,전도,개선필요 [하],1.0,피난로 앞 화물적재 실시,즉시처리,기타,피난로앞 화물적재 금지조치 요청 및 즉시 피난로 확보 실시,진행(조치 후),피난로 앞 화물적재 실시,피난로앞 화물적재 금지조치 요청 및 즉시 피난로 확보 실시,,0,1.0,키워드보정,,
744,2026-01-09,2026-01,광양지사,LME/공컨장치장,INSPECTOR_10,EHS팀 책임,지사 주관,광양지사_ LME/공컨장치장,충돌,충돌,개선필요 [하],1.0,(물류운영1팀-LME창고동/공컨장치장) LME 창고동 - 공컨 장치장 출입구 차단봉이 상시 개방된 상태 확인. 작업과 무관한 차량 및 작업차량의 무분별한 출입으로 인해 하역운반기계–차량–작업자 간 충돌사고 위험 존재.,즉시처리,제거·차단,"LME 창고동–공컨 장치장 출입구 차단봉을 즉시 정상 위치로 복구하고, 작업 목적 외 차량의 출입을 제한함.",완료,"(물류운영1팀-LME창고동/공컨장치장)
LME 창고동 - 공컨 장치장 출입구 차단봉이 상시 개방된 상태 확인. 
작업과 무관한 차량 및 작업차량의 무분별한 출입으로 인해 하역운반기계–차량–작업자 간 충돌사고 위험 존재.","LME 창고동–공컨 장치장 출입구 차단봉을 즉시 정상 위치로 복구하고, 작업 목적 외 차량의 출입을 제한함.
",,0,1.0,키워드보정,,
745,2026-01-09,2026-01,부산지사,양산,INSPECTOR_08,EHS팀 책임,지사 주관,부산지사_ 양산,화재·폭발,화재,개선필요 [하],1.0,콘센트 외부 노출로 먼지 쌓임으로 사용시 화재 위험 - 미사용 콘센트일 경우 청소 후 캡 설치 필요,즉시처리,설치·구조물,미사용 콘센트 캡 설치,완료,콘센트 외부 노출로 먼지 쌓임으로 사용시 화재 위험 - 미사용 콘센트일 경우 청소 후 캡 설치 필요,미사용 콘센트 캡 설치,충전부·고압인근,0,3.0,직접판정,콘센트 노출 화재위험(충전부) → 기본1+가중2=3,
746,2026-01-09,2026-01,강원지사,안인,INSPECTOR_15,EHS팀 선임,지사 주관,강원지사_ 안인,화재·폭발,화재,개선필요 [하],1.0,가설건축물 내 화재 발생 위험,즉시처리,기타,화재 방지 스티커 부착,완료,가설건축물 내 화재 발생 위험,화재 방지 스티커 부착,,0,1.0,키워드보정,,
747,2026-01-09,2026-01,강원지사,안인,INSPECTOR_15,EHS팀 선임,지사 주관,강원지사_ 안인,추락,추락,개선필요 [하],1.0,경고 표지판 부착 필요,즉시처리,교육·지도,경고 표지판 부착 실시,완료,경고 표지판 부착 필요,경고 표지판 부착 실시,,0,1.0,직접판정,"표지판부착, 낮음",
748,2026-01-09,2026-01,강원지사,안인,INSPECTOR_15,EHS팀 선임,지사 주관,강원지사_ 안인,관리적미흡,관리적 미흡,개선필요 [하],1.0,스톱앙카 고정용 체인블럭 교체 필요(훼손),즉시처리,설치·구조물,체인블럭 교체,완료,스톱앙카 고정용 체인블럭 교체 필요(훼손),체인블럭 교체,,0,1.0,직접판정,"체인블럭교체, 낮음",
749,2026-01-09,2026-01,강원지사,안인,INSPECTOR_15,EHS팀 선임,지사 주관,강원지사_ 안인,낙하·비래·붕괴,낙하ㆍ붕괴,개선필요 [하],1.0,LED 등 낙하위험,즉시처리,설치·구조물,LED등 커버설치,완료,LED 등 낙하위험,LED등 커버설치,,0,1.0,키워드보정,,
750,2026-01-09,2026-01,강원지사,안인,INSPECTOR_15,EHS팀 선임,지사 주관,강원지사_ 안인,화재·폭발,화재,개선필요 [하],1.0,화재 발생시 구조용품 설치 필요,즉시처리,설치·구조물,방염 손수건 설치 완료.,완료,화재 발생시 구조용품 설치 필요,방염 손수건 설치 완료.,,0,1.0,키워드보정,,
751,2026-01-09,2026-01,강원지사,안인,INSPECTOR_15,EHS팀 선임,지사 주관,강원지사_ 안인,화재·폭발,화재,개선필요 [하],1.0,화재감지 오작동 지속발생,즉시처리,설치·구조물,소방업체 의뢰 및 긴급 방문을 통한 열감지기 → 연기감지기 교체 설치,완료,화재감지 오작동 지속발생,소방업체 의뢰 및 긴급 방문을 통한 열감지기 → 연기감지기 교체 설치,,0,1.0,키워드보정,,
752,2026-01-09,2026-01,강원지사,안인,INSPECTOR_15,EHS팀 선임,지사 주관,강원지사_ 안인,기타,기타,개선필요 [하],1.0,동절기 대비 한랭질환 예방 필요,즉시처리,설치·구조물,휴게실 장판 설치완료 및 척추온열의료기기 설치(01. 06 ~ 01.09) 완료,완료,동절기 대비 한랭질환 예방 필요,휴게실 장판 설치완료 및 척추온열의료기기 설치(01. 06 ~ 01.09) 완료,,0,1.0,직접판정,"한랭질환예방, 낮음",
753,2026-01-09,2026-01,당진지사,당진지사,INSPECTOR_01,EHS팀 주임,지사 주관,당진지사,전도,전도,개선필요 [하],1.0,유연탄 2부두 본선 이동용 사다리 핸드레일 설치 불량 및 전도사고 위험,즉시처리,설치·구조물,본선 요청하여 이동용사다리 교체 진행 완료,완료,유연탄 2부두 본선 이동용 사다리 핸드레일 설치 불량 및 전도사고 위험,본선 요청하여 이동용사다리 교체 진행 완료,고소·상부작업,2,3.0,직접판정,본선 이동용 사다리 핸드레일불량 → 기본1+가중2=3,
754,2026-01-09,2026-01,경북지사,문덕,INSPECTOR_13,EHS팀 선임,지사 주관,경북지사_ 문덕,화재·폭발,화재,개선필요 [하],1.0,소화전 앞 화물적재에 따른 비상시 소방활동 불가,즉시처리,기타,소화전 앞 적재방지를 위한 적재방지선 표기 실시,진행(조치 후),소화전 앞 화물적재에 따른 비상시 소방활동 불가,소화전 앞 적재방지를 위한 적재방지선 표기 실시,,0,1.0,키워드보정,,
755,2026-01-08,2026-01,경남지사,중량(육송),INSPECTOR_12,EHS팀 책임,지사 주관,경남지사_ 중량(육송),관리적미흡,관리적 미흡,개선필요 [하],1.0,포터 비치 된 자동차 겸용 소화기 압력 부족으로 인한 교체 필요,즉시처리,설치·구조물,해당 차량의 자동차 겸용 소화기 교체 완료,완료,포터 비치 된 자동차 겸용 소화기 압력 부족으로 인한 교체 필요,해당 차량의 자동차 겸용 소화기 교체 완료 ,화기·인화물인근,1,2.0,키워드보정,,
756,2026-01-08,2026-01,부산지사,감천,INSPECTOR_08,EHS팀 책임,지사 주관,부산지사_ 감천,관리적미흡,관리적 미흡,개선필요 [하],1.0,사업장 속도제한 기준과 창고 내 속도제한 표지판이 상이하므로 변경 조치 필요,즉시처리,기타,속도표지 수정하여 사업장내 제한속도 일치,완료,사업장 속도제한 기준과 창고 내 속도제한 표지판이 상이하므로 변경 조치 필요,속도표지 수정하여 사업장내 제한속도 일치 ,,0,1.0,키워드보정,,
757,2026-01-08,2026-01,부산지사,감천,INSPECTOR_14,EHS팀 선임,지사 주관,부산지사_ 감천,전도,전도,개선필요 [하],1.0,"잉고트 보관구역 주변 전도주의, 접근금지 등 안전문구 미흡 → 윈드배너 설치 필요",즉시처리,설치·구조물,화물 주변 윈드배너 설치 완료,완료,"잉고트 보관구역 주변 전도주의, 접근금지 등 안전문구 미흡 → 윈드배너 설치 필요",화물 주변 윈드배너 설치 완료,,0,1.0,키워드보정,,
758,2026-01-08,2026-01,강원지사,삼척,INSPECTOR_02,EHS팀 사원,지사 주관,강원지사_ 삼척,추락,추락,개선필요 [하],1.0,부두 안전난간부 추락 위험 예방을 위한 안전표지 일부 파손으로 인한 안전표지 탈락 → 재고정 및 부착 실시,즉시처리,설치·구조물,부두 안전난간부 추락 위험 예방을 위한 안전표지 재고정 및 부착 완료,완료,부두 안전난간부 추락 위험 예방을 위한 안전표지 일부 파손으로 인한 안전표지 탈락 → 재고정 및 부착 실시,[삼척] 부두 안전난간부 추락 위험 예방을 위한 안전표지 재고정 및 부착 완료,,0,1.0,키워드보정,,
759,2026-01-08,2026-01,당진지사,당진지사,INSPECTOR_07,EHS팀 선임,지사 주관,당진지사,기타,기타,개선필요 [중],2.0,석회석 부두 하역작업 후 CSU 출입문 미시건,즉시처리,기타,석회석 부두 하역작업 후 CSU 출입문 시건 조치,완료,석회석 부두 하역작업 후 CSU 출입문 미시건,석회석 부두 하역작업 후 CSU 출입문 시건 조치,,0,2.0,키워드보정,,
760,2026-01-08,2026-01,경북지사,포스코 내,INSPECTOR_13,EHS팀 선임,지사 주관,경북지사_ 포스코 내,기타,온습도,개선필요 [하],1.0,작업자 휴게장소가 없어 겨울철 대기 시 한랭질환 위험,즉시처리,설치·구조물,이동식 방풍 캐노피 설치 및 작업자 대기(한랭질환 예방),진행(조치 후),작업자 휴게장소가 없어 겨울철 대기 시 한랭질환 위험,이동식 방풍 캐노피 설치 및 작업자 대기(한랭질환 예방),,0,1.0,키워드보정,,
761,2026-01-08,2026-01,경북지사,포스코 내,INSPECTOR_13,EHS팀 선임,지사 주관,경북지사_ 포스코 내,충돌,충돌,개선필요 [하],1.0,S야드 내부 바닥 패임에 의한 물고임 발생. 겨울철 동결에 의해 미끄러짐에 의한 중장비 충돌사고 위험 존재.,중장기(계획),기타,"협의체회의를 통해 지속적으로 S야드 하부 바닥패임에 의해 작업 중 지게차 전도위험 및 물고임/동결 시 지게차 미끄러짐에 의한 충돌사고 관련하여 위험성 언급하여, 포스코에서 시설 개선 조치하도록 요청계획.",진행(조치 후),S야드 내부 바닥 패임에 의한 물고임 발생. 겨울철 동결에 의해 미끄러짐에 의한 중장비 충돌사고 위험 존재.,"협의체회의를 통해 지속적으로 S야드 하부 바닥패임에 의해 작업 중 지게차 전도위험 및 물고임/동결 시 지게차 미끄러짐에 의한 충돌사고 관련하여 위험성 언급하여, 포스코에서 시설 개선 조치하도록 요청계획.",,0,1.0,키워드보정,,
762,2026-01-07,2026-01,목포지사,대불부두,INSPECTOR_16,EHS팀 선임,지사 주관,목포지사_ 대불부두,추락,추락,개선필요 [하],1.0,현문사다리 스텐샤 소켓 탈락부 보수 필요 기존 용접 보수방식 진행 했으나 잦은 탈락 발생으로 보수방식 변경 필요,즉시처리,설치·구조물,▣ 현문사다리 스텐샤&소켓 보수 완료 1. 기존 보수 방법 : 스텐샤&소켓 주 탈락부 용접 보수 진행 2. 변경 보수 방법 : 프레임 - 소켓 - 스텐샤 일체 고정 방식 보수 진행 (드릴 및 탭 작업 후 볼트-너트 결합) ＊사유: 현문사다리 배치 시 크레인으로 권상하여 배치 하는 작업이 있는데 국부하중 발생 하는 부위 지속 탈락 발생,완료,"현문사다리 스텐샤 소켓 탈락부 보수 필요

기존 용접 보수방식 진행 했으나 잦은 탈락 발생으로 보수방식 변경 필요 ","[대불부두]
▣ 현문사다리 스텐샤&소켓 보수 완료
1. 기존 보수 방법 : 스텐샤&소켓 주 탈락부 용접 보수 진행
2. 변경 보수 방법 : 프레임 - 소켓 - 스텐샤 일체 고정 방식 보수 진행 (드릴 및 탭 작업 후 볼트-너트 결합)
＊사유: 현문사다리 배치 시 크레인으로 권상하여 배치 하는 작업이 있는데 국부하중 발생 하는 부위 지속 탈락 발생",고소·상부작업,2,3.0,직접판정,현문사다리 소켓탈락 → 기본1+가중2=3,
763,2026-01-07,2026-01,부산지사,용당,INSPECTOR_14,EHS팀 선임,지사 주관,부산지사_ 용당,충돌,충돌,개선필요 [하],1.0,잉고트 보관구역 기둥 시인성 부족 → 테이핑 등 시인성 강화 필요,즉시처리,기타,기둥 테이핑으로 시인성 강화 완료,완료,잉고트 보관구역 기둥 시인성 부족 → 테이핑 등 시인성 강화 필요,기둥 테이핑으로 시인성 강화 완료,,0,1.0,키워드보정,,
764,2026-01-07,2026-01,강원지사,동해,INSPECTOR_02,EHS팀 사원,지사 주관,강원지사_ 동해,기타,기타,개선필요 [중],2.0,"창고 LED 전등 조작 스위치의 표시 및 차량 충돌, 흡연으로 인한 화재 위험 인식을 위한 개선 필요 → 창고 LED 전등 조작함 외부 스위치 표시 및 안전수칙을 포함한 안전보건 게시물 제작 및 부착 예정",즉시처리,기타,창고 LED 전등 조작함 외부 스위치 표시 및 안전수칙을 포함한 안전보건 게시물 부착완료,완료,"창고 LED 전등 조작 스위치의 표시 및 차량 충돌, 흡연으로 인한 화재 위험 인식을 위한 개선 필요
 → 창고 LED 전등 조작함 외부 스위치 표시 및 안전수칙을 포함한 안전보건 게시물 제작 및 부착 예정",[동해] 창고 LED 전등 조작함 외부 스위치 표시 및 안전수칙을 포함한 안전보건 게시물 부착완료,,0,2.0,키워드보정,,
765,2026-01-07,2026-01,강원지사,안인,INSPECTOR_15,EHS팀 선임,지사 주관,강원지사_ 안인,관리적미흡,관리적 미흡,개선필요 [하],1.0,가설건축물 점검표 부착 필요,즉시처리,점검·확인,가설건축물(휴게시설) 점검 진행 중,완료,가설건축물 점검표 부착 필요,"가설건축물(휴게시설) 점검 진행 중
",,0,1.0,키워드보정,,
766,2026-01-07,2026-01,당진지사,당진지사,INSPECTOR_01,EHS팀 주임,지사 주관,당진지사,기타,기타,개선필요 [하],1.0,유연탄 3부두 CSU GANTRY CON'V 방호울 거치상태 불량,즉시처리,설치·구조물,방호울 거치 완료 및 정비부서 내용 전달예정,완료,유연탄 3부두 CSU GANTRY CON'V 방호울 거치상태 불량,방호울 거치 완료 및 정비부서 내용 전달예정,회전체·협착점인근,1,2.0,키워드보정,,
767,2026-01-06,2026-01,경인지사,안성 1센터,INSPECTOR_17,EHS팀 선임,지사 주관,경인지사_ 안성 1센터,기타,기타,개선필요 [하],1.0,수도권 1물류센터 피난문 지장물(에어컴프레셔) 간섭 -> 지장물 이동조치 필오,즉시처리,기타,피난문 정면 지장물(에어컴프레셔) 이동조치 완료,완료,수도권 1물류센터 피난문 지장물(에어컴프레셔) 간섭 -> 지장물 이동조치 필오,피난문 정면 지장물(에어컴프레셔) 이동조치 완료,,0,1.0,키워드보정,,
768,2026-01-06,2026-01,목포지사,대불부두,INSPECTOR_16,EHS팀 선임,지사 주관,목포지사_ 대불부두,충돌,충돌,개선필요 [하],1.0,블레이드 화물 주변 접근통제 실시,즉시처리,기타,블레이드 화물 보관장소 공간 구획 완료,완료,블레이드 화물 주변 접근통제 실시,"[대불부두]
블레이드 화물 보관장소 공간 구획 완료",,0,1.0,직접판정,"접근통제, 낮음",
769,2026-01-06,2026-01,광양지사,하포일반부두,INSPECTOR_05,EHS팀 주임,지사 주관,광양지사_ 하포일반부두,충돌,충돌,개선필요 [중],2.0,H-BEAM 야적 작업 시 하차 시 화물이 예기치 않게 회전/ 밀릴 경우 화물 낙하로 인한 충돌 위험 존재 근로자 통제조치 필요,즉시처리,제거·차단,- 하차 작업 시 작업지휘자 및 신호수를 지정 구역에 배치하여 작업자 출입을 엄격히 통제하고 장비와의 안전 거리를 확보하는 등 하역 작업 안전 조치를 완료,완료,H-BEAM 야적 작업 시 하차 시 화물이 예기치 않게 회전/ 밀릴 경우 화물 낙하로 인한 충돌 위험 존재 근로자 통제조치 필요,- 하차 작업 시 작업지휘자 및 신호수를 지정 구역에 배치하여 작업자 출입을 엄격히 통제하고 장비와의 안전 거리를 확보하는 등 하역 작업 안전 조치를 완료,,0,2.0,키워드보정,,
770,2026-01-06,2026-01,광양지사,하포일반부두,INSPECTOR_05,EHS팀 주임,지사 주관,광양지사_ 하포일반부두,추락,추락,개선필요 [중],2.0,ESS 컨테이너 복포 작업 시 추락 재해 예방 필요,중장기(계획),기타,1. ESS 컨테이너 복포 작업 시 이동식 추락방지대 사용을 원칙으로 하여 추락 재해 예방 2. 공간이 협소하여 이동식 추락방지대 사용을 할 수 없는 상황에서는 작업발판대를 사용하여 추락 재해 예방,완료,ESS 컨테이너 복포 작업 시 추락 재해 예방 필요,"1. ESS 컨테이너 복포 작업 시 이동식 추락방지대 사용을 원칙으로 하여 추락 재해 예방
2. 공간이 협소하여 이동식 추락방지대 사용을 할 수 없는 상황에서는 작업발판대를 사용하여 추락 재해 예방",,0,2.0,키워드보정,,
771,2026-01-06,2026-01,강원지사,동해,INSPECTOR_02,EHS팀 사원,지사 주관,강원지사_ 동해,화재·폭발,화재,개선필요 [하],1.0,물류창고 내 흡연으로 인한 화재 위험 예방을 위한 CCTV 설치 필요,즉시처리,설치·구조물,물류창고 내 흡연으로 인한 화재 위험 예방을 위한 창고 내부 추가 CCTV 설치 완료,완료,물류창고 내 흡연으로 인한 화재 위험 예방을 위한 CCTV 설치 필요,[동해] 물류창고 내 흡연으로 인한 화재 위험 예방을 위한 창고 내부 추가 CCTV 설치 완료,화기·인화물인근,0,2.0,직접판정,창고흡연(화기) → 기본1+가중1=2,
772,2026-01-06,2026-01,강원지사,동해,INSPECTOR_02,EHS팀 사원,지사 주관,강원지사_ 동해,화재·폭발,화재,개선필요 [하],1.0,강원지사 사무동 내 화재 시 연기 흡입 방지를 위한 화재예방 조치 필요,즉시처리,설치·구조물,강원지사 사무동 내 화재 시 연기 흡입 방지를 위한 화재 대피용 구조 손수건 설치 완료,완료,강원지사 사무동 내 화재 시 연기 흡입 방지를 위한 화재예방 조치 필요,[동해] 강원지사 사무동 내 화재 시 연기 흡입 방지를 위한 화재 대피용 구조 손수건 설치 완료,,0,1.0,키워드보정,,
773,2026-01-06,2026-01,강원지사,안인,INSPECTOR_15,EHS팀 선임,지사 주관,강원지사_ 안인,화재·폭발,화재,개선필요 [하],1.0,가설건축물 내 화재 발생 위험,즉시처리,기타,사용 X 플러그 해체,완료,가설건축물 내 화재 발생 위험,사용 X 플러그 해체,,0,1.0,직접판정,"구체정보 부족, 원등급 유지",
774,2026-01-06,2026-01,강원지사,안인,INSPECTOR_15,EHS팀 선임,지사 주관,강원지사_ 안인,화재·폭발,화재,개선필요 [하],1.0,가설건축물 내 화재 발생 위험,즉시처리,점검·확인,냉난방기 OFF 실시 수시 확인,완료,가설건축물 내 화재 발생 위험,"냉난방기 OFF 실시
수시 확인",,0,1.0,키워드보정,,
775,2026-01-06,2026-01,경북지사,문덕,INSPECTOR_13,EHS팀 선임,지사 주관,경북지사_ 문덕,기타,환경,개선필요 [하],1.0,창고 내부 거미줄 제거 조치 필요,즉시처리,제거·차단,거미줄제거 조치 실시,진행(조치 후),창고 내부 거미줄 제거 조치 필요,거미줄제거 조치 실시,,0,1.0,키워드보정,,
776,2026-01-06,2026-01,경북지사,문덕,INSPECTOR_13,EHS팀 선임,지사 주관,경북지사_ 문덕,충돌,충돌,개선필요 [하],1.0,협소공간 작업 시 관리감독자 현장 상주 및 감독 실시,즉시처리,기타,관리감독자 상주 및 작업감독,진행(조치 후),협소공간 작업 시 관리감독자 현장 상주 및 감독 실시,관리감독자 상주 및 작업감독,,0,1.0,키워드보정,,
777,2026-01-06,2026-01,경북지사,문덕,INSPECTOR_13,EHS팀 선임,지사 주관,경북지사_ 문덕,정리정돈,정리정돈,개선필요 [하],1.0,사용중인 락카를 바닥에 두어 중장비가 밟을 위험 존재,즉시처리,교육·지도,"락카 사용 중, 후 반드시 지정된 락카보관함, 유류보관함에 보관하도록 교육조치",진행(조치 후),사용중인 락카를 바닥에 두어 중장비가 밟을 위험 존재,"락카 사용 중, 후 반드시 지정된 락카보관함, 유류보관함에 보관하도록 교육조치",,0,1.0,키워드보정,,
778,2026-01-05,2026-01,전북지사,군장신항만,INSPECTOR_04,EHS팀 책임,지사 주관,전북지사_ 군장신항만,화재·폭발,화재,개선필요 [하],1.0,1. 소다회 창고 내 파렛트 및 톤백의 적치 위치 부적합 2. 소화전 인근에 화물을 적치하여 화재 등의 비상시 사용할 수 없는 상황임 3. 소화전 인근의 파렛트 및 톤백을 이적하여 소화전을 언제든 사용가능하도록 조치 필요,즉시처리,기타,1. 소화전 인근 파렛트 및 톤백 이적 완료 2. 소다회 창고 담당자는 자재 및 화물에 대해서 소화전 인근에 적치되지 않도록 관리,완료,"[7부두 군장신한만 소다회창고]
1. 소다회 창고 내 파렛트 및 톤백의 적치 위치 부적합
2. 소화전 인근에 화물을 적치하여 화재 등의 비상시 사용할 수 없는 상황임
3. 소화전 인근의 파렛트 및 톤백을 이적하여 소화전을 언제든 사용가능하도록 조치 필요","1. 소화전 인근 파렛트 및 톤백 이적 완료
2. 소다회 창고 담당자는 자재 및 화물에 대해서 소화전 인근에 적치되지 않도록 관리",,0,1.0,키워드보정,,
779,2026-01-05,2026-01,부산지사,감천,INSPECTOR_08,EHS팀 책임,지사 주관,부산지사_ 감천,감전,감전,개선필요 [하],1.0,창고 내 분전함 도어 고장 -> 교체 또는 수리 등 조치 필요,즉시처리,기타,분전함 도어 고장부분 수리하여 조치 완료,완료,창고 내 분전함 도어 고장 -> 교체 또는 수리 등 조치 필요,분전함 도어 고장부분 수리하여 조치 완료,,0,1.0,키워드보정,,
780,2026-01-05,2026-01,부산지사,우암,INSPECTOR_14,EHS팀 선임,지사 주관,부산지사_ 우암,충돌,충돌,개선필요 [하],1.0,작업장 내 속도제한 표지 노후화 → 신규 부착 필요,즉시처리,기타,속도제한 스티커 신규 부착 완료,완료,작업장 내 속도제한 표지 노후화 → 신규 부착 필요,속도제한 스티커 신규 부착 완료,,0,1.0,키워드보정,,
781,2026-01-05,2026-01,당진지사,당진지사,INSPECTOR_01,EHS팀 주임,지사 주관,당진지사,기타,기타,개선필요 [하],1.0,유연탄 부두 내 결빙으로 인해 근로자 이동간 전도사고 위험,즉시처리,기타,결빙구간 염화칼슘 살포,완료,유연탄 부두 내 결빙으로 인해 근로자 이동간 전도사고 위험,결빙구간 염화칼슘 살포,다수인원노출,1,2.0,키워드보정,,
782,2026-01-02,2026-01,경인지사,의왕,INSPECTOR_03,EHS팀 주임,지사 주관,경인지사_ 의왕,전도,전도,개선필요 [하],1.0,"의왕CFS 보세창고 측면부 파레트 적재상태 불량(외줄적재, 적재단수 통일 미흡 등)",즉시처리,기타,파레트 종류 및 단수 통일을 통한 전도 방지 조치,완료,"의왕CFS 보세창고 측면부 파레트 적재상태 불량(외줄적재, 적재단수 통일 미흡 등)",파레트 종류 및 단수 통일을 통한 전도 방지 조치,,0,1.0,키워드보정,,
783,2026-01-02,2026-01,경인지사,의왕,INSPECTOR_03,EHS팀 주임,지사 주관,경인지사_ 의왕,관리적미흡,관리적 미흡,개선필요 [하],1.0,전기차 충전기 사용 관련 표지 노후화 및 탈락에 따른 사용법 및 대응요령 인지 미흡,즉시처리,설치·구조물,전기차 충전기 사용방법 및 주의사항 표지 교체 부착,완료,전기차 충전기 사용 관련 표지 노후화 및 탈락에 따른 사용법 및 대응요령 인지 미흡,전기차 충전기 사용방법 및 주의사항 표지 교체 부착,,0,1.0,키워드보정,,
784,,NaT,경북지사,,INSPECTOR_13,EHS팀 선임,,,,,,,,,미분류,,진행(조치 전),,,,0,1.0,키워드보정,,
